OBJECTID,ZIPCODE,Shape_Length,Shape_Area,centroid_lat,centroid_lon,nearest_facility_any_id,nearest_facility_any_name,nearest_facility_any_distance_km,nearest_facility_any_distance_miles,count_any_within_1km,count_any_within_5km,count_any_within_10km,count_any_within_15km,count_any_within_25km,count_any_within_1mi,count_any_within_3mi,count_any_within_5mi,count_any_within_10mi,count_any_within_15mi,nearest_facility_otp_id,nearest_facility_otp_name,nearest_facility_otp_distance_km,nearest_facility_otp_distance_miles,count_otp_within_1km,count_otp_within_5km,count_otp_within_10km,count_otp_within_15km,count_otp_within_25km,count_otp_within_1mi,count_otp_within_3mi,count_otp_within_5mi,count_otp_within_10mi,count_otp_within_15mi,nearest_facility_mat_id,nearest_facility_mat_name,nearest_facility_mat_distance_km,nearest_facility_mat_distance_miles,count_mat_within_1km,count_mat_within_5km,count_mat_within_10km,count_mat_within_15km,count_mat_within_25km,count_mat_within_1mi,count_mat_within_3mi,count_mat_within_5mi,count_mat_within_10mi,count_mat_within_15mi,nearest_facility_residential_id,nearest_facility_residential_name,nearest_facility_residential_distance_km,nearest_facility_residential_distance_miles,count_residential_within_1km,count_residential_within_5km,count_residential_within_10km,count_residential_within_15km,count_residential_within_25km,count_residential_within_1mi,count_residential_within_3mi,count_residential_within_5mi,count_residential_within_10mi,count_residential_within_15mi,nearest_facility_outpatient_id,nearest_facility_outpatient_name,nearest_facility_outpatient_distance_km,nearest_facility_outpatient_distance_miles,count_outpatient_within_1km,count_outpatient_within_5km,count_outpatient_within_10km,count_outpatient_within_15km,count_outpatient_within_25km,count_outpatient_within_1mi,count_outpatient_within_3mi,count_outpatient_within_5mi,count_outpatient_within_10mi,count_outpatient_within_15mi,nearest_facility_iop_id,nearest_facility_iop_name,nearest_facility_iop_distance_km,nearest_facility_iop_distance_miles,count_iop_within_1km,count_iop_within_5km,count_iop_within_10km,count_iop_within_15km,count_iop_within_25km,count_iop_within_1mi,count_iop_within_3mi,count_iop_within_5mi,count_iop_within_10mi,count_iop_within_15mi,nearest_facility_withdrawal_mgmt_id,nearest_facility_withdrawal_mgmt_name,nearest_facility_withdrawal_mgmt_distance_km,nearest_facility_withdrawal_mgmt_distance_miles,count_withdrawal_mgmt_within_1km,count_withdrawal_mgmt_within_5km,count_withdrawal_mgmt_within_10km,count_withdrawal_mgmt_within_15km,count_withdrawal_mgmt_within_25km,count_withdrawal_mgmt_within_1mi,count_withdrawal_mgmt_within_3mi,count_withdrawal_mgmt_within_5mi,count_withdrawal_mgmt_within_10mi,count_withdrawal_mgmt_within_15mi,nearest_facility_co_occurring_id,nearest_facility_co_occurring_name,nearest_facility_co_occurring_distance_km,nearest_facility_co_occurring_distance_miles,count_co_occurring_within_1km,count_co_occurring_within_5km,count_co_occurring_within_10km,count_co_occurring_within_15km,count_co_occurring_within_25km,count_co_occurring_within_1mi,count_co_occurring_within_3mi,count_co_occurring_within_5mi,count_co_occurring_within_10mi,count_co_occurring_within_15mi,nearest_facility_men_id,nearest_facility_men_name,nearest_facility_men_distance_km,nearest_facility_men_distance_miles,count_men_within_1km,count_men_within_5km,count_men_within_10km,count_men_within_15km,count_men_within_25km,count_men_within_1mi,count_men_within_3mi,count_men_within_5mi,count_men_within_10mi,count_men_within_15mi,nearest_facility_women_id,nearest_facility_women_name,nearest_facility_women_distance_km,nearest_facility_women_distance_miles,count_women_within_1km,count_women_within_5km,count_women_within_10km,count_women_within_15km,count_women_within_25km,count_women_within_1mi,count_women_within_3mi,count_women_within_5mi,count_women_within_10mi,count_women_within_15mi,nearest_facility_youth_id,nearest_facility_youth_name,nearest_facility_youth_distance_km,nearest_facility_youth_distance_miles,count_youth_within_1km,count_youth_within_5km,count_youth_within_10km,count_youth_within_15km,count_youth_within_25km,count_youth_within_1mi,count_youth_within_3mi,count_youth_within_5mi,count_youth_within_10mi,count_youth_within_15mi
1,90001,48677.27847787667,95563401.53202106,33.973681253292156,-118.24942386764316,48,TESSIE CLEVELAND COMMUNITY SERVICES CORPORATION,0.829,0.515,2,26,234,342,534,2,26,162,350,524,34,"ADDICTION RESEARCH AND TREATMENT, INC.",3.567,2.216,0,4,10,26,44,0,4,6,26,42,40,"JWCH INSTITUTE, INC.",3.062,1.903,0,5,17,35,61,0,5,10,36,58,22,"JWCH INSTITUTE, INC.",3.062,1.903,0,10,160,214,304,0,10,120,218,300,22,"JWCH INSTITUTE, INC.",3.062,1.903,0,14,180,254,368,0,14,130,258,360,48,TESSIE CLEVELAND COMMUNITY SERVICES CORPORATION,0.829,0.515,2,6,38,64,110,2,6,22,66,108,17,VOLUNTEERS OF AMERICA OF LOS ANGELES,4.517,2.807,0,2,10,24,46,0,2,6,26,42,48,TESSIE CLEVELAND COMMUNITY SERVICES CORPORATION,0.829,0.515,1,5,22,35,60,1,5,12,36,59,17,VOLUNTEERS OF AMERICA OF LOS ANGELES,4.517,2.807,0,4,108,150,220,0,4,80,152,216,48,TESSIE CLEVELAND COMMUNITY SERVICES CORPORATION,0.829,0.515,1,10,108,136,193,1,10,78,138,188,48,TESSIE CLEVELAND COMMUNITY SERVICES CORPORATION,0.829,0.515,1,2,13,21,39,1,2,9,24,39
2,90002,44972.01703453636,82752224.01451889,33.94909502111195,-118.24705025570857,60,"SHIELDS FOR FAMILIES, INC.",0.823,0.511,2,92,164,342,580,2,92,110,358,528,34,"ADDICTION RESEARCH AND TREATMENT, INC.",1.736,1.079,0,6,10,24,42,0,6,6,28,42,34,"ADDICTION RESEARCH AND TREATMENT, INC.",1.736,1.079,0,7,12,35,56,0,7,10,39,54,81,"BEHAVIORAL HEALTH SERVICES, INC.",3.092,1.921,0,66,100,208,346,0,66,74,218,300,34,"ADDICTION RESEARCH AND TREATMENT, INC.",1.736,1.079,0,72,118,246,406,0,72,84,260,360,48,TESSIE CLEVELAND COMMUNITY SERVICES CORPORATION,1.92,1.193,0,12,30,68,118,0,12,18,70,112,80,"TARZANA TREATMENT CENTERS, INC.",3.092,1.921,0,4,8,24,38,0,4,6,26,34,48,TESSIE CLEVELAND COMMUNITY SERVICES CORPORATION,1.92,1.193,0,7,18,36,60,0,7,11,37,57,81,"BEHAVIORAL HEALTH SERVICES, INC.",3.092,1.921,0,44,64,142,236,0,44,46,152,202,48,TESSIE CLEVELAND COMMUNITY SERVICES CORPORATION,1.92,1.193,0,35,66,135,218,0,35,43,139,202,48,TESSIE CLEVELAND COMMUNITY SERVICES CORPORATION,1.92,1.193,0,6,10,25,41,0,6,7,25,40
3,90003,63303.481758449634,102643123.14496835,33.96410325070761,-118.27394758066342,105,YOU CAN HEALTH SERVICES,1.036,0.643,0,28,214,332,508,2,26,132,352,498,34,"ADDICTION RESEARCH AND TREATMENT, INC.",2.352,1.461,0,6,10,18,40,0,6,10,24,40,34,"ADDICTION RESEARCH AND TREATMENT, INC.",2.352,1.461,0,4,14,29,53,0,4,11,35,53,22,"JWCH INSTITUTE, INC.",3.493,2.171,0,6,148,212,286,0,6,84,216,284,34,"ADDICTION RESEARCH AND TREATMENT, INC.",2.352,1.461,0,12,168,246,344,0,12,98,254,340,105,YOU CAN HEALTH SERVICES,1.036,0.643,0,10,34,58,106,2,8,22,68,102,80,"TARZANA TREATMENT CENTERS, INC.",5.667,3.521,0,0,10,22,36,0,0,6,24,34,48,TESSIE CLEVELAND COMMUNITY SERVICES CORPORATION,2.429,1.509,0,3,20,32,58,0,3,14,37,56,81,"BEHAVIORAL HEALTH SERVICES, INC.",5.667,3.521,0,0,102,150,202,0,0,52,152,200,48,TESSIE CLEVELAND COMMUNITY SERVICES CORPORATION,2.429,1.509,0,9,91,132,190,0,9,50,137,188,105,YOU CAN HEALTH SERVICES,1.036,0.643,0,3,12,22,38,1,2,8,25,37
4,90004,52471.89763473753,83956967.23410559,34.07620916143665,-118.31095043775098,38,"SADLER HEALTHCARE, INC.",1.056,0.656,0,50,150,226,440,4,50,110,244,436,46,WESTERN PACIFIC MED-CORP,7.852,4.879,0,0,6,10,42,0,0,2,18,40,38,"SADLER HEALTHCARE, INC.",1.056,0.656,0,8,16,20,54,1,8,11,24,52,38,"SADLER HEALTHCARE, INC.",1.056,0.656,0,38,108,144,246,2,38,80,144,246,38,"SADLER HEALTHCARE, INC.",1.056,0.656,0,40,122,168,308,2,40,88,176,306,39,"KOREATOWN YOUTH AND COMMUNITY CENTER, INC.",1.52,0.944,0,8,22,38,92,2,8,18,44,90,38,"SADLER HEALTHCARE, INC.",1.056,0.656,0,6,10,14,44,2,6,6,16,42,38,"SADLER HEALTHCARE, INC.",1.056,0.656,0,9,16,21,53,2,9,11,23,52,38,"SADLER HEALTHCARE, INC.",1.056,0.656,0,28,80,106,178,2,28,64,106,178,26,"SOCIAL MODEL RECOVERY SYSTEMS, INC.",1.944,1.208,0,23,69,95,155,0,23,51,97,154,39,"KOREATOWN YOUTH AND COMMUNITY CENTER, INC.",1.52,0.944,0,4,8,12,27,1,4,6,13,27
5,90005,88978.01112804614,36885814.33233301,34.059799589922704,-118.30997906415313,39,"KOREATOWN YOUTH AND COMMUNITY CENTER, INC.",0.735,0.456,2,46,152,238,442,6,46,118,256,430,11,"ADDICTION RESEARCH AND TREATMENT, INC.",9.242,5.743,0,0,6,16,40,0,0,0,22,38,25,CHILDREN'S HOSPITAL LOS ANGELES,1.545,0.96,0,8,16,23,52,1,8,11,27,50,41,PEOPLE COORDINATED SERVICES OF SOUTHERN CALIFORNIA,1.432,0.89,0,34,108,144,246,2,34,90,148,244,41,PEOPLE COORDINATED SERVICES OF SOUTHERN CALIFORNIA,1.432,0.89,0,38,122,174,306,4,38,96,184,306,39,"KOREATOWN YOUTH AND COMMUNITY CENTER, INC.",0.735,0.456,2,6,24,40,90,2,6,18,48,84,38,"SADLER HEALTHCARE, INC.",2.004,1.245,0,6,10,16,38,0,6,8,16,36,39,"KOREATOWN YOUTH AND COMMUNITY CENTER, INC.",0.735,0.456,1,7,17,22,52,2,7,13,26,49,41,PEOPLE COORDINATED SERVICES OF SOUTHERN CALIFORNIA,1.432,0.89,0,24,80,106,178,2,24,72,110,176,41,PEOPLE COORDINATED SERVICES OF SOUTHERN CALIFORNIA,1.432,0.89,0,19,70,95,154,2,19,57,102,151,39,"KOREATOWN YOUTH AND COMMUNITY CENTER, INC.",0.735,0.456,1,3,8,13,28,2,3,6,16,25
6,90006,37832.454800946,53703662.40308896,34.04827046176715,-118.29406577724185,24,"SADLER HEALTHCARE, INC.",0.743,0.462,2,90,170,320,468,10,90,144,332,448,11,"ADDICTION RESEARCH AND TREATMENT, INC.",7.916,4.919,0,0,4,18,46,0,0,4,18,42,25,CHILDREN'S HOSPITAL LOS ANGELES,1.416,0.88,0,8,16,28,58,1,8,15,29,54,24,"SADLER HEALTHCARE, INC.",0.743,0.462,2,70,122,210,252,6,70,106,216,246,24,"SADLER HEALTHCARE, INC.",0.743,0.462,2,76,134,242,322,8,76,118,248,314,18,"ALCOHOLISM CENTER FOR WOMEN, INC.",1.185,0.736,0,10,28,52,96,2,10,20,58,88,24,"SADLER HEALTHCARE, INC.",0.743,0.462,2,6,10,18,40,2,6,10,22,36,24,"SADLER HEALTHCARE, INC.",0.743,0.462,1,7,17,30,56,3,7,17,35,52,24,"SADLER HEALTHCARE, INC.",0.743,0.462,2,54,88,150,178,4,54,78,154,176,16,"ALCOHOLISM CENTER FOR WOMEN, INC.",1.197,0.744,0,46,84,130,161,4,46,68,138,155,25,CHILDREN'S HOSPITAL LOS ANGELES,1.416,0.88,0,5,9,19,32,1,5,7,21,28
7,90007,57886.26997575132,68596085.98789631,34.02845000268833,-118.28498601180041,32,PEOPLE COORDINATED SERVICES OF SOUTHERN CALIFORNIA,0.642,0.399,2,98,184,328,470,6,96,158,336,462,11,"ADDICTION RESEARCH AND TREATMENT, INC.",7.862,4.885,0,0,8,18,44,0,0,4,22,42,25,CHILDREN'S HOSPITAL LOS ANGELES,3.697,2.297,0,9,18,29,58,0,8,15,32,57,20,"THE SALVATION ARMY, A CALIFORNIA CORPORATION",1.143,0.71,0,74,122,214,252,2,72,114,214,252,32,PEOPLE COORDINATED SERVICES OF SOUTHERN CALIFORNIA,0.642,0.399,2,80,140,246,320,4,78,126,252,316,18,"ALCOHOLISM CENTER FOR WOMEN, INC.",2.377,1.477,0,14,30,58,98,0,14,24,60,96,24,"SADLER HEALTHCARE, INC.",1.617,1.005,0,4,10,20,40,0,4,10,20,40,24,"SADLER HEALTHCARE, INC.",1.617,1.005,0,10,19,35,57,0,9,16,35,54,20,"THE SALVATION ARMY, A CALIFORNIA CORPORATION",1.143,0.71,0,52,88,152,178,2,50,82,152,178,16,"ALCOHOLISM CENTER FOR WOMEN, INC.",2.395,1.488,0,52,86,136,162,0,50,77,136,161,25,CHILDREN'S HOSPITAL LOS ANGELES,3.697,2.297,0,5,10,21,34,0,5,9,22,32
8,90008,59093.41868237459,106644565.28327772,34.0090526985868,-118.34864637398418,58,"ASIAN AMERICAN DRUG ABUSE PROGRAM, INC.",2.335,1.451,0,12,118,316,416,0,12,82,324,406,109,"AEGIS TREATMENT CENTERS, LLC",5.891,3.661,0,0,4,16,40,0,0,4,18,36,47,"CHABAD OF CALIFORNIA, INC.",5.399,3.355,0,0,11,29,49,0,0,5,30,46,58,"ASIAN AMERICAN DRUG ABUSE PROGRAM, INC.",2.335,1.451,0,8,68,214,232,0,8,46,216,230,58,"ASIAN AMERICAN DRUG ABUSE PROGRAM, INC.",2.335,1.451,0,10,80,242,292,0,10,58,246,284,86,"CHABAD OF CALIFORNIA, INC.",4.819,2.994,0,2,26,52,80,0,2,16,54,78,24,"SADLER HEALTHCARE, INC.",6.488,4.032,0,0,6,18,32,0,0,2,18,32,63,"ASIAN AMERICAN DRUG ABUSE PROGRAM, INC.",2.335,1.451,0,2,13,30,48,0,2,9,30,45,63,"ASIAN AMERICAN DRUG ABUSE PROGRAM, INC.",2.335,1.451,0,6,48,152,162,0,6,34,154,162,58,"ASIAN AMERICAN DRUG ABUSE PROGRAM, INC.",2.335,1.451,0,6,35,130,150,0,6,22,130,148,124,DIDI HIRSCH PSYCHIATRIC SERVICE,5.29,3.287,0,0,8,18,27,0,0,4,19,26
9,90010,42372.00983965321,4555114.650669028,34.06175174136851,-118.31064741640398,39,"KOREATOWN YOUTH AND COMMUNITY CENTER, INC.",0.68,0.423,2,48,152,238,438,4,48,116,256,428,46,WESTERN PACIFIC MED-CORP,9.212,5.724,0,0,6,16,40,0,0,0,22,38,25,CHILDREN'S HOSPITAL LOS ANGELES,1.603,0.996,0,8,16,23,53,1,8,10,27,49,41,PEOPLE COORDINATED SERVICES OF SOUTHERN CALIFORNIA,1.649,1.025,0,34,108,144,246,0,34,88,148,244,25,CHILDREN'S HOSPITAL LOS ANGELES,1.603,0.996,0,38,122,174,306,2,38,94,184,306,39,"KOREATOWN YOUTH AND COMMUNITY CENTER, INC.",0.68,0.423,2,8,24,40,92,2,8,18,48,82,38,"SADLER HEALTHCARE, INC.",1.85,1.149,0,6,10,16,42,0,6,6,16,36,39,"KOREATOWN YOUTH AND COMMUNITY CENTER, INC.",0.68,0.423,1,8,17,22,53,2,8,12,26,48,41,PEOPLE COORDINATED SERVICES OF SOUTHERN CALIFORNIA,1.649,1.025,0,24,80,106,178,0,24,70,110,176,41,PEOPLE COORDINATED SERVICES OF SOUTHERN CALIFORNIA,1.649,1.025,0,19,70,95,154,0,19,57,102,151,39,"KOREATOWN YOUTH AND COMMUNITY CENTER, INC.",0.68,0.423,1,4,8,13,28,2,4,6,16,24
10,90011,57120.06467111682,119579543.02276778,34.006956807601654,-118.25865676671933,17,VOLUNTEERS OF AMERICA OF LOS ANGELES,1.614,1.003,0,54,254,342,476,0,52,162,350,468,34,"ADDICTION RESEARCH AND TREATMENT, INC.",6.99,4.344,0,0,12,24,40,0,0,8,24,40,17,VOLUNTEERS OF AMERICA OF LOS ANGELES,1.614,1.003,0,4,23,32,60,0,4,16,33,58,17,VOLUNTEERS OF AMERICA OF LOS ANGELES,1.614,1.003,0,38,178,216,260,0,36,108,218,256,17,VOLUNTEERS OF AMERICA OF LOS ANGELES,1.614,1.003,0,42,200,256,322,0,40,124,260,318,42,"SPECIAL SERVICE FOR GROUPS, INC.",2.59,1.609,0,8,40,62,104,0,8,26,62,100,17,VOLUNTEERS OF AMERICA OF LOS ANGELES,1.614,1.003,0,4,16,22,46,0,2,6,24,42,17,VOLUNTEERS OF AMERICA OF LOS ANGELES,1.614,1.003,0,7,26,34,58,0,6,15,36,56,17,VOLUNTEERS OF AMERICA OF LOS ANGELES,1.614,1.003,0,26,122,154,186,0,24,74,154,182,22,"JWCH INSTITUTE, INC.",1.658,1.03,0,28,118,136,168,0,28,80,138,164,181,LOS ANGELES CENTERS FOR ALCOHOL AND DRUG ABUSE,4.48,2.784,0,3,16,22,38,0,3,9,22,37
11,90012,61817.4669419489,96562155.68188718,34.06617897708658,-118.23885263923177,43,"PRINCIPLES, INC.",1.435,0.891,0,98,164,244,466,16,98,136,324,456,11,"ADDICTION RESEARCH AND TREATMENT, INC.",2.733,1.698,0,4,8,18,44,0,4,6,22,40,1,LOS ANGELES CENTERS FOR ALCOHOL AND DRUG ABUSE,2.248,1.397,0,9,18,29,59,0,9,15,35,56,50,"SPECIAL SERVICE FOR GROUPS, INC.",1.435,0.891,0,72,110,144,256,14,72,98,208,256,50,"SPECIAL SERVICE FOR GROUPS, INC.",1.435,0.891,0,80,128,174,324,14,80,112,244,322,43,"PRINCIPLES, INC.",1.435,0.891,0,14,26,48,94,2,14,18,54,88,21,"CRI-HELP, INC.",2.324,1.444,0,2,14,20,44,0,2,10,24,42,1,LOS ANGELES CENTERS FOR ALCOHOL AND DRUG ABUSE,2.248,1.397,0,6,19,29,58,0,6,11,35,54,50,"SPECIAL SERVICE FOR GROUPS, INC.",1.435,0.891,0,52,76,108,180,14,52,72,150,180,50,"SPECIAL SERVICE FOR GROUPS, INC.",1.435,0.891,0,49,83,98,164,8,49,67,132,162,31,"BEHAVIORAL HEALTH SERVICES, INC.",2.324,1.444,0,5,10,15,33,0,5,7,18,32
12,90014,14875.295283464926,7917526.068145594,34.04301268291464,-118.25177341573759,0,LOS ANGELES CENTERS FOR ALCOHOL AND DRUG ABUSE,0.822,0.511,30,110,170,324,476,48,110,144,344,468,11,"ADDICTION RESEARCH AND TREATMENT, INC.",4.399,2.734,0,4,6,24,44,0,4,4,24,40,0,LOS ANGELES CENTERS FOR ALCOHOL AND DRUG ABUSE,0.822,0.511,1,11,17,32,61,2,11,15,33,58,2,LOS ANGELES CENTERS FOR ALCOHOL AND DRUG ABUSE,0.822,0.511,26,78,120,210,258,40,78,104,216,258,2,LOS ANGELES CENTERS FOR ALCOHOL AND DRUG ABUSE,0.822,0.511,28,90,134,248,326,42,90,116,256,322,0,LOS ANGELES CENTERS FOR ALCOHOL AND DRUG ABUSE,0.822,0.511,2,14,28,54,98,6,14,20,62,96,17,VOLUNTEERS OF AMERICA OF LOS ANGELES,3.319,2.063,0,6,12,18,44,0,6,10,22,44,0,LOS ANGELES CENTERS FOR ALCOHOL AND DRUG ABUSE,0.822,0.511,1,9,19,32,58,2,9,13,34,57,3,LOS ANGELES CENTERS FOR ALCOHOL AND DRUG ABUSE,0.822,0.511,20,58,86,150,182,34,58,72,152,182,0,LOS ANGELES CENTERS FOR ALCOHOL AND DRUG ABUSE,0.822,0.511,19,49,86,132,165,28,49,74,136,165,181,LOS ANGELES CENTERS FOR ALCOHOL AND DRUG ABUSE,0.822,0.511,2,6,11,20,36,2,6,7,21,36
13,90015,37381.58648645402,46602624.3150348,34.03952149654342,-118.266357200421,18,"ALCOHOLISM CENTER FOR WOMEN, INC.",1.776,1.104,0,96,168,322,476,0,90,150,344,466,11,"ADDICTION RESEARCH AND TREATMENT, INC.",5.775,3.588,0,0,4,22,44,0,0,4,22,40,0,LOS ANGELES CENTERS FOR ALCOHOL AND DRUG ABUSE,2.221,1.38,0,9,16,31,61,0,8,15,32,57,16,"ALCOHOLISM CENTER FOR WOMEN, INC.",1.78,1.106,0,74,120,210,258,0,68,110,214,256,16,"ALCOHOLISM CENTER FOR WOMEN, INC.",1.78,1.106,0,80,132,246,326,0,74,122,252,320,18,"ALCOHOLISM CENTER FOR WOMEN, INC.",1.776,1.104,0,12,26,54,98,0,12,20,60,94,24,"SADLER HEALTHCARE, INC.",2.263,1.406,0,4,10,18,44,0,4,10,20,44,18,"ALCOHOLISM CENTER FOR WOMEN, INC.",1.776,1.104,0,9,18,32,58,0,8,14,35,55,20,"THE SALVATION ARMY, A CALIFORNIA CORPORATION",2.067,1.284,0,52,86,150,182,0,52,76,152,182,16,"ALCOHOLISM CENTER FOR WOMEN, INC.",1.78,1.106,0,51,83,132,164,0,45,78,136,162,181,LOS ANGELES CENTERS FOR ALCOHOL AND DRUG ABUSE,2.221,1.38,0,5,10,20,36,0,5,7,21,33
14,90016,57294.14517636251,103266621.82654949,34.02865211894937,-118.35410844899674,86,"CHABAD OF CALIFORNIA, INC.",2.801,1.741,0,18,118,246,438,0,18,70,318,410,109,"AEGIS TREATMENT CENTERS, LLC",8.057,5.006,0,0,4,18,40,0,0,0,18,38,47,"CHABAD OF CALIFORNIA, INC.",3.204,1.991,0,1,11,26,51,0,1,4,30,47,93,BEIT T'SHUVAH,2.991,1.859,0,16,72,150,246,0,16,44,216,230,93,BEIT T'SHUVAH,2.991,1.859,0,16,84,180,304,0,16,52,246,286,86,"CHABAD OF CALIFORNIA, INC.",2.801,1.741,0,2,22,44,90,0,2,12,48,80,24,"SADLER HEALTHCARE, INC.",6.034,3.749,0,0,6,14,42,0,0,4,20,36,47,"CHABAD OF CALIFORNIA, INC.",3.204,1.991,0,2,13,24,50,0,2,10,28,47,93,BEIT T'SHUVAH,2.991,1.859,0,14,52,110,178,0,14,38,154,162,93,BEIT T'SHUVAH,2.991,1.859,0,8,41,96,152,0,8,15,130,149,39,"KOREATOWN YOUTH AND COMMUNITY CENTER, INC.",6.075,3.775,0,0,6,14,30,0,0,5,17,26
15,90017,24579.726993410834,19807345.013671927,34.05304015064446,-118.26453398114276,4,"ADAPT PROGRAM, INC.",0.695,0.432,2,106,166,326,472,24,106,146,334,460,11,"ADDICTION RESEARCH AND TREATMENT, INC.",5.144,3.196,0,0,6,22,46,0,0,4,22,44,7,"SOCIAL MODEL RECOVERY SYSTEMS, INC.",1.155,0.718,0,11,17,31,61,3,11,15,31,58,7,"SOCIAL MODEL RECOVERY SYSTEMS, INC.",1.155,0.718,0,82,120,210,258,18,82,108,210,254,7,"SOCIAL MODEL RECOVERY SYSTEMS, INC.",1.155,0.718,0,88,134,246,328,18,88,120,246,322,8,CLINICA MONSENOR OSCAR A. ROMERO,1.574,0.978,0,14,24,54,94,4,14,20,60,90,24,"SADLER HEALTHCARE, INC.",2.696,1.675,0,10,10,18,44,0,10,10,18,44,18,"ALCOHOLISM CENTER FOR WOMEN, INC.",1.591,0.989,0,10,18,32,58,1,10,14,33,55,7,"SOCIAL MODEL RECOVERY SYSTEMS, INC.",1.155,0.718,0,62,86,150,182,8,62,76,150,180,7,"SOCIAL MODEL RECOVERY SYSTEMS, INC.",1.155,0.718,0,51,83,132,164,13,51,78,132,160,8,CLINICA MONSENOR OSCAR A. ROMERO,1.574,0.978,0,6,9,20,35,1,6,7,21,29
16,90018,44601.2749743104,83025065.79417403,34.028814805698815,-118.31710481964932,41,PEOPLE COORDINATED SERVICES OF SOUTHERN CALIFORNIA,2.11,1.311,0,30,166,326,452,0,30,124,340,444,109,"AEGIS TREATMENT CENTERS, LLC",8.731,5.425,0,0,4,20,42,0,0,0,20,42,25,CHILDREN'S HOSPITAL LOS ANGELES,4.197,2.608,0,2,14,29,55,0,2,12,32,54,41,PEOPLE COORDINATED SERVICES OF SOUTHERN CALIFORNIA,2.11,1.311,0,20,114,214,250,0,20,92,220,248,41,PEOPLE COORDINATED SERVICES OF SOUTHERN CALIFORNIA,2.11,1.311,0,24,128,248,314,0,24,100,254,312,18,"ALCOHOLISM CENTER FOR WOMEN, INC.",4.028,2.503,0,4,30,54,92,0,4,20,60,86,24,"SADLER HEALTHCARE, INC.",2.852,1.772,0,2,8,20,40,0,2,8,22,38,24,"SADLER HEALTHCARE, INC.",2.852,1.772,0,6,17,34,53,0,6,15,36,51,41,PEOPLE COORDINATED SERVICES OF SOUTHERN CALIFORNIA,2.11,1.311,0,16,88,152,178,0,16,68,156,178,41,PEOPLE COORDINATED SERVICES OF SOUTHERN CALIFORNIA,2.11,1.311,0,8,70,134,158,0,8,61,137,154,39,"KOREATOWN YOUTH AND COMMUNITY CENTER, INC.",4.093,2.543,0,2,10,20,29,0,2,6,22,28
17,90019,66607.66262818372,106758471.96429351,34.048707216594686,-118.33895613428545,47,"CHABAD OF CALIFORNIA, INC.",1.637,1.017,0,22,156,252,444,0,20,68,262,434,109,"AEGIS TREATMENT CENTERS, LLC",10.369,6.443,0,0,0,16,42,0,0,0,20,40,47,"CHABAD OF CALIFORNIA, INC.",1.637,1.017,0,3,12,26,54,0,3,8,28,52,47,"CHABAD OF CALIFORNIA, INC.",1.637,1.017,0,14,114,154,246,0,14,48,154,246,47,"CHABAD OF CALIFORNIA, INC.",1.637,1.017,0,18,124,184,308,0,16,52,188,306,86,"CHABAD OF CALIFORNIA, INC.",3.465,2.153,0,4,24,42,92,0,4,12,48,88,24,"SADLER HEALTHCARE, INC.",4.505,2.799,0,4,8,18,44,0,4,6,18,42,47,"CHABAD OF CALIFORNIA, INC.",1.637,1.017,0,5,16,25,52,0,5,10,26,51,47,"CHABAD OF CALIFORNIA, INC.",1.637,1.017,0,14,88,112,178,0,14,36,112,178,41,PEOPLE COORDINATED SERVICES OF SOUTHERN CALIFORNIA,2.652,1.648,0,4,68,100,155,0,4,29,101,154,39,"KOREATOWN YOUTH AND COMMUNITY CENTER, INC.",3.658,2.273,0,2,8,13,28,0,2,4,14,27
18,90020,41832.39927305534,32961671.812516447,34.066346884400126,-118.31014082998418,39,"KOREATOWN YOUTH AND COMMUNITY CENTER, INC.",0.648,0.403,2,52,152,234,440,4,52,108,252,430,46,WESTERN PACIFIC MED-CORP,8.743,5.433,0,0,6,14,40,0,0,0,22,38,38,"SADLER HEALTHCARE, INC.",1.42,0.882,0,8,16,22,53,1,8,10,27,49,38,"SADLER HEALTHCARE, INC.",1.42,0.882,0,38,108,144,246,2,38,80,146,244,38,"SADLER HEALTHCARE, INC.",1.42,0.882,0,42,122,172,306,2,42,86,182,306,39,"KOREATOWN YOUTH AND COMMUNITY CENTER, INC.",0.648,0.403,2,8,24,38,92,2,8,18,46,84,38,"SADLER HEALTHCARE, INC.",1.42,0.882,0,6,10,14,42,2,6,6,16,36,39,"KOREATOWN YOUTH AND COMMUNITY CENTER, INC.",0.648,0.403,1,9,17,21,53,2,9,11,24,49,38,"SADLER HEALTHCARE, INC.",1.42,0.882,0,28,80,106,178,2,28,64,108,176,26,"SOCIAL MODEL RECOVERY SYSTEMS, INC.",1.904,1.183,0,23,70,94,154,0,23,51,100,151,39,"KOREATOWN YOUTH AND COMMUNITY CENTER, INC.",0.648,0.403,1,4,8,12,28,1,4,6,15,25
19,90021,38396.76810795646,57382616.77705307,34.02902274706476,-118.23913843674784,17,VOLUNTEERS OF AMERICA OF LOS ANGELES,1.716,1.066,0,126,174,332,468,0,122,148,342,464,11,"ADDICTION RESEARCH AND TREATMENT, INC.",4.535,2.818,0,4,10,24,40,0,4,6,24,40,17,VOLUNTEERS OF AMERICA OF LOS ANGELES,1.716,1.066,0,10,19,33,58,0,10,15,33,58,17,VOLUNTEERS OF AMERICA OF LOS ANGELES,1.716,1.066,0,96,114,214,256,0,94,102,218,256,17,VOLUNTEERS OF AMERICA OF LOS ANGELES,1.716,1.066,0,106,132,252,318,0,102,116,260,318,0,LOS ANGELES CENTERS FOR ALCOHOL AND DRUG ABUSE,1.834,1.14,0,14,30,56,100,0,14,24,58,96,17,VOLUNTEERS OF AMERICA OF LOS ANGELES,1.716,1.066,0,6,12,22,42,0,4,10,24,42,17,VOLUNTEERS OF AMERICA OF LOS ANGELES,1.716,1.066,0,8,20,32,55,0,7,16,36,55,17,VOLUNTEERS OF AMERICA OF LOS ANGELES,1.716,1.066,0,64,80,152,182,0,62,70,154,182,0,LOS ANGELES CENTERS FOR ALCOHOL AND DRUG ABUSE,1.834,1.14,0,66,86,134,163,0,66,75,138,163,181,LOS ANGELES CENTERS FOR ALCOHOL AND DRUG ABUSE,1.834,1.14,0,4,12,19,37,0,4,9,21,36
20,90022,60796.016444147404,118832976.58019985,34.02440202125322,-118.15581515843365,52,"NARCOTIC PREVENTION ASSOCIATION, INC.",0.607,0.377,6,32,130,310,460,6,32,60,332,454,52,"NARCOTIC PREVENTION ASSOCIATION, INC.",0.607,0.377,2,6,12,22,44,2,6,12,24,44,52,"NARCOTIC PREVENTION ASSOCIATION, INC.",0.607,0.377,1,5,13,37,57,1,5,9,39,56,33,"SOCIAL MODEL RECOVERY SYSTEMS, INC.",3.455,2.147,0,16,78,186,252,0,16,28,198,248,52,"NARCOTIC PREVENTION ASSOCIATION, INC.",0.607,0.377,2,22,94,224,318,2,22,42,240,314,57,"HELPLINE YOUTH COUNSELING, INC.",0.975,0.606,4,10,24,58,94,4,10,14,62,92,52,"NARCOTIC PREVENTION ASSOCIATION, INC.",0.607,0.377,2,2,10,26,42,2,2,4,28,38,52,"NARCOTIC PREVENTION ASSOCIATION, INC.",0.607,0.377,2,5,11,36,56,2,5,7,40,54,54,"THE SALVATION ARMY, A CALIFORNIA CORPORATION",3.96,2.46,0,10,60,124,176,0,10,18,134,176,52,"NARCOTIC PREVENTION ASSOCIATION, INC.",0.607,0.377,3,20,58,126,162,3,20,26,130,157,57,"HELPLINE YOUTH COUNSELING, INC.",0.975,0.606,2,3,8,25,36,2,3,5,27,36
21,90023,78312.76335159462,159187490.6449151,34.01935499534808,-118.19969922879875,27,"BEHAVIORAL HEALTH SERVICES, INC.",0.424,0.263,14,82,166,304,464,16,50,126,330,454,52,"NARCOTIC PREVENTION ASSOCIATION, INC.",3.888,2.416,0,6,12,20,44,0,6,10,22,42,33,"SOCIAL MODEL RECOVERY SYSTEMS, INC.",1.457,0.905,0,8,18,32,58,1,7,13,34,56,97,"BEHAVIORAL HEALTH SERVICES, INC.",0.424,0.263,12,56,102,194,252,14,28,80,198,250,97,"BEHAVIORAL HEALTH SERVICES, INC.",0.424,0.263,12,66,122,230,318,14,36,94,238,314,27,"BEHAVIORAL HEALTH SERVICES, INC.",0.424,0.263,2,14,30,50,94,2,12,24,62,92,52,"NARCOTIC PREVENTION ASSOCIATION, INC.",3.888,2.416,0,6,8,22,42,0,6,6,22,40,52,"NARCOTIC PREVENTION ASSOCIATION, INC.",3.888,2.416,0,8,17,34,56,0,6,14,39,54,97,"BEHAVIORAL HEALTH SERVICES, INC.",0.424,0.263,8,40,70,134,180,8,18,58,134,178,97,"BEHAVIORAL HEALTH SERVICES, INC.",0.424,0.263,12,45,77,129,163,14,24,64,135,160,57,"HELPLINE YOUTH COUNSELING, INC.",4.069,2.529,0,6,11,19,36,0,4,8,23,36
22,90024,59099.36935588863,81821002.54064175,34.0655487591506,-118.43524595233721,160,"DRIVER SAFETY SCHOOLS, INC.",1.854,1.152,0,2,30,114,384,0,2,26,150,372,165,AMERICAN HEALTH SERVICES LLC,7.795,4.843,0,0,2,10,32,0,0,2,14,32,183,CLARE|MATRIX,7.163,4.451,0,0,5,14,44,0,0,5,21,43,93,BEIT T'SHUVAH,5.937,3.689,0,0,14,58,226,0,0,12,78,222,93,BEIT T'SHUVAH,5.937,3.689,0,0,16,78,272,0,0,14,100,268,91,TWIN TOWN CORPORATION,5.557,3.453,0,0,8,22,78,0,0,6,32,70,187,"PHOENIX HOUSES OF LOS ANGELES, INC.",9.251,5.749,0,0,2,12,38,0,0,0,18,36,183,CLARE|MATRIX,7.163,4.451,0,0,4,16,46,0,0,3,20,41,93,BEIT T'SHUVAH,5.937,3.689,0,0,12,48,160,0,0,10,60,156,93,BEIT T'SHUVAH,5.937,3.689,0,0,4,29,145,0,0,4,44,140,66,"BEHAVIORAL HEALTH SERVICES, INC.",9.532,5.923,0,0,1,5,23,0,0,0,8,20
23,90025,61701.203222360185,69502027.71454719,34.04500261044138,-118.44629091307294,160,"DRIVER SAFETY SCHOOLS, INC.",0.83,0.516,2,8,30,94,378,2,6,22,116,374,165,AMERICAN HEALTH SERVICES LLC,5.302,3.295,0,0,2,6,32,0,0,2,12,32,183,CLARE|MATRIX,4.743,2.947,0,2,5,10,44,0,2,4,15,43,184,CLARE|MATRIX,4.825,2.998,0,2,14,50,224,0,2,8,60,222,184,CLARE|MATRIX,4.825,2.998,0,2,18,64,270,0,2,10,82,268,183,CLARE|MATRIX,4.743,2.947,0,2,6,20,74,0,2,6,22,72,187,"PHOENIX HOUSES OF LOS ANGELES, INC.",6.751,4.195,0,0,2,6,36,0,0,2,12,36,183,CLARE|MATRIX,4.743,2.947,0,2,3,12,44,0,2,2,16,42,185,CLARE|MATRIX,5.021,3.12,0,0,12,44,158,0,0,6,50,156,184,CLARE|MATRIX,4.825,2.998,0,2,4,21,144,0,2,4,30,141,124,DIDI HIRSCH PSYCHIATRIC SERVICE,8.593,5.34,0,0,1,5,21,0,0,0,5,20
24,90026,65508.23741448815,113989370.87885708,34.07893513199354,-118.26332155635033,8,CLINICA MONSENOR OSCAR A. ROMERO,1.567,0.973,0,96,162,238,456,2,84,132,270,444,11,"ADDICTION RESEARCH AND TREATMENT, INC.",5.3,3.293,0,0,6,16,40,0,0,6,20,40,8,CLINICA MONSENOR OSCAR A. ROMERO,1.567,0.973,0,10,18,28,54,1,9,15,30,53,7,"SOCIAL MODEL RECOVERY SYSTEMS, INC.",2.108,1.31,0,76,116,144,252,0,66,90,162,248,7,"SOCIAL MODEL RECOVERY SYSTEMS, INC.",2.108,1.31,0,80,132,172,320,0,70,106,196,314,8,CLINICA MONSENOR OSCAR A. ROMERO,1.567,0.973,0,14,22,46,90,2,12,18,50,86,37,"CRI-HELP, INC.",2.696,1.675,0,8,12,22,40,0,6,12,22,40,26,"SOCIAL MODEL RECOVERY SYSTEMS, INC.",2.63,1.634,0,9,18,29,54,0,8,15,29,51,7,"SOCIAL MODEL RECOVERY SYSTEMS, INC.",2.108,1.31,0,56,82,108,180,0,50,68,124,180,8,CLINICA MONSENOR OSCAR A. ROMERO,1.567,0.973,0,49,80,100,157,1,45,59,104,151,8,CLINICA MONSENOR OSCAR A. ROMERO,1.567,0.973,0,6,8,14,30,1,5,8,15,28
25,90027,80042.7030038521,240682382.71763977,34.12550850345176,-118.29205757523566,46,WESTERN PACIFIC MED-CORP,2.864,1.78,0,10,80,196,446,0,10,46,224,428,46,WESTERN PACIFIC MED-CORP,2.864,1.78,0,2,2,8,44,0,2,2,14,42,46,WESTERN PACIFIC MED-CORP,2.864,1.78,0,2,10,22,55,0,2,9,27,53,56,VAN NESS RECOVERY HOUSE,3.468,2.155,0,6,56,134,246,0,6,28,144,244,46,WESTERN PACIFIC MED-CORP,2.864,1.78,0,8,62,152,308,0,8,34,172,302,66,"BEHAVIORAL HEALTH SERVICES, INC.",5.332,3.313,0,0,12,32,94,0,0,6,36,86,37,"CRI-HELP, INC.",4.193,2.606,0,2,10,20,44,0,2,6,22,40,56,VAN NESS RECOVERY HOUSE,3.468,2.155,0,1,11,19,54,0,1,8,25,51,56,VAN NESS RECOVERY HOUSE,3.468,2.155,0,6,44,100,178,0,6,18,106,178,56,VAN NESS RECOVERY HOUSE,3.468,2.155,0,6,35,86,156,0,6,21,95,153,66,"BEHAVIORAL HEALTH SERVICES, INC.",5.332,3.313,0,0,4,8,28,0,0,4,9,25
26,90028,40223.52114127238,43287307.960974105,34.099834320729286,-118.32708492560478,56,VAN NESS RECOVERY HOUSE,0.862,0.536,4,14,114,200,444,6,14,58,230,436,46,WESTERN PACIFIC MED-CORP,7.057,4.385,0,0,2,10,42,0,0,2,14,42,37,"CRI-HELP, INC.",3.619,2.249,0,3,10,21,55,0,3,9,23,55,56,VAN NESS RECOVERY HOUSE,0.862,0.536,4,10,84,128,246,4,10,38,146,244,56,VAN NESS RECOVERY HOUSE,0.862,0.536,4,10,92,154,306,4,10,42,176,304,66,"BEHAVIORAL HEALTH SERVICES, INC.",1.154,0.717,0,4,16,30,94,2,4,12,36,92,37,"CRI-HELP, INC.",3.619,2.249,0,4,8,16,44,0,4,6,16,42,56,VAN NESS RECOVERY HOUSE,0.862,0.536,1,5,10,22,53,2,5,9,24,53,56,VAN NESS RECOVERY HOUSE,0.862,0.536,4,10,68,90,178,4,10,28,106,178,56,VAN NESS RECOVERY HOUSE,0.862,0.536,4,8,54,91,156,4,8,23,95,154,66,"BEHAVIORAL HEALTH SERVICES, INC.",1.154,0.717,0,2,6,9,27,1,2,4,11,27
27,90029,35471.19448437367,39819876.052322865,34.08984538173996,-118.29476471453084,37,"CRI-HELP, INC.",0.448,0.278,2,42,144,200,444,2,40,110,236,436,46,WESTERN PACIFIC MED-CORP,5.773,3.587,0,0,6,10,42,0,0,2,12,40,37,"CRI-HELP, INC.",0.448,0.278,1,7,16,20,53,1,7,11,21,50,37,"CRI-HELP, INC.",0.448,0.278,2,30,96,126,246,2,28,80,144,244,37,"CRI-HELP, INC.",0.448,0.278,2,32,112,148,310,2,30,88,170,310,39,"KOREATOWN YOUTH AND COMMUNITY CENTER, INC.",2.999,1.864,0,8,22,34,92,0,8,16,44,86,37,"CRI-HELP, INC.",0.448,0.278,2,4,12,16,42,2,4,6,16,36,38,"SADLER HEALTHCARE, INC.",1.644,1.021,0,7,16,22,53,0,7,11,24,50,37,"CRI-HELP, INC.",0.448,0.278,2,20,74,90,178,2,18,64,106,176,37,"CRI-HELP, INC.",0.448,0.278,2,23,59,92,154,2,21,51,98,151,39,"KOREATOWN YOUTH AND COMMUNITY CENTER, INC.",2.999,1.864,0,4,8,10,29,0,4,6,14,27
28,90031,79588.41185971093,106239041.30619103,34.07853278433985,-118.21283295230621,11,"ADDICTION RESEARCH AND TREATMENT, INC.",1.895,1.177,0,72,152,230,456,0,72,128,250,434,11,"ADDICTION RESEARCH AND TREATMENT, INC.",1.895,1.177,0,4,8,16,44,0,4,6,20,34,11,"ADDICTION RESEARCH AND TREATMENT, INC.",1.895,1.177,0,5,17,30,55,0,5,16,32,48,15,"CRI-HELP, INC.",2.011,1.25,0,52,100,142,250,0,52,94,144,248,11,"ADDICTION RESEARCH AND TREATMENT, INC.",1.895,1.177,0,60,118,170,320,0,60,108,176,306,31,"BEHAVIORAL HEALTH SERVICES, INC.",2.011,1.25,0,10,22,42,88,0,10,16,48,86,21,"CRI-HELP, INC.",2.011,1.25,0,2,14,20,40,0,2,10,20,38,21,"CRI-HELP, INC.",2.011,1.25,0,4,15,30,54,0,4,11,30,50,15,"CRI-HELP, INC.",2.011,1.25,0,42,72,106,176,0,42,66,108,176,44,"CRI-HELP, INC.",2.011,1.25,0,34,72,98,161,0,34,67,98,158,31,"BEHAVIORAL HEALTH SERVICES, INC.",2.011,1.25,0,4,9,14,33,0,4,6,15,33
29,90032,66300.14995991437,140227856.029871,34.08019221433801,-118.17839666418793,11,"ADDICTION RESEARCH AND TREATMENT, INC.",3.54,2.2,0,24,142,226,444,0,24,98,240,430,11,"ADDICTION RESEARCH AND TREATMENT, INC.",3.54,2.2,0,4,12,18,40,0,4,6,18,38,11,"ADDICTION RESEARCH AND TREATMENT, INC.",3.54,2.2,0,3,16,32,52,0,3,7,32,50,71,EXODUS RECOVERY INC.,3.853,2.394,0,12,86,134,248,0,12,66,138,248,11,"ADDICTION RESEARCH AND TREATMENT, INC.",3.54,2.2,0,18,104,166,312,0,18,76,170,310,14,CLINICA MONSENOR OSCAR A. ROMERO,3.73,2.318,0,4,26,42,86,0,4,16,46,82,21,"CRI-HELP, INC.",3.987,2.478,0,2,8,24,38,0,2,4,26,38,9,EXODUS RECOVERY INC.,3.853,2.394,0,2,11,29,52,0,2,6,29,51,71,EXODUS RECOVERY INC.,3.853,2.394,0,8,60,100,176,0,8,50,102,176,71,EXODUS RECOVERY INC.,3.853,2.394,0,6,65,94,159,0,6,51,96,158,14,CLINICA MONSENOR OSCAR A. ROMERO,3.73,2.318,0,2,8,15,33,0,2,6,16,33
30,90033,45641.60214909002,85104880.37886329,34.0504590490092,-118.21105139342939,13,ESCUELA HISPANA DE ALCOHOL,0.488,0.303,8,88,164,316,454,24,88,134,330,450,11,"ADDICTION RESEARCH AND TREATMENT, INC.",1.256,0.78,0,4,10,20,44,4,4,6,22,44,21,"CRI-HELP, INC.",1.163,0.723,0,6,19,34,56,3,6,13,37,55,71,EXODUS RECOVERY INC.,0.798,0.496,2,66,106,208,250,12,66,92,210,250,9,EXODUS RECOVERY INC.,0.798,0.496,4,74,124,240,316,18,74,106,248,316,14,CLINICA MONSENOR OSCAR A. ROMERO,0.755,0.469,2,12,30,52,92,4,12,20,56,90,21,"CRI-HELP, INC.",1.163,0.723,0,2,12,28,40,2,2,8,28,40,9,EXODUS RECOVERY INC.,0.798,0.496,1,4,19,33,53,2,4,11,36,53,71,EXODUS RECOVERY INC.,0.798,0.496,2,50,74,148,178,8,50,66,150,178,71,EXODUS RECOVERY INC.,0.798,0.496,2,48,81,130,160,6,48,66,133,160,14,CLINICA MONSENOR OSCAR A. ROMERO,0.755,0.469,1,4,11,18,35,2,4,8,18,35
31,90034,56671.572994271984,86401301.02063446,34.03073282026863,-118.39942873338825,93,BEIT T'SHUVAH,1.193,0.741,0,8,76,188,404,2,8,30,206,398,165,AMERICAN HEALTH SERVICES LLC,6.9,4.287,0,0,4,6,34,0,0,2,10,34,47,"CHABAD OF CALIFORNIA, INC.",5.19,3.225,0,0,6,18,47,0,0,4,20,45,93,BEIT T'SHUVAH,1.193,0.741,0,2,40,124,228,2,2,16,126,226,93,BEIT T'SHUVAH,1.193,0.741,0,2,50,140,280,2,2,20,146,278,86,"CHABAD OF CALIFORNIA, INC.",2.702,1.679,0,2,16,34,86,0,2,6,40,82,187,"PHOENIX HOUSES OF LOS ANGELES, INC.",8.411,5.227,0,0,2,12,38,0,0,0,14,34,47,"CHABAD OF CALIFORNIA, INC.",5.19,3.225,0,0,7,20,50,0,0,4,22,48,93,BEIT T'SHUVAH,1.193,0.741,0,2,34,94,162,2,2,12,96,160,93,BEIT T'SHUVAH,1.193,0.741,0,2,14,75,150,2,2,8,78,148,124,DIDI HIRSCH PSYCHIATRIC SERVICE,5.587,3.472,0,0,4,10,27,0,0,1,12,27
32,90035,43983.58565740455,57209188.43203896,34.05177199209521,-118.38355053134187,86,"CHABAD OF CALIFORNIA, INC.",0.937,0.582,2,12,54,192,412,2,12,24,230,400,165,AMERICAN HEALTH SERVICES LLC,9.426,5.857,0,0,2,10,38,0,0,0,16,34,47,"CHABAD OF CALIFORNIA, INC.",2.863,1.779,0,1,7,20,50,0,1,1,25,47,93,BEIT T'SHUVAH,2.365,1.47,0,8,30,122,228,0,8,10,140,228,93,BEIT T'SHUVAH,2.365,1.47,0,8,38,142,284,0,8,12,170,280,86,"CHABAD OF CALIFORNIA, INC.",0.937,0.582,2,4,12,34,88,2,4,8,42,84,38,"SADLER HEALTHCARE, INC.",8.182,5.084,0,0,6,12,38,0,0,0,18,38,47,"CHABAD OF CALIFORNIA, INC.",2.863,1.779,0,1,11,18,51,0,1,3,25,50,93,BEIT T'SHUVAH,2.365,1.47,0,8,26,94,162,0,8,10,104,162,93,BEIT T'SHUVAH,2.365,1.47,0,2,18,74,151,0,2,4,87,150,66,"BEHAVIORAL HEALTH SERVICES, INC.",6.545,4.067,0,0,4,9,27,0,0,3,12,25
33,90036,41354.98165139306,69593162.03353071,34.07008974396586,-118.35008399483722,47,"CHABAD OF CALIFORNIA, INC.",1.434,0.891,0,22,72,240,440,6,22,58,262,430,46,WESTERN PACIFIC MED-CORP,10.761,6.687,0,0,0,14,42,0,0,0,20,40,47,"CHABAD OF CALIFORNIA, INC.",1.434,0.891,0,2,8,24,54,1,2,8,29,53,47,"CHABAD OF CALIFORNIA, INC.",1.434,0.891,0,14,48,148,246,6,14,40,152,242,47,"CHABAD OF CALIFORNIA, INC.",1.434,0.891,0,14,52,176,308,6,14,44,188,302,66,"BEHAVIORAL HEALTH SERVICES, INC.",3.244,2.016,0,8,12,44,92,0,8,12,46,90,38,"SADLER HEALTHCARE, INC.",4.698,2.919,0,2,6,16,46,0,2,6,18,42,47,"CHABAD OF CALIFORNIA, INC.",1.434,0.891,0,5,10,23,53,1,5,9,25,53,47,"CHABAD OF CALIFORNIA, INC.",1.434,0.891,0,14,36,110,178,6,14,30,110,176,41,PEOPLE COORDINATED SERVICES OF SOUTHERN CALIFORNIA,4.483,2.786,0,6,29,95,155,0,6,25,99,153,66,"BEHAVIORAL HEALTH SERVICES, INC.",3.244,2.016,0,2,4,12,27,0,2,4,13,27
34,90037,48129.428899428494,81432298.75439432,34.003072867994774,-118.28743581428155,42,"SPECIAL SERVICE FOR GROUPS, INC.",1.64,1.019,0,26,210,328,470,0,26,142,342,452,34,"ADDICTION RESEARCH AND TREATMENT, INC.",6.855,4.26,0,0,14,18,40,0,0,6,22,36,40,"JWCH INSTITUTE, INC.",1.828,1.136,0,2,22,28,57,0,2,12,31,52,22,"JWCH INSTITUTE, INC.",1.828,1.136,0,18,138,212,254,0,18,92,216,248,22,"JWCH INSTITUTE, INC.",1.828,1.136,0,20,162,246,318,0,20,106,254,306,42,"SPECIAL SERVICE FOR GROUPS, INC.",1.64,1.019,0,4,34,58,102,0,4,24,62,98,17,VOLUNTEERS OF AMERICA OF LOS ANGELES,4.242,2.636,0,4,10,18,40,0,4,4,22,38,42,"SPECIAL SERVICE FOR GROUPS, INC.",1.64,1.019,0,5,18,33,57,0,5,13,34,52,20,"THE SALVATION ARMY, A CALIFORNIA CORPORATION",2.432,1.511,0,10,102,152,180,0,10,64,154,176,42,"SPECIAL SERVICE FOR GROUPS, INC.",1.64,1.019,0,11,88,133,165,0,11,71,136,158,105,YOU CAN HEALTH SERVICES,4.801,2.983,0,1,11,22,37,0,1,7,22,34
35,90038,39784.557384437074,42456299.59712191,34.08869753009312,-118.32698246457633,66,"BEHAVIORAL HEALTH SERVICES, INC.",1.534,0.953,0,26,116,222,448,2,22,58,236,440,46,WESTERN PACIFIC MED-CORP,7.797,4.845,0,0,2,10,42,0,0,2,14,42,38,"SADLER HEALTHCARE, INC.",2.919,1.814,0,5,11,20,55,0,5,9,23,54,56,VAN NESS RECOVERY HOUSE,1.995,1.24,0,18,82,144,248,0,16,38,146,246,56,VAN NESS RECOVERY HOUSE,1.995,1.24,0,20,90,168,310,0,18,44,176,308,66,"BEHAVIORAL HEALTH SERVICES, INC.",1.534,0.953,0,6,18,38,94,2,4,12,40,92,38,"SADLER HEALTHCARE, INC.",2.919,1.814,0,4,6,14,46,0,4,6,16,42,66,"BEHAVIORAL HEALTH SERVICES, INC.",1.534,0.953,0,7,11,20,54,1,7,9,23,53,56,VAN NESS RECOVERY HOUSE,1.995,1.24,0,18,66,106,180,0,16,28,106,178,56,VAN NESS RECOVERY HOUSE,1.995,1.24,0,10,53,94,156,0,8,23,97,155,66,"BEHAVIORAL HEALTH SERVICES, INC.",1.534,0.953,0,3,6,11,27,1,3,4,12,27
36,90039,69937.06043918521,113014223.20410106,34.1134023955208,-118.26195127470197,46,WESTERN PACIFIC MED-CORP,2.356,1.464,0,10,128,216,442,0,10,116,222,436,46,WESTERN PACIFIC MED-CORP,2.356,1.464,0,2,6,12,40,0,2,6,12,40,46,WESTERN PACIFIC MED-CORP,2.356,1.464,0,3,14,25,53,0,3,14,26,52,37,"CRI-HELP, INC.",3.877,2.409,0,4,86,142,250,0,4,82,142,248,46,WESTERN PACIFIC MED-CORP,2.356,1.464,0,8,102,166,316,0,8,96,166,312,8,CLINICA MONSENOR OSCAR A. ROMERO,5.306,3.297,0,0,18,38,86,0,0,16,40,84,37,"CRI-HELP, INC.",3.877,2.409,0,4,10,22,40,0,4,8,22,40,49,DIDI HIRSCH PSYCHIATRIC SERVICE,4.364,2.712,0,2,14,24,51,0,2,13,25,49,37,"CRI-HELP, INC.",3.877,2.409,0,2,64,106,182,0,2,60,106,180,37,"CRI-HELP, INC.",3.877,2.409,0,4,59,96,151,0,4,57,97,151,8,CLINICA MONSENOR OSCAR A. ROMERO,5.306,3.297,0,0,8,11,27,0,0,7,11,26
37,90040,83607.82550210957,154837011.09321615,33.9934965154815,-118.14872125008038,54,"THE SALVATION ARMY, A CALIFORNIA CORPORATION",1.3,0.808,0,16,88,298,504,4,16,54,310,484,52,"NARCOTIC PREVENTION ASSOCIATION, INC.",2.963,1.841,0,6,12,24,44,0,6,8,26,44,52,"NARCOTIC PREVENTION ASSOCIATION, INC.",2.963,1.841,0,4,13,33,59,0,4,8,36,59,54,"THE SALVATION ARMY, A CALIFORNIA CORPORATION",1.3,0.808,0,2,38,180,284,2,2,24,184,270,54,"THE SALVATION ARMY, A CALIFORNIA CORPORATION",1.3,0.808,0,8,54,218,348,2,8,32,226,336,62,PENNY LANE CENTERS,1.537,0.955,0,8,24,54,104,2,8,16,54,100,52,"NARCOTIC PREVENTION ASSOCIATION, INC.",2.963,1.841,0,2,10,22,42,0,2,6,22,42,54,"THE SALVATION ARMY, A CALIFORNIA CORPORATION",1.3,0.808,0,5,12,32,58,2,5,7,34,58,54,"THE SALVATION ARMY, A CALIFORNIA CORPORATION",1.3,0.808,0,2,26,116,204,2,2,16,120,196,54,"THE SALVATION ARMY, A CALIFORNIA CORPORATION",1.3,0.808,0,6,32,124,180,2,6,24,128,172,62,PENNY LANE CENTERS,1.537,0.955,0,3,9,24,38,1,3,5,25,38
38,90041,68444.46205588449,98934408.45660304,34.137280304047955,-118.20685680146028,49,DIDI HIRSCH PSYCHIATRIC SERVICE,2.247,1.396,0,6,78,192,418,0,6,34,198,376,46,WESTERN PACIFIC MED-CORP,5.17,3.212,0,0,8,10,36,0,0,4,14,32,216,DIDI HIRSCH PSYCHIATRIC SERVICE,2.247,1.396,0,1,12,24,48,0,1,6,26,44,216,DIDI HIRSCH PSYCHIATRIC SERVICE,2.247,1.396,0,2,46,120,238,0,2,16,122,220,49,DIDI HIRSCH PSYCHIATRIC SERVICE,2.247,1.396,0,4,60,142,298,0,4,24,148,270,94,CASA DE LAS AMIGAS,6.703,4.165,0,0,14,34,80,0,0,6,34,68,216,DIDI HIRSCH PSYCHIATRIC SERVICE,2.247,1.396,0,2,12,20,36,0,2,8,22,36,49,DIDI HIRSCH PSYCHIATRIC SERVICE,2.247,1.396,0,2,7,22,45,0,2,4,22,41,100,"GRANDVIEW FOUNDATION, INC.",6.522,4.053,0,0,40,92,174,0,0,14,94,158,216,DIDI HIRSCH PSYCHIATRIC SERVICE,2.247,1.396,0,2,23,82,146,0,2,4,84,140,101,"SOCIAL MODEL RECOVERY SYSTEMS, INC.",7.105,4.415,0,0,4,11,27,0,0,1,11,21
39,90042,69418.50815192518,126051522.50232247,34.11478812063402,-118.19193723062807,77,"HIGH ROAD PROGRAM, THE",4.618,2.87,0,6,136,204,430,0,6,54,220,414,11,"ADDICTION RESEARCH AND TREATMENT, INC.",6.126,3.806,0,0,8,18,40,0,0,6,18,36,216,DIDI HIRSCH PSYCHIATRIC SERVICE,4.706,2.924,0,1,18,28,52,0,1,8,29,48,216,DIDI HIRSCH PSYCHIATRIC SERVICE,4.706,2.924,0,2,90,122,242,0,2,28,128,238,49,DIDI HIRSCH PSYCHIATRIC SERVICE,4.706,2.924,0,4,106,152,308,0,4,38,160,296,31,"BEHAVIORAL HEALTH SERVICES, INC.",6.386,3.968,0,0,20,36,80,0,0,10,40,78,216,DIDI HIRSCH PSYCHIATRIC SERVICE,4.706,2.924,0,2,12,20,36,0,2,10,20,34,49,DIDI HIRSCH PSYCHIATRIC SERVICE,4.706,2.924,0,2,10,24,50,0,2,6,27,46,15,"CRI-HELP, INC.",6.386,3.968,0,0,68,94,174,0,0,22,94,174,216,DIDI HIRSCH PSYCHIATRIC SERVICE,4.706,2.924,0,2,56,84,150,0,2,10,91,146,31,"BEHAVIORAL HEALTH SERVICES, INC.",6.386,3.968,0,0,6,12,31,0,0,3,14,29
40,90043,57259.13402281939,113286768.59980337,33.98870955874046,-118.33520619681262,58,"ASIAN AMERICAN DRUG ABUSE PROGRAM, INC.",0.69,0.429,6,36,124,322,426,6,36,78,332,410,109,"AEGIS TREATMENT CENTERS, LLC",3.975,2.47,0,2,10,16,40,0,2,4,16,34,109,"AEGIS TREATMENT CENTERS, LLC",3.975,2.47,0,1,11,29,51,0,1,4,30,46,58,"ASIAN AMERICAN DRUG ABUSE PROGRAM, INC.",0.69,0.429,6,24,68,216,236,6,24,44,218,232,58,"ASIAN AMERICAN DRUG ABUSE PROGRAM, INC.",0.69,0.429,6,28,86,244,294,6,28,54,250,284,74,"FAMILIES FOR CHILDREN, INC.",3.436,2.135,0,6,24,54,88,0,6,16,56,84,24,"SADLER HEALTHCARE, INC.",7.225,4.489,0,0,6,18,36,0,0,2,18,32,63,"ASIAN AMERICAN DRUG ABUSE PROGRAM, INC.",0.69,0.429,1,2,14,30,49,1,2,6,33,44,63,"ASIAN AMERICAN DRUG ABUSE PROGRAM, INC.",0.69,0.429,4,20,46,154,164,4,20,34,156,162,58,"ASIAN AMERICAN DRUG ABUSE PROGRAM, INC.",0.69,0.429,4,9,37,130,156,4,9,20,132,150,102,"DIVINE HEALTHCARE SERVICES, INC.",3.877,2.409,0,1,8,19,29,0,1,4,20,28
41,90044,82316.22777618798,139674730.05842745,33.95307459682881,-118.29185386711676,105,YOU CAN HEALTH SERVICES,1.055,0.656,0,20,168,336,562,2,20,146,344,490,34,"ADDICTION RESEARCH AND TREATMENT, INC.",2.665,1.656,0,6,10,18,40,0,6,10,20,36,34,"ADDICTION RESEARCH AND TREATMENT, INC.",2.665,1.656,0,3,11,29,53,0,3,10,32,51,22,"JWCH INSTITUTE, INC.",5.116,3.179,0,0,106,214,342,0,0,100,214,284,34,"ADDICTION RESEARCH AND TREATMENT, INC.",2.665,1.656,0,6,124,248,398,0,6,112,248,336,105,YOU CAN HEALTH SERVICES,1.055,0.656,0,10,28,58,108,2,10,24,66,102,80,"TARZANA TREATMENT CENTERS, INC.",5.955,3.701,0,0,10,22,34,0,0,6,24,34,48,TESSIE CLEVELAND COMMUNITY SERVICES CORPORATION,4.327,2.689,0,2,17,32,58,0,2,14,35,55,63,"ASIAN AMERICAN DRUG ABUSE PROGRAM, INC.",5.806,3.608,0,0,72,152,232,0,0,66,152,200,74,"FAMILIES FOR CHILDREN, INC.",2.803,1.742,0,3,55,131,218,0,3,55,134,187,105,YOU CAN HEALTH SERVICES,1.055,0.656,0,3,11,24,37,1,3,9,25,36
42,90045,98726.59832241385,305820018.86369693,33.95307346893043,-118.40054173307108,135,"BEHAVIORAL HEALTH SERVICES, INC.",0.459,0.285,4,34,64,114,382,4,34,54,198,372,110,ELDORADO COMMUNITY SERVICE CENTER,4.362,2.71,0,4,6,12,28,0,4,6,12,28,110,ELDORADO COMMUNITY SERVICE CENTER,4.362,2.71,0,2,4,11,40,0,2,3,17,39,151,"DIVINE HEALTHCARE SERVICES, INC.",3.695,2.296,0,18,32,54,224,0,18,30,120,220,124,DIDI HIRSCH PSYCHIATRIC SERVICE,3.113,1.934,0,24,42,72,266,0,24,40,140,262,135,"BEHAVIORAL HEALTH SERVICES, INC.",0.459,0.285,2,6,16,26,78,2,6,8,36,74,115,"BEHAVIORAL HEALTH SERVICES, INC.",6.371,3.959,0,0,4,6,26,0,0,4,12,22,85,DIDI HIRSCH PSYCHIATRIC SERVICE,5.424,3.37,0,0,6,12,40,0,0,4,20,40,151,"DIVINE HEALTHCARE SERVICES, INC.",3.695,2.296,0,16,26,40,162,0,16,24,82,158,102,"DIVINE HEALTHCARE SERVICES, INC.",3.695,2.296,0,4,15,27,140,0,4,13,60,137,124,DIDI HIRSCH PSYCHIATRIC SERVICE,3.113,1.934,0,2,5,8,27,0,2,2,13,26
43,90046,86575.3782579,157746549.21207008,34.10757256157507,-118.36502637425869,66,"BEHAVIORAL HEALTH SERVICES, INC.",2.594,1.612,0,8,64,172,436,0,8,28,204,430,138,WESTERN PACIFIC MED-CORP,8.721,5.419,0,0,4,12,40,0,0,0,18,36,47,"CHABAD OF CALIFORNIA, INC.",5.677,3.527,0,0,10,20,53,0,0,4,27,51,56,VAN NESS RECOVERY HOUSE,4.011,2.492,0,4,40,104,246,0,4,18,118,246,56,VAN NESS RECOVERY HOUSE,4.011,2.492,0,4,46,130,302,0,4,18,154,298,66,"BEHAVIORAL HEALTH SERVICES, INC.",2.594,1.612,0,4,14,28,92,0,4,8,32,90,38,"SADLER HEALTHCARE, INC.",7.003,4.351,0,0,8,14,44,0,0,6,16,44,66,"BEHAVIORAL HEALTH SERVICES, INC.",2.594,1.612,0,2,8,21,53,0,2,6,27,53,56,VAN NESS RECOVERY HOUSE,4.011,2.492,0,4,32,78,180,0,4,18,84,180,56,VAN NESS RECOVERY HOUSE,4.011,2.492,0,4,26,68,154,0,4,10,79,154,66,"BEHAVIORAL HEALTH SERVICES, INC.",2.594,1.612,0,1,4,8,27,0,1,2,9,26
44,90047,77331.59323316549,134213045.97884873,33.954100777325046,-118.30899947918302,74,"FAMILIES FOR CHILDREN, INC.",1.296,0.805,0,54,160,316,546,2,24,140,338,462,109,"AEGIS TREATMENT CENTERS, LLC",4.077,2.533,0,8,10,10,36,0,8,10,20,36,109,"AEGIS TREATMENT CENTERS, LLC",4.077,2.533,0,4,11,25,50,0,4,9,30,50,120,"BEHAVIORAL HEALTH SERVICES, INC.",4.819,2.995,0,26,104,208,342,0,2,96,212,270,85,DIDI HIRSCH PSYCHIATRIC SERVICE,3.516,2.185,0,36,120,234,392,0,12,108,248,322,74,"FAMILIES FOR CHILDREN, INC.",1.296,0.805,0,12,26,54,106,2,8,24,58,94,115,"BEHAVIORAL HEALTH SERVICES, INC.",5.491,3.412,0,0,10,16,36,0,0,6,20,34,85,DIDI HIRSCH PSYCHIATRIC SERVICE,3.516,2.185,0,4,16,30,55,0,2,12,32,53,63,"ASIAN AMERICAN DRUG ABUSE PROGRAM, INC.",4.872,3.027,0,20,70,148,234,0,0,62,152,192,74,"FAMILIES FOR CHILDREN, INC.",1.296,0.805,0,12,55,127,217,1,4,52,129,178,105,YOU CAN HEALTH SERVICES,2.395,1.488,0,3,10,21,33,0,2,8,24,32
45,90048,42281.163768227,51266833.47656332,34.0727646368314,-118.37281176558749,91,TWIN TOWN CORPORATION,1.742,1.083,0,14,68,216,438,0,12,34,234,422,165,AMERICAN HEALTH SERVICES LLC,11.705,7.273,0,0,0,12,40,0,0,0,18,38,47,"CHABAD OF CALIFORNIA, INC.",2.479,1.54,0,1,8,23,53,0,1,5,27,51,47,"CHABAD OF CALIFORNIA, INC.",2.479,1.54,0,8,46,134,244,0,6,20,138,242,47,"CHABAD OF CALIFORNIA, INC.",2.479,1.54,0,8,50,158,304,0,6,22,172,294,91,TWIN TOWN CORPORATION,1.742,1.083,0,6,12,38,92,0,6,8,40,92,38,"SADLER HEALTHCARE, INC.",6.759,4.2,0,0,6,16,44,0,0,4,18,44,47,"CHABAD OF CALIFORNIA, INC.",2.479,1.54,0,2,10,21,53,0,2,7,25,52,47,"CHABAD OF CALIFORNIA, INC.",2.479,1.54,0,8,34,100,178,0,6,20,102,176,93,BEIT T'SHUVAH,4.85,3.014,0,2,29,80,152,0,0,12,84,152,66,"BEHAVIORAL HEALTH SERVICES, INC.",4.156,2.583,0,1,4,10,27,0,1,3,11,27
46,90049,132308.72240639746,426414819.88630825,34.088540660612914,-118.48904032658727,160,"DRIVER SAFETY SCHOOLS, INC.",6.373,3.96,0,0,14,72,260,0,0,4,84,256,165,AMERICAN HEALTH SERVICES LLC,10.139,6.3,0,0,0,14,24,0,0,0,14,24,185,CLARE|MATRIX,7.683,4.774,0,0,3,16,34,0,0,1,17,33,185,CLARE|MATRIX,7.683,4.774,0,0,4,22,136,0,0,2,26,134,185,CLARE|MATRIX,7.683,4.774,0,0,4,38,172,0,0,2,42,168,183,CLARE|MATRIX,8.398,5.218,0,0,6,24,60,0,0,0,28,60,187,"PHOENIX HOUSES OF LOS ANGELES, INC.",11.081,6.885,0,0,0,16,32,0,0,0,18,30,183,CLARE|MATRIX,8.398,5.218,0,0,2,13,36,0,0,0,16,34,185,CLARE|MATRIX,7.683,4.774,0,0,2,18,102,0,0,2,22,102,184,CLARE|MATRIX,8.438,5.243,0,0,2,14,91,0,0,0,19,89,271,"TARZANA TREATMENT CENTERS, INC.",11.138,6.921,0,0,0,4,15,0,0,0,5,15
47,90056,37127.55577007013,43781557.24701794,33.98815932381436,-118.37014019434966,124,DIDI HIRSCH PSYCHIATRIC SERVICE,2.412,1.498,0,46,88,272,404,0,42,56,292,400,109,"AEGIS TREATMENT CENTERS, LLC",3.884,2.414,0,4,6,12,34,0,2,4,12,34,109,"AEGIS TREATMENT CENTERS, LLC",3.884,2.414,0,2,5,24,46,0,1,3,25,45,151,"DIVINE HEALTHCARE SERVICES, INC.",3.034,1.885,0,26,50,186,230,0,24,32,200,230,124,DIDI HIRSCH PSYCHIATRIC SERVICE,2.412,1.498,0,34,62,208,282,0,30,40,222,282,102,"DIVINE HEALTHCARE SERVICES, INC.",3.034,1.885,0,6,16,44,82,0,6,10,48,78,115,"BEHAVIORAL HEALTH SERVICES, INC.",8.247,5.124,0,0,6,16,32,0,0,0,16,32,85,DIDI HIRSCH PSYCHIATRIC SERVICE,3.4,2.112,0,2,8,26,45,0,2,3,28,45,151,"DIVINE HEALTHCARE SERVICES, INC.",3.034,1.885,0,22,38,134,162,0,20,28,144,162,102,"DIVINE HEALTHCARE SERVICES, INC.",3.034,1.885,0,10,24,107,148,0,8,11,122,148,124,DIDI HIRSCH PSYCHIATRIC SERVICE,2.412,1.498,0,2,4,15,27,0,2,2,16,26
48,90057,26195.116265201337,25909144.35075439,34.06241441253243,-118.27694978086136,7,"SOCIAL MODEL RECOVERY SYSTEMS, INC.",0.471,0.292,20,92,172,248,462,26,92,138,328,446,11,"ADDICTION RESEARCH AND TREATMENT, INC.",6.197,3.851,0,0,6,16,44,0,0,4,22,40,7,"SOCIAL MODEL RECOVERY SYSTEMS, INC.",0.471,0.292,3,9,18,25,57,4,9,15,31,53,7,"SOCIAL MODEL RECOVERY SYSTEMS, INC.",0.471,0.292,16,70,122,148,254,18,70,100,212,250,7,"SOCIAL MODEL RECOVERY SYSTEMS, INC.",0.471,0.292,16,76,138,178,326,20,76,112,248,316,8,CLINICA MONSENOR OSCAR A. ROMERO,0.716,0.445,2,12,26,46,88,4,12,20,52,84,38,"SADLER HEALTHCARE, INC.",2.543,1.58,0,6,12,16,42,0,6,10,20,40,18,"ALCOHOLISM CENTER FOR WOMEN, INC.",1.479,0.919,0,8,19,27,54,2,8,16,31,50,7,"SOCIAL MODEL RECOVERY SYSTEMS, INC.",0.471,0.292,8,54,86,110,180,8,54,74,152,180,7,"SOCIAL MODEL RECOVERY SYSTEMS, INC.",0.471,0.292,11,47,84,102,159,13,47,64,133,153,8,CLINICA MONSENOR OSCAR A. ROMERO,0.716,0.445,1,5,8,16,29,2,5,8,19,27
49,90058,92632.01048101998,131647587.9253541,34.001109399882445,-118.2186050335878,27,"BEHAVIORAL HEALTH SERVICES, INC.",2.376,1.476,0,28,248,322,478,0,28,142,348,466,52,"NARCOTIC PREVENTION ASSOCIATION, INC.",5.977,3.714,0,0,16,22,46,0,0,10,26,40,17,VOLUNTEERS OF AMERICA OF LOS ANGELES,2.693,1.673,0,3,24,32,62,0,3,12,35,57,97,"BEHAVIORAL HEALTH SERVICES, INC.",2.376,1.476,0,22,166,208,258,0,22,84,220,256,97,"BEHAVIORAL HEALTH SERVICES, INC.",2.376,1.476,0,22,192,244,326,0,22,100,262,318,27,"BEHAVIORAL HEALTH SERVICES, INC.",2.376,1.476,0,4,40,56,100,0,4,28,62,98,17,VOLUNTEERS OF AMERICA OF LOS ANGELES,2.693,1.673,0,2,12,20,46,0,2,6,24,46,17,VOLUNTEERS OF AMERICA OF LOS ANGELES,2.693,1.673,0,3,22,33,59,0,3,14,38,56,97,"BEHAVIORAL HEALTH SERVICES, INC.",2.376,1.476,0,10,112,146,184,0,10,60,154,184,97,"BEHAVIORAL HEALTH SERVICES, INC.",2.376,1.476,0,21,111,129,167,0,21,65,141,165,48,TESSIE CLEVELAND COMMUNITY SERVICES CORPORATION,4.707,2.925,0,1,15,21,38,0,1,10,23,38
50,90059,66238.94724715849,93135767.77896343,33.92566733204766,-118.24957550272465,80,"TARZANA TREATMENT CENTERS, INC.",1.036,0.644,0,84,128,292,564,66,80,114,350,550,79,"ADDICTION RESEARCH AND TREATMENT, INC.",1.455,0.904,0,6,10,16,40,2,6,6,28,40,80,"TARZANA TREATMENT CENTERS, INC.",1.036,0.644,0,6,12,23,53,4,6,9,37,51,81,"BEHAVIORAL HEALTH SERVICES, INC.",1.036,0.644,0,62,78,176,342,62,62,74,208,338,81,"BEHAVIORAL HEALTH SERVICES, INC.",1.036,0.644,0,70,94,202,400,64,68,84,250,392,80,"TARZANA TREATMENT CENTERS, INC.",1.036,0.644,0,10,22,62,110,2,8,20,72,110,80,"TARZANA TREATMENT CENTERS, INC.",1.036,0.644,0,4,8,20,34,4,4,4,26,32,80,"TARZANA TREATMENT CENTERS, INC.",1.036,0.644,0,7,15,30,59,3,6,12,36,56,81,"BEHAVIORAL HEALTH SERVICES, INC.",1.036,0.644,0,40,48,122,232,40,40,44,142,230,81,"BEHAVIORAL HEALTH SERVICES, INC.",1.036,0.644,0,33,47,116,218,30,33,45,138,216,350,HEALTHRIGHT 360,1.036,0.644,0,5,9,21,39,2,4,8,26,38
51,90061,52266.48757815451,76648929.35140952,33.920325779186264,-118.27398897858527,79,"ADDICTION RESEARCH AND TREATMENT, INC.",1.138,0.707,0,84,154,262,552,2,84,114,316,552,79,"ADDICTION RESEARCH AND TREATMENT, INC.",1.138,0.707,0,6,10,14,40,2,6,8,18,40,79,"ADDICTION RESEARCH AND TREATMENT, INC.",1.138,0.707,0,6,11,21,52,1,6,9,27,52,81,"BEHAVIORAL HEALTH SERVICES, INC.",3.214,1.997,0,62,100,160,340,0,62,70,196,340,79,"ADDICTION RESEARCH AND TREATMENT, INC.",1.138,0.707,0,68,116,184,394,2,68,82,226,394,80,"TARZANA TREATMENT CENTERS, INC.",3.214,1.997,0,12,26,54,110,0,12,22,62,110,80,"TARZANA TREATMENT CENTERS, INC.",3.214,1.997,0,4,6,16,32,0,4,6,22,32,80,"TARZANA TREATMENT CENTERS, INC.",3.214,1.997,0,6,15,26,56,0,6,12,31,56,81,"BEHAVIORAL HEALTH SERVICES, INC.",3.214,1.997,0,40,66,108,232,0,40,46,134,232,81,"BEHAVIORAL HEALTH SERVICES, INC.",3.214,1.997,0,32,55,102,216,0,32,41,130,216,350,HEALTHRIGHT 360,3.214,1.997,0,6,10,19,38,0,6,9,22,38
52,90062,36684.79352519134,52544723.60222985,34.00356978974949,-118.30909302329407,58,"ASIAN AMERICAN DRUG ABUSE PROGRAM, INC.",2.297,1.427,0,26,190,324,452,0,24,142,336,442,109,"AEGIS TREATMENT CENTERS, LLC",6.651,4.133,0,0,10,18,40,0,0,8,20,36,40,"JWCH INSTITUTE, INC.",3.724,2.314,0,1,17,28,54,0,1,14,31,52,58,"ASIAN AMERICAN DRUG ABUSE PROGRAM, INC.",2.297,1.427,0,18,122,212,250,0,18,92,216,250,58,"ASIAN AMERICAN DRUG ABUSE PROGRAM, INC.",2.297,1.427,0,20,142,244,310,0,20,108,252,304,42,"SPECIAL SERVICE FOR GROUPS, INC.",3.188,1.981,0,4,32,58,96,0,2,24,60,92,24,"SADLER HEALTHCARE, INC.",4.617,2.869,0,2,8,18,40,0,2,4,20,40,63,"ASIAN AMERICAN DRUG ABUSE PROGRAM, INC.",2.297,1.427,0,4,15,32,52,0,4,14,35,50,63,"ASIAN AMERICAN DRUG ABUSE PROGRAM, INC.",2.297,1.427,0,10,92,152,176,0,10,66,154,176,58,"ASIAN AMERICAN DRUG ABUSE PROGRAM, INC.",2.297,1.427,0,14,78,133,159,0,13,56,135,158,105,YOU CAN HEALTH SERVICES,5.369,3.336,0,0,10,22,32,0,0,8,22,30
53,90063,54052.13906672822,93436930.3760361,34.04543223563807,-118.18551840256372,33,"SOCIAL MODEL RECOVERY SYSTEMS, INC.",1.727,1.073,0,48,150,320,454,0,46,110,342,450,11,"ADDICTION RESEARCH AND TREATMENT, INC.",2.868,1.782,0,6,12,22,42,0,6,10,24,40,33,"SOCIAL MODEL RECOVERY SYSTEMS, INC.",1.727,1.073,0,6,16,36,55,0,5,11,41,54,33,"SOCIAL MODEL RECOVERY SYSTEMS, INC.",1.727,1.073,0,26,98,202,250,0,26,70,214,250,33,"SOCIAL MODEL RECOVERY SYSTEMS, INC.",1.727,1.073,0,34,116,240,314,0,34,84,254,312,14,CLINICA MONSENOR OSCAR A. ROMERO,2.296,1.427,0,12,24,54,94,0,10,20,60,92,21,"CRI-HELP, INC.",3.158,1.962,0,4,8,28,40,0,4,6,32,40,9,EXODUS RECOVERY INC.,2.638,1.639,0,5,13,34,54,0,4,10,38,54,71,EXODUS RECOVERY INC.,2.638,1.639,0,16,66,142,178,0,16,54,154,178,33,"SOCIAL MODEL RECOVERY SYSTEMS, INC.",1.727,1.073,0,24,73,130,160,0,23,54,134,159,14,CLINICA MONSENOR OSCAR A. ROMERO,2.296,1.427,0,4,8,20,36,0,4,7,22,36
54,90064,65690.78766591128,110414356.23062995,34.03704868550189,-118.42454405161868,160,"DRIVER SAFETY SCHOOLS, INC.",1.879,1.168,0,8,40,132,402,0,8,30,144,386,165,AMERICAN HEALTH SERVICES LLC,5.536,3.44,0,0,2,6,34,0,0,2,6,32,165,AMERICAN HEALTH SERVICES LLC,5.536,3.44,0,0,5,15,46,0,0,5,15,44,93,BEIT T'SHUVAH,3.579,2.224,0,2,20,78,228,0,2,14,84,226,93,BEIT T'SHUVAH,3.579,2.224,0,2,24,92,276,0,2,18,98,272,86,"CHABAD OF CALIFORNIA, INC.",4.541,2.822,0,2,8,26,84,0,2,6,30,78,187,"PHOENIX HOUSES OF LOS ANGELES, INC.",7.099,4.411,0,0,2,8,38,0,0,2,12,36,183,CLARE|MATRIX,5.814,3.613,0,0,4,15,49,0,0,3,17,44,93,BEIT T'SHUVAH,3.579,2.224,0,2,16,56,162,0,2,12,60,160,93,BEIT T'SHUVAH,3.579,2.224,0,2,8,43,149,0,2,4,49,144,124,DIDI HIRSCH PSYCHIATRIC SERVICE,6.85,4.256,0,0,1,6,26,0,0,1,8,23
55,90065,83157.70257170666,145389928.34674114,34.107919158648315,-118.22715754800016,49,DIDI HIRSCH PSYCHIATRIC SERVICE,3.878,2.409,0,8,140,218,440,0,8,110,230,430,46,WESTERN PACIFIC MED-CORP,4.43,2.753,0,2,6,14,40,0,2,6,14,38,216,DIDI HIRSCH PSYCHIATRIC SERVICE,3.878,2.409,0,2,16,28,51,0,2,14,28,49,216,DIDI HIRSCH PSYCHIATRIC SERVICE,3.878,2.409,0,2,96,134,244,0,2,76,142,242,49,DIDI HIRSCH PSYCHIATRIC SERVICE,3.878,2.409,0,6,110,160,312,0,6,90,168,306,31,"BEHAVIORAL HEALTH SERVICES, INC.",5.398,3.354,0,0,22,40,86,0,0,12,44,82,216,DIDI HIRSCH PSYCHIATRIC SERVICE,3.878,2.409,0,2,12,20,38,0,2,8,22,38,49,DIDI HIRSCH PSYCHIATRIC SERVICE,3.878,2.409,0,2,15,27,52,0,2,9,29,49,15,"CRI-HELP, INC.",5.398,3.354,0,0,72,100,176,0,0,56,106,176,216,DIDI HIRSCH PSYCHIATRIC SERVICE,3.878,2.409,0,2,59,91,153,0,2,51,98,149,31,"BEHAVIORAL HEALTH SERVICES, INC.",5.398,3.354,0,0,8,12,29,0,0,6,13,28
56,90066,69889.16119913061,139512530.34869063,34.00108625914951,-118.43106428746631,131,AM/PM CULVER CITY BUDGET/ESCUELA LATINA AND ALCOHOL ASSESSMENTS 2,1.783,1.108,0,12,68,110,388,0,10,46,122,370,165,AMERICAN HEALTH SERVICES LLC,3.064,1.904,0,2,6,6,30,0,2,2,6,28,165,AMERICAN HEALTH SERVICES LLC,3.064,1.904,0,3,7,10,44,0,2,4,11,40,187,"PHOENIX HOUSES OF LOS ANGELES, INC.",4.332,2.692,0,4,38,58,226,0,2,26,64,222,165,AMERICAN HEALTH SERVICES LLC,3.064,1.904,0,8,48,72,274,0,6,30,78,264,183,CLARE|MATRIX,4.779,2.97,0,2,10,28,76,0,2,8,30,70,187,"PHOENIX HOUSES OF LOS ANGELES, INC.",4.332,2.692,0,2,2,8,34,0,2,2,8,30,183,CLARE|MATRIX,4.779,2.97,0,2,5,16,45,0,1,2,18,40,187,"PHOENIX HOUSES OF LOS ANGELES, INC.",4.332,2.692,0,2,32,42,160,0,2,22,48,158,184,CLARE|MATRIX,4.835,3.004,0,2,12,28,145,0,0,7,34,140,124,DIDI HIRSCH PSYCHIATRIC SERVICE,4.052,2.518,0,1,2,8,24,0,1,2,9,23
57,90067,15765.28146989418,10353515.966733987,34.057580455349054,-118.41415352475539,160,"DRIVER SAFETY SCHOOLS, INC.",2.456,1.526,0,8,34,150,398,0,8,22,196,386,165,AMERICAN HEALTH SERVICES LLC,7.921,4.922,0,0,2,12,34,0,0,2,12,34,47,"CHABAD OF CALIFORNIA, INC.",5.611,3.487,0,0,5,19,45,0,0,4,20,45,93,BEIT T'SHUVAH,3.934,2.444,0,2,16,82,228,0,2,10,122,226,93,BEIT T'SHUVAH,3.934,2.444,0,2,20,104,276,0,2,12,146,274,86,"CHABAD OF CALIFORNIA, INC.",3.717,2.31,0,4,8,28,84,0,4,6,32,76,187,"PHOENIX HOUSES OF LOS ANGELES, INC.",9.473,5.886,0,0,2,12,38,0,0,0,12,38,47,"CHABAD OF CALIFORNIA, INC.",5.611,3.487,0,0,4,18,49,0,0,3,19,45,93,BEIT T'SHUVAH,3.934,2.444,0,2,14,58,162,0,2,8,92,160,93,BEIT T'SHUVAH,3.934,2.444,0,2,6,48,149,0,2,4,75,145,66,"BEHAVIORAL HEALTH SERVICES, INC.",8.215,5.105,0,0,2,6,26,0,0,0,8,22
58,90068,86280.16951888795,205592864.86485192,34.1277688313763,-118.32997340190546,56,VAN NESS RECOVERY HOUSE,2.537,1.577,0,8,66,178,436,0,8,24,190,362,46,WESTERN PACIFIC MED-CORP,6.217,3.863,0,0,4,16,40,0,0,2,16,40,37,"CRI-HELP, INC.",5.736,3.564,0,0,11,22,54,0,0,4,23,50,56,VAN NESS RECOVERY HOUSE,2.537,1.577,0,4,40,108,246,0,4,12,114,184,56,VAN NESS RECOVERY HOUSE,2.537,1.577,0,4,48,136,302,0,4,14,144,240,66,"BEHAVIORAL HEALTH SERVICES, INC.",3.434,2.134,0,2,12,28,92,0,2,6,30,82,37,"CRI-HELP, INC.",5.736,3.564,0,0,8,16,44,0,0,6,16,38,56,VAN NESS RECOVERY HOUSE,2.537,1.577,0,2,10,21,54,0,2,5,24,47,56,VAN NESS RECOVERY HOUSE,2.537,1.577,0,4,28,82,180,0,4,12,82,140,56,VAN NESS RECOVERY HOUSE,2.537,1.577,0,4,28,70,155,0,4,10,77,122,66,"BEHAVIORAL HEALTH SERVICES, INC.",3.434,2.134,0,1,4,8,26,0,1,2,8,22
59,90069,45167.32582959861,60101434.16511605,34.093864127294246,-118.38141422228577,91,TWIN TOWN CORPORATION,0.767,0.477,2,10,42,190,430,2,10,24,226,422,138,WESTERN PACIFIC MED-CORP,9.85,6.12,0,0,2,12,36,0,0,0,16,34,47,"CHABAD OF CALIFORNIA, INC.",4.808,2.988,0,1,6,21,51,0,1,2,26,48,47,"CHABAD OF CALIFORNIA, INC.",4.808,2.988,0,6,22,118,246,0,6,14,136,244,47,"CHABAD OF CALIFORNIA, INC.",4.808,2.988,0,6,26,146,298,0,6,14,168,292,91,TWIN TOWN CORPORATION,0.767,0.477,2,4,10,28,92,2,4,8,38,90,38,"SADLER HEALTHCARE, INC.",7.811,4.854,0,0,6,14,44,0,0,2,18,44,66,"BEHAVIORAL HEALTH SERVICES, INC.",3.895,2.42,0,2,7,22,53,0,2,5,26,51,47,"CHABAD OF CALIFORNIA, INC.",4.808,2.988,0,6,22,92,180,0,6,14,100,178,56,VAN NESS RECOVERY HOUSE,5.681,3.53,0,0,15,70,154,0,0,6,82,151,66,"BEHAVIORAL HEALTH SERVICES, INC.",3.895,2.42,0,1,3,8,27,0,1,2,9,27
60,90071,8750.620807938023,4040733.4467561804,34.05249598234689,-118.25545057929655,43,"PRINCIPLES, INC.",1.176,0.731,0,114,168,320,472,48,114,142,334,462,11,"ADDICTION RESEARCH AND TREATMENT, INC.",4.339,2.696,0,4,8,22,44,0,4,4,24,42,0,LOS ANGELES CENTERS FOR ALCOHOL AND DRUG ABUSE,1.39,0.864,0,12,18,31,60,1,12,15,32,58,50,"SPECIAL SERVICE FOR GROUPS, INC.",1.176,0.731,0,80,120,210,258,40,80,104,210,256,50,"SPECIAL SERVICE FOR GROUPS, INC.",1.176,0.731,0,92,136,244,326,42,92,116,248,322,43,"PRINCIPLES, INC.",1.176,0.731,0,16,24,54,96,4,16,20,60,92,24,"SADLER HEALTHCARE, INC.",3.444,2.14,0,8,12,18,44,0,8,10,18,44,0,LOS ANGELES CENTERS FOR ALCOHOL AND DRUG ABUSE,1.39,0.864,0,11,19,32,59,1,11,13,33,56,50,"SPECIAL SERVICE FOR GROUPS, INC.",1.176,0.731,0,60,86,150,182,34,60,72,150,180,50,"SPECIAL SERVICE FOR GROUPS, INC.",1.176,0.731,0,49,84,132,165,27,49,74,132,163,181,LOS ANGELES CENTERS FOR ALCOHOL AND DRUG ABUSE,1.39,0.864,0,7,9,19,36,2,7,7,21,32
61,90073,27361.199204049073,17737982.915539823,34.05709805587639,-118.45884775980892,160,"DRIVER SAFETY SCHOOLS, INC.",2.048,1.273,0,2,28,94,310,0,2,22,120,308,165,AMERICAN HEALTH SERVICES LLC,6.402,3.978,0,0,2,10,32,0,0,2,14,32,185,CLARE|MATRIX,5.139,3.193,0,0,5,11,40,0,0,4,18,39,185,CLARE|MATRIX,5.139,3.193,0,0,14,48,160,0,0,8,58,158,185,CLARE|MATRIX,5.139,3.193,0,0,16,64,206,0,0,10,80,204,183,CLARE|MATRIX,5.27,3.274,0,0,6,18,70,0,0,6,26,70,187,"PHOENIX HOUSES OF LOS ANGELES, INC.",7.681,4.773,0,0,2,6,34,0,0,2,18,34,183,CLARE|MATRIX,5.27,3.274,0,0,3,12,39,0,0,2,19,39,185,CLARE|MATRIX,5.139,3.193,0,0,12,40,116,0,0,6,50,116,184,CLARE|MATRIX,5.339,3.318,0,0,4,21,111,0,0,4,30,109,124,DIDI HIRSCH PSYCHIATRIC SERVICE,10.356,6.435,0,0,0,4,19,0,0,0,7,19
62,90077,90139.71217973657,201734547.4613489,34.10584343687676,-118.4549589683072,174,TWIN TOWN CORPORATION,6.113,3.799,0,0,20,88,286,0,0,6,98,284,199,AMERICAN HEALTH SERVICES LLC,8.779,5.455,0,0,6,16,28,0,0,0,16,28,190,"THE TEEN PROJECT, INC., D.B.A. FREEHAB",8.768,5.448,0,0,4,18,37,0,0,0,22,37,190,"THE TEEN PROJECT, INC., D.B.A. FREEHAB",8.768,5.448,0,0,2,28,148,0,0,0,34,148,188,NATIONAL COUNCIL ON ALCOHOLISM AND DRUG DEPENDENCE OF THE SAN FERNANDO VALLEY,8.508,5.287,0,0,10,46,190,0,0,0,54,190,174,TWIN TOWN CORPORATION,6.113,3.799,0,0,6,30,66,0,0,4,32,64,190,"THE TEEN PROJECT, INC., D.B.A. FREEHAB",8.768,5.448,0,0,2,18,34,0,0,0,22,34,188,NATIONAL COUNCIL ON ALCOHOLISM AND DRUG DEPENDENCE OF THE SAN FERNANDO VALLEY,8.508,5.287,0,0,3,18,39,0,0,0,21,38,185,CLARE|MATRIX,10.169,6.319,0,0,0,24,110,0,0,0,30,110,190,"THE TEEN PROJECT, INC., D.B.A. FREEHAB",8.768,5.448,0,0,3,21,98,0,0,0,26,97,66,"BEHAVIORAL HEALTH SERVICES, INC.",10.677,6.634,0,0,0,6,18,0,0,0,7,17
63,90089,12256.828341047574,7188822.482012635,34.021463343092336,-118.28653098802096,32,PEOPLE COORDINATED SERVICES OF SOUTHERN CALIFORNIA,0.796,0.495,2,76,208,330,468,6,74,150,338,466,11,"ADDICTION RESEARCH AND TREATMENT, INC.",8.376,5.205,0,0,10,18,42,0,0,0,22,40,40,"JWCH INSTITUTE, INC.",3.283,2.04,0,6,19,30,57,0,6,13,32,56,20,"THE SALVATION ARMY, A CALIFORNIA CORPORATION",1.068,0.663,0,58,140,214,252,2,58,112,214,252,32,PEOPLE COORDINATED SERVICES OF SOUTHERN CALIFORNIA,0.796,0.495,2,64,160,248,318,4,64,118,254,316,18,"ALCOHOLISM CENTER FOR WOMEN, INC.",3.166,1.967,0,8,34,58,98,0,6,24,60,98,24,"SADLER HEALTHCARE, INC.",2.337,1.452,0,4,10,20,40,0,4,10,20,40,24,"SADLER HEALTHCARE, INC.",2.337,1.452,0,8,19,35,56,0,7,15,36,55,20,"THE SALVATION ARMY, A CALIFORNIA CORPORATION",1.068,0.663,0,36,104,152,178,2,36,80,152,178,16,"ALCOHOLISM CENTER FOR WOMEN, INC.",3.185,1.979,0,40,90,136,162,0,40,76,136,162,25,CHILDREN'S HOSPITAL LOS ANGELES,4.438,2.758,0,4,11,21,34,0,3,8,22,34
64,90094,49434.59967525647,33728277.836135775,33.97237173433808,-118.42574338965284,124,DIDI HIRSCH PSYCHIATRIC SERVICE,3.009,1.87,0,10,66,100,366,0,10,52,122,358,165,AMERICAN HEALTH SERVICES LLC,4.674,2.904,0,2,6,6,24,0,2,6,12,24,165,AMERICAN HEALTH SERVICES LLC,4.674,2.904,0,1,6,8,36,0,1,6,12,36,187,"PHOENIX HOUSES OF LOS ANGELES, INC.",5.003,3.109,0,0,34,54,224,0,0,26,56,220,124,DIDI HIRSCH PSYCHIATRIC SERVICE,3.009,1.87,0,4,44,66,266,0,4,36,76,262,135,"BEHAVIORAL HEALTH SERVICES, INC.",3.418,2.124,0,2,12,24,64,0,2,8,30,62,187,"PHOENIX HOUSES OF LOS ANGELES, INC.",5.003,3.109,0,0,4,6,22,0,0,2,6,22,183,CLARE|MATRIX,6.817,4.236,0,0,5,11,37,0,0,3,15,35,187,"PHOENIX HOUSES OF LOS ANGELES, INC.",5.003,3.109,0,0,28,40,160,0,0,22,40,156,102,"DIVINE HEALTHCARE SERVICES, INC.",6.008,3.733,0,0,15,26,138,0,0,8,28,136,124,DIDI HIRSCH PSYCHIATRIC SERVICE,3.009,1.87,0,1,2,6,24,0,1,2,9,21
65,90095,13510.441404207379,9051774.86687072,34.071394812854564,-118.44326567687524,160,"DRIVER SAFETY SCHOOLS, INC.",2.509,1.559,0,2,30,112,318,0,2,18,144,312,165,AMERICAN HEALTH SERVICES LLC,8.203,5.097,0,0,2,10,34,0,0,0,14,32,185,CLARE|MATRIX,7.271,4.518,0,0,5,15,41,0,0,3,21,40,93,BEIT T'SHUVAH,6.921,4.301,0,0,14,58,162,0,0,6,76,160,93,BEIT T'SHUVAH,6.921,4.301,0,0,16,76,210,0,0,6,98,206,91,TWIN TOWN CORPORATION,6.013,3.737,0,0,8,22,72,0,0,6,30,72,187,"PHOENIX HOUSES OF LOS ANGELES, INC.",9.592,5.96,0,0,2,16,34,0,0,0,18,34,183,CLARE|MATRIX,7.323,4.55,0,0,3,18,40,0,0,2,20,40,93,BEIT T'SHUVAH,6.921,4.301,0,0,12,50,118,0,0,4,58,116,93,BEIT T'SHUVAH,6.921,4.301,0,0,4,28,112,0,0,4,43,111,66,"BEHAVIORAL HEALTH SERVICES, INC.",10.009,6.219,0,0,0,6,20,0,0,0,8,20
66,90201,91501.69918224006,175806946.04394233,33.97122169491719,-118.17066918420504,62,PENNY LANE CENTERS,1.804,1.121,0,18,150,300,528,0,18,60,324,528,52,"NARCOTIC PREVENTION ASSOCIATION, INC.",5.463,3.395,0,0,14,26,46,0,0,8,26,46,65,LOS ANGELES CENTERS FOR ALCOHOL AND DRUG ABUSE,3.8,2.361,0,1,17,33,60,0,1,8,36,60,54,"THE SALVATION ARMY, A CALIFORNIA CORPORATION",2.154,1.338,0,8,94,176,298,0,8,24,188,298,54,"THE SALVATION ARMY, A CALIFORNIA CORPORATION",2.154,1.338,0,8,112,212,364,0,8,34,230,364,62,PENNY LANE CENTERS,1.804,1.121,0,6,26,60,110,0,6,20,66,110,114,"SOUTHERN CALIFORNIA ALCOHOL AND DRUG PROGRAMS, INC.",4.697,2.919,0,2,12,20,42,0,2,6,20,42,62,PENNY LANE CENTERS,1.804,1.121,0,3,17,33,60,0,3,9,40,60,54,"THE SALVATION ARMY, A CALIFORNIA CORPORATION",2.154,1.338,0,6,58,112,216,0,6,16,122,216,54,"THE SALVATION ARMY, A CALIFORNIA CORPORATION",2.154,1.338,0,6,64,126,191,0,6,27,134,191,62,PENNY LANE CENTERS,1.804,1.121,0,2,10,23,40,0,2,6,29,40
67,90210,107987.1319164386,302058172.74713165,34.102274448958006,-118.41511710926139,91,TWIN TOWN CORPORATION,3.592,2.232,0,2,38,118,320,0,2,16,132,316,138,WESTERN PACIFIC MED-CORP,8.982,5.582,0,0,4,16,34,0,0,0,18,34,47,"CHABAD OF CALIFORNIA, INC.",7.57,4.704,0,0,4,22,41,0,0,1,24,41,47,"CHABAD OF CALIFORNIA, INC.",7.57,4.704,0,0,16,58,162,0,0,6,60,162,47,"CHABAD OF CALIFORNIA, INC.",7.57,4.704,0,0,22,80,210,0,0,6,84,210,91,TWIN TOWN CORPORATION,3.592,2.232,0,2,10,26,72,0,2,8,32,70,130,"CRI-HELP, INC.",8.757,5.441,0,0,4,18,34,0,0,0,20,34,66,"BEHAVIORAL HEALTH SERVICES, INC.",6.989,4.343,0,0,5,20,40,0,0,2,22,40,47,"CHABAD OF CALIFORNIA, INC.",7.57,4.704,0,0,14,42,118,0,0,6,44,118,93,BEIT T'SHUVAH,8.391,5.214,0,0,11,39,112,0,0,0,41,112,66,"BEHAVIORAL HEALTH SERVICES, INC.",6.989,4.343,0,0,1,7,20,0,0,1,8,19
68,90211,24391.04377962011,19584945.03786672,34.064976574722785,-118.38303566618413,86,"CHABAD OF CALIFORNIA, INC.",2.22,1.38,0,12,50,202,430,0,12,28,226,398,165,AMERICAN HEALTH SERVICES LLC,10.426,6.479,0,0,0,12,38,0,0,0,18,34,47,"CHABAD OF CALIFORNIA, INC.",2.869,1.783,0,1,5,22,52,0,1,2,26,45,47,"CHABAD OF CALIFORNIA, INC.",2.869,1.783,0,8,30,124,242,0,8,16,136,228,47,"CHABAD OF CALIFORNIA, INC.",2.869,1.783,0,8,36,148,298,0,8,16,168,276,86,"CHABAD OF CALIFORNIA, INC.",2.22,1.38,0,4,10,36,92,0,4,8,38,84,38,"SADLER HEALTHCARE, INC.",7.783,4.836,0,0,6,14,44,0,0,2,16,38,47,"CHABAD OF CALIFORNIA, INC.",2.869,1.783,0,1,10,20,53,0,1,5,23,49,47,"CHABAD OF CALIFORNIA, INC.",2.869,1.783,0,8,26,94,176,0,8,16,102,162,93,BEIT T'SHUVAH,3.831,2.381,0,2,18,76,152,0,2,8,82,149,66,"BEHAVIORAL HEALTH SERVICES, INC.",5.435,3.377,0,0,4,9,27,0,0,2,10,26
69,90212,25920.486770685224,25163960.229576625,34.0620193907634,-118.40141504487393,86,"CHABAD OF CALIFORNIA, INC.",2.928,1.819,0,14,46,196,400,0,14,18,204,396,165,AMERICAN HEALTH SERVICES LLC,9.031,5.611,0,0,2,12,34,0,0,0,14,34,47,"CHABAD OF CALIFORNIA, INC.",4.466,2.775,0,1,7,20,45,0,1,1,23,45,93,BEIT T'SHUVAH,3.751,2.331,0,8,26,122,228,0,8,8,124,228,93,BEIT T'SHUVAH,3.751,2.331,0,8,32,146,276,0,8,8,150,276,86,"CHABAD OF CALIFORNIA, INC.",2.928,1.819,0,4,10,32,84,0,4,6,36,84,38,"SADLER HEALTHCARE, INC.",9.507,5.907,0,0,2,12,38,0,0,0,14,38,47,"CHABAD OF CALIFORNIA, INC.",4.466,2.775,0,1,9,19,49,0,1,2,21,49,93,BEIT T'SHUVAH,3.751,2.331,0,8,22,92,162,0,8,8,94,162,93,BEIT T'SHUVAH,3.751,2.331,0,2,14,75,149,0,2,2,76,149,66,"BEHAVIORAL HEALTH SERVICES, INC.",6.966,4.329,0,0,4,8,26,0,0,1,9,26
70,90220,76544.46362909698,189068383.38366336,33.880624620906644,-118.23613799850885,134,"FRED KENNEDY ASSOCIATES, INC.",2.856,1.774,0,74,126,260,530,0,72,104,292,528,146,WEST COUNTY MEDICAL CLINIC,4.909,3.051,0,2,10,20,38,0,0,10,22,36,80,"TARZANA TREATMENT CENTERS, INC.",4.616,2.869,0,4,14,23,48,0,3,12,25,47,81,"BEHAVIORAL HEALTH SERVICES, INC.",4.616,2.869,0,62,70,158,330,0,62,66,176,330,117,"JWCH INSTITUTE, INC.",2.944,1.829,0,66,82,180,382,0,64,78,200,380,80,"TARZANA TREATMENT CENTERS, INC.",4.616,2.869,0,4,30,56,104,0,4,18,62,104,80,"TARZANA TREATMENT CENTERS, INC.",4.616,2.869,0,4,6,20,30,0,4,6,20,30,117,"JWCH INSTITUTE, INC.",2.944,1.829,0,5,15,27,52,0,5,10,30,52,81,"BEHAVIORAL HEALTH SERVICES, INC.",4.616,2.869,0,40,46,110,224,0,40,44,122,224,81,"BEHAVIORAL HEALTH SERVICES, INC.",4.616,2.869,0,31,41,95,210,0,31,34,112,210,350,HEALTHRIGHT 360,4.616,2.869,0,3,12,17,37,0,3,7,19,37
71,90221,84538.47081698071,149356841.74583176,33.88521370322205,-118.20679071789368,117,"JWCH INSTITUTE, INC.",1.234,0.767,0,16,124,258,532,2,16,100,274,530,146,WEST COUNTY MEDICAL CLINIC,3.658,2.273,0,4,10,18,36,0,4,6,24,36,146,WEST COUNTY MEDICAL CLINIC,3.658,2.273,0,5,14,24,47,0,5,11,27,47,81,"BEHAVIORAL HEALTH SERVICES, INC.",5.074,3.153,0,0,78,154,330,0,0,70,154,330,117,"JWCH INSTITUTE, INC.",1.234,0.767,0,6,90,172,382,2,6,78,180,380,152,"TARZANA TREATMENT CENTERS, INC.",4.386,2.725,0,8,22,62,104,0,8,16,68,104,152,"TARZANA TREATMENT CENTERS, INC.",4.386,2.725,0,2,14,20,30,0,2,6,22,30,117,"JWCH INSTITUTE, INC.",1.234,0.767,0,5,13,31,53,1,5,10,34,52,81,"BEHAVIORAL HEALTH SERVICES, INC.",5.074,3.153,0,0,50,102,224,0,0,46,102,224,152,"TARZANA TREATMENT CENTERS, INC.",4.386,2.725,0,3,46,108,210,0,3,38,112,210,83,"SHIELDS FOR FAMILIES, INC.",4.634,2.879,0,1,7,20,38,0,1,6,22,37
72,90222,45326.19294803554,71883479.90485835,33.91235850437969,-118.23568098727506,80,"TARZANA TREATMENT CENTERS, INC.",1.127,0.7,0,84,134,268,548,66,84,106,316,544,79,"ADDICTION RESEARCH AND TREATMENT, INC.",3.201,1.989,0,6,10,20,40,0,6,8,26,38,80,"TARZANA TREATMENT CENTERS, INC.",1.127,0.7,0,7,13,27,49,3,7,9,32,48,81,"BEHAVIORAL HEALTH SERVICES, INC.",1.127,0.7,0,62,78,160,336,62,62,66,182,336,81,"BEHAVIORAL HEALTH SERVICES, INC.",1.127,0.7,0,72,90,188,392,62,72,78,216,388,80,"TARZANA TREATMENT CENTERS, INC.",1.127,0.7,0,6,30,58,108,4,6,16,72,108,80,"TARZANA TREATMENT CENTERS, INC.",1.127,0.7,0,4,8,22,32,4,4,4,24,32,80,"TARZANA TREATMENT CENTERS, INC.",1.127,0.7,0,6,15,30,55,4,6,9,38,54,81,"BEHAVIORAL HEALTH SERVICES, INC.",1.127,0.7,0,40,48,108,230,40,40,44,124,230,81,"BEHAVIORAL HEALTH SERVICES, INC.",1.127,0.7,0,32,47,108,214,31,32,35,126,214,350,HEALTHRIGHT 360,1.127,0.7,0,3,11,21,39,3,3,8,24,38
73,90230,66927.6292375389,120572532.5652479,33.99655170344455,-118.39583222804454,124,DIDI HIRSCH PSYCHIATRIC SERVICE,1.772,1.101,0,30,74,156,394,0,10,62,206,380,109,"AEGIS TREATMENT CENTERS, LLC",5.97,3.709,0,0,6,12,32,0,0,6,12,26,109,"AEGIS TREATMENT CENTERS, LLC",5.97,3.709,0,0,7,19,43,0,0,4,21,38,93,BEIT T'SHUVAH,3.887,2.415,0,20,42,84,228,0,2,34,124,226,124,DIDI HIRSCH PSYCHIATRIC SERVICE,1.772,1.101,0,22,52,104,278,0,4,44,146,274,135,"BEHAVIORAL HEALTH SERVICES, INC.",4.701,2.921,0,4,12,34,76,0,2,10,40,68,187,"PHOENIX HOUSES OF LOS ANGELES, INC.",7.426,4.614,0,0,4,12,32,0,0,2,12,26,85,DIDI HIRSCH PSYCHIATRIC SERVICE,5.825,3.619,0,0,6,20,45,0,0,3,22,42,93,BEIT T'SHUVAH,3.887,2.415,0,18,36,60,162,0,2,30,94,160,93,BEIT T'SHUVAH,3.887,2.415,0,5,17,48,146,0,2,11,76,143,124,DIDI HIRSCH PSYCHIATRIC SERVICE,1.772,1.101,0,2,2,11,28,0,1,2,13,26
74,90232,57013.59740939509,62235268.03093902,34.01851118987695,-118.39190132371543,93,BEIT T'SHUVAH,1.438,0.894,0,8,80,200,404,2,8,58,206,388,165,AMERICAN HEALTH SERVICES LLC,6.99,4.343,0,0,6,10,34,0,0,4,12,32,47,"CHABAD OF CALIFORNIA, INC.",5.608,3.484,0,0,7,20,46,0,0,3,21,43,93,BEIT T'SHUVAH,1.438,0.894,0,2,42,124,226,2,2,32,124,226,93,BEIT T'SHUVAH,1.438,0.894,0,4,54,144,278,2,4,40,146,276,86,"CHABAD OF CALIFORNIA, INC.",3.352,2.083,0,2,16,38,86,0,2,10,40,76,187,"PHOENIX HOUSES OF LOS ANGELES, INC.",8.391,5.214,0,0,4,12,34,0,0,0,12,32,47,"CHABAD OF CALIFORNIA, INC.",5.608,3.484,0,0,7,22,49,0,0,3,22,46,93,BEIT T'SHUVAH,1.438,0.894,0,2,36,94,160,2,2,28,94,160,93,BEIT T'SHUVAH,1.438,0.894,0,2,15,76,149,2,2,10,76,146,124,DIDI HIRSCH PSYCHIATRIC SERVICE,4.218,2.621,0,1,3,12,27,0,1,2,13,26
75,90240,54224.319882032476,86107367.43241437,33.956426591429015,-118.11803043784369,114,"SOUTHERN CALIFORNIA ALCOHOL AND DRUG PROGRAMS, INC.",1.557,0.968,0,12,64,220,510,2,12,56,282,496,113,TAVARUA HEALTH SERVICES,5.945,3.694,0,0,12,28,48,0,0,10,30,46,139,LOS ANGELES CENTERS FOR ALCOHOL AND DRUG ABUSE,3.009,1.87,0,1,12,30,61,0,1,10,35,57,114,"SOUTHERN CALIFORNIA ALCOHOL AND DRUG PROGRAMS, INC.",1.557,0.968,0,4,18,114,292,2,4,14,158,282,114,"SOUTHERN CALIFORNIA ALCOHOL AND DRUG PROGRAMS, INC.",1.557,0.968,0,4,34,150,358,2,4,28,198,346,107,"SOUTHERN CALIFORNIA ALCOHOL AND DRUG PROGRAMS, INC.",2.672,1.66,0,6,22,44,102,0,6,20,56,102,114,"SOUTHERN CALIFORNIA ALCOHOL AND DRUG PROGRAMS, INC.",1.557,0.968,0,4,8,18,42,2,4,6,22,40,139,LOS ANGELES CENTERS FOR ALCOHOL AND DRUG ABUSE,3.009,1.87,0,2,14,30,59,0,2,12,32,56,116,"SOUTHERN CALIFORNIA ALCOHOL AND DRUG PROGRAMS, INC.",2.599,1.615,0,2,8,66,210,0,2,6,104,200,114,"SOUTHERN CALIFORNIA ALCOHOL AND DRUG PROGRAMS, INC.",1.557,0.968,0,3,22,84,185,2,3,17,112,181,139,LOS ANGELES CENTERS FOR ALCOHOL AND DRUG ABUSE,3.009,1.87,0,2,12,19,38,0,2,11,23,38
76,90241,75882.71657343749,139469207.2450618,33.94041687779462,-118.12938165244461,116,"SOUTHERN CALIFORNIA ALCOHOL AND DRUG PROGRAMS, INC.",0.547,0.34,8,10,74,202,492,8,10,40,260,474,162,WESTERN PACIFIC MED-CORP,5.368,3.336,0,0,12,24,44,0,0,4,28,42,139,LOS ANGELES CENTERS FOR ALCOHOL AND DRUG ABUSE,3.554,2.209,0,1,13,27,55,0,1,6,32,52,116,"SOUTHERN CALIFORNIA ALCOHOL AND DRUG PROGRAMS, INC.",0.547,0.34,4,4,18,104,276,4,4,16,142,268,116,"SOUTHERN CALIFORNIA ALCOHOL AND DRUG PROGRAMS, INC.",0.547,0.34,4,4,36,132,338,4,4,22,180,324,107,"SOUTHERN CALIFORNIA ALCOHOL AND DRUG PROGRAMS, INC.",0.939,0.584,2,4,28,46,104,2,4,14,52,102,116,"SOUTHERN CALIFORNIA ALCOHOL AND DRUG PROGRAMS, INC.",0.547,0.34,4,4,8,16,36,4,4,6,18,34,139,LOS ANGELES CENTERS FOR ALCOHOL AND DRUG ABUSE,3.554,2.209,0,1,18,27,56,0,1,8,32,53,116,"SOUTHERN CALIFORNIA ALCOHOL AND DRUG PROGRAMS, INC.",0.547,0.34,2,2,8,60,194,2,2,8,88,188,114,"SOUTHERN CALIFORNIA ALCOHOL AND DRUG PROGRAMS, INC.",0.647,0.402,2,2,25,78,181,2,2,15,104,179,139,LOS ANGELES CENTERS FOR ALCOHOL AND DRUG ABUSE,3.554,2.209,0,1,13,20,39,0,1,6,24,38
77,90242,70243.78423854649,123979641.93470483,33.92203371861201,-118.14188829026499,116,"SOUTHERN CALIFORNIA ALCOHOL AND DRUG PROGRAMS, INC.",1.824,1.134,0,14,120,200,548,0,12,46,232,470,162,WESTERN PACIFIC MED-CORP,5.445,3.383,0,0,6,24,42,0,0,2,24,42,95,"ADDICTION RESEARCH AND TREATMENT, INC.",4.41,2.74,0,1,12,28,52,0,1,6,29,51,116,"SOUTHERN CALIFORNIA ALCOHOL AND DRUG PROGRAMS, INC.",1.824,1.134,0,8,78,106,332,0,6,16,126,268,116,"SOUTHERN CALIFORNIA ALCOHOL AND DRUG PROGRAMS, INC.",1.824,1.134,0,10,86,134,390,0,8,22,154,324,107,"SOUTHERN CALIFORNIA ALCOHOL AND DRUG PROGRAMS, INC.",2.049,1.273,0,2,26,46,106,0,2,20,54,96,116,"SOUTHERN CALIFORNIA ALCOHOL AND DRUG PROGRAMS, INC.",1.824,1.134,0,6,12,18,34,0,4,6,20,34,139,LOS ANGELES CENTERS FOR ALCOHOL AND DRUG ABUSE,5.178,3.218,0,0,17,29,54,0,0,12,30,51,116,"SOUTHERN CALIFORNIA ALCOHOL AND DRUG PROGRAMS, INC.",1.824,1.134,0,2,48,62,226,0,2,8,80,188,114,"SOUTHERN CALIFORNIA ALCOHOL AND DRUG PROGRAMS, INC.",2.92,1.814,0,6,49,81,208,0,4,18,92,178,139,LOS ANGELES CENTERS FOR ALCOHOL AND DRUG ABUSE,5.178,3.218,0,0,9,19,40,0,0,7,22,37
78,90245,57324.782490053614,152778226.9899209,33.916957573270594,-118.40145958769142,135,"BEHAVIORAL HEALTH SERVICES, INC.",4.182,2.599,0,6,48,166,440,0,4,44,174,434,110,ELDORADO COMMUNITY SERVICE CENTER,5.385,3.346,0,0,4,12,24,0,0,4,12,24,110,ELDORADO COMMUNITY SERVICE CENTER,5.385,3.346,0,0,2,14,40,0,0,2,14,40,115,"BEHAVIORAL HEALTH SERVICES, INC.",4.983,3.096,0,2,22,104,284,0,0,22,104,282,115,"BEHAVIORAL HEALTH SERVICES, INC.",4.983,3.096,0,2,30,120,322,0,0,30,122,320,135,"BEHAVIORAL HEALTH SERVICES, INC.",4.182,2.599,0,2,14,28,82,0,2,10,32,80,115,"BEHAVIORAL HEALTH SERVICES, INC.",4.983,3.096,0,2,2,8,26,0,0,2,8,24,115,"BEHAVIORAL HEALTH SERVICES, INC.",4.983,3.096,0,1,4,13,43,0,0,4,15,43,115,"BEHAVIORAL HEALTH SERVICES, INC.",4.983,3.096,0,2,18,68,196,0,0,18,68,194,115,"BEHAVIORAL HEALTH SERVICES, INC.",4.983,3.096,0,2,9,55,170,0,0,8,57,170,102,"DIVINE HEALTHCARE SERVICES, INC.",6.176,3.838,0,0,5,10,26,0,0,4,11,26
79,90247,61356.4988744256,103625460.48354125,33.89148855871942,-118.2973903601106,121,"ASIAN AMERICAN DRUG ABUSE PROGRAM, INC.",2.432,1.511,0,12,138,200,538,0,10,102,212,534,79,"ADDICTION RESEARCH AND TREATMENT, INC.",4.986,3.098,0,2,10,18,36,0,0,8,18,36,79,"ADDICTION RESEARCH AND TREATMENT, INC.",4.986,3.098,0,1,9,22,50,0,0,8,22,49,120,"BEHAVIORAL HEALTH SERVICES, INC.",4.196,2.608,0,2,86,110,340,0,2,66,114,338,120,"BEHAVIORAL HEALTH SERVICES, INC.",4.196,2.608,0,4,100,134,388,0,2,74,140,386,121,"ASIAN AMERICAN DRUG ABUSE PROGRAM, INC.",2.432,1.511,0,6,26,44,108,0,6,18,46,106,115,"BEHAVIORAL HEALTH SERVICES, INC.",5.389,3.348,0,0,6,14,32,0,0,6,16,32,121,"ASIAN AMERICAN DRUG ABUSE PROGRAM, INC.",2.432,1.511,0,2,12,24,54,0,2,9,24,53,115,"BEHAVIORAL HEALTH SERVICES, INC.",5.389,3.348,0,0,60,76,232,0,0,42,78,232,120,"BEHAVIORAL HEALTH SERVICES, INC.",4.196,2.608,0,2,43,63,215,0,2,38,65,213,121,"ASIAN AMERICAN DRUG ABUSE PROGRAM, INC.",2.432,1.511,0,3,13,16,36,0,3,8,16,33
80,90248,92105.66666511055,130974604.1377527,33.87745914635496,-118.28367871787326,134,"FRED KENNEDY ASSOCIATES, INC.",1.735,1.078,0,6,120,220,538,0,6,98,256,528,79,"ADDICTION RESEARCH AND TREATMENT, INC.",5.82,3.616,0,0,12,18,38,0,0,6,18,38,172,HIGH GAIN PROGRAM/NCADD SOUTH BAY,5.617,3.49,0,0,12,21,51,0,0,7,22,50,120,"BEHAVIORAL HEALTH SERVICES, INC.",6.178,3.839,0,0,68,124,336,0,0,68,146,334,79,"ADDICTION RESEARCH AND TREATMENT, INC.",5.82,3.616,0,0,82,146,386,0,0,76,170,384,137,"BEHAVIORAL HEALTH SERVICES, INC.",4.2,2.61,0,4,26,48,108,0,4,14,58,104,80,"TARZANA TREATMENT CENTERS, INC.",6.437,4.0,0,0,8,12,32,0,0,6,18,32,121,"ASIAN AMERICAN DRUG ABUSE PROGRAM, INC.",4.417,2.744,0,1,12,25,53,0,1,10,26,52,81,"BEHAVIORAL HEALTH SERVICES, INC.",6.437,4.0,0,0,44,84,228,0,0,44,90,226,172,HIGH GAIN PROGRAM/NCADD SOUTH BAY,5.617,3.49,0,0,39,78,212,0,0,37,94,211,137,"BEHAVIORAL HEALTH SERVICES, INC.",4.2,2.61,0,2,12,16,36,0,2,9,18,35
81,90249,48262.350168147605,84357415.26334557,33.90173051801345,-118.31685901370847,121,"ASIAN AMERICAN DRUG ABUSE PROGRAM, INC.",0.4,0.249,2,10,140,194,534,4,10,126,202,534,79,"ADDICTION RESEARCH AND TREATMENT, INC.",5.563,3.457,0,0,10,16,36,0,0,10,18,36,79,"ADDICTION RESEARCH AND TREATMENT, INC.",5.563,3.457,0,0,9,19,49,0,0,9,20,49,120,"BEHAVIORAL HEALTH SERVICES, INC.",2.101,1.305,0,4,84,106,338,0,4,84,110,338,120,"BEHAVIORAL HEALTH SERVICES, INC.",2.101,1.305,0,4,98,130,386,0,4,96,136,386,121,"ASIAN AMERICAN DRUG ABUSE PROGRAM, INC.",0.4,0.249,2,6,28,42,106,4,6,18,42,106,115,"BEHAVIORAL HEALTH SERVICES, INC.",3.262,2.027,0,2,6,10,32,0,2,6,12,32,121,"ASIAN AMERICAN DRUG ABUSE PROGRAM, INC.",0.4,0.249,1,3,12,20,53,1,3,8,22,53,115,"BEHAVIORAL HEALTH SERVICES, INC.",3.262,2.027,0,2,58,72,232,0,2,58,76,232,120,"BEHAVIORAL HEALTH SERVICES, INC.",2.101,1.305,0,4,43,58,213,0,4,40,60,213,121,"ASIAN AMERICAN DRUG ABUSE PROGRAM, INC.",0.4,0.249,1,3,11,16,33,2,3,8,16,33
82,90250,89575.37800830194,184910190.0496567,33.913939907536765,-118.34922264523661,115,"BEHAVIORAL HEALTH SERVICES, INC.",0.32,0.199,2,16,76,188,520,4,16,50,204,514,110,ELDORADO COMMUNITY SERVICE CENTER,3.524,2.189,0,4,10,12,32,0,4,6,14,26,110,ELDORADO COMMUNITY SERVICE CENTER,3.524,2.189,0,2,6,14,46,0,2,3,16,43,115,"BEHAVIORAL HEALTH SERVICES, INC.",0.32,0.199,2,4,28,110,336,4,4,22,120,336,115,"BEHAVIORAL HEALTH SERVICES, INC.",0.32,0.199,2,8,42,132,380,4,8,30,144,374,121,"ASIAN AMERICAN DRUG ABUSE PROGRAM, INC.",3.049,1.895,0,8,20,34,100,0,8,16,36,100,115,"BEHAVIORAL HEALTH SERVICES, INC.",0.32,0.199,2,2,2,10,32,2,2,2,12,32,115,"BEHAVIORAL HEALTH SERVICES, INC.",0.32,0.199,1,3,6,17,49,2,3,4,19,49,115,"BEHAVIORAL HEALTH SERVICES, INC.",0.32,0.199,2,2,22,76,232,2,2,18,86,232,115,"BEHAVIORAL HEALTH SERVICES, INC.",0.32,0.199,2,5,14,58,208,4,5,9,60,208,121,"ASIAN AMERICAN DRUG ABUSE PROGRAM, INC.",3.049,1.895,0,3,8,15,30,0,3,5,16,30
83,90254,28450.07522844822,40252305.70817585,33.865256332634374,-118.39636568116168,191,TWIN TOWN CORPORATION,5.454,3.389,0,0,22,70,436,0,0,12,144,334,110,ELDORADO COMMUNITY SERVICE CENTER,9.721,6.04,0,0,2,10,20,0,0,0,12,20,172,HIGH GAIN PROGRAM/NCADD SOUTH BAY,8.027,4.988,0,0,2,6,33,0,0,1,10,28,115,"BEHAVIORAL HEALTH SERVICES, INC.",7.262,4.513,0,0,4,22,292,0,0,2,92,204,115,"BEHAVIORAL HEALTH SERVICES, INC.",7.262,4.513,0,0,6,36,322,0,0,2,108,234,191,TWIN TOWN CORPORATION,5.454,3.389,0,0,10,22,78,0,0,6,24,64,115,"BEHAVIORAL HEALTH SERVICES, INC.",7.262,4.513,0,0,2,2,18,0,0,2,8,18,115,"BEHAVIORAL HEALTH SERVICES, INC.",7.262,4.513,0,0,4,5,38,0,0,2,9,35,115,"BEHAVIORAL HEALTH SERVICES, INC.",7.262,4.513,0,0,2,18,198,0,0,2,64,136,115,"BEHAVIORAL HEALTH SERVICES, INC.",7.262,4.513,0,0,5,10,175,0,0,3,44,114,191,TWIN TOWN CORPORATION,5.454,3.389,0,0,4,9,22,0,0,3,11,20
84,90255,72266.75172053117,103927448.1623432,33.977051470338665,-118.21731451457023,45,"DIVERSION SAFETY PROGRAMS, INC.",0.752,0.467,2,30,228,336,532,2,30,168,350,526,34,"ADDICTION RESEARCH AND TREATMENT, INC.",5.707,3.546,0,0,12,28,44,0,0,8,28,44,65,LOS ANGELES CENTERS FOR ALCOHOL AND DRUG ABUSE,2.768,1.72,0,2,18,36,61,0,2,14,38,59,65,LOS ANGELES CENTERS FOR ALCOHOL AND DRUG ABUSE,2.768,1.72,0,18,150,208,302,0,18,118,218,300,65,LOS ANGELES CENTERS FOR ALCOHOL AND DRUG ABUSE,2.768,1.72,0,18,172,248,366,0,18,130,258,364,48,TESSIE CLEVELAND COMMUNITY SERVICES CORPORATION,3.048,1.894,0,6,42,64,112,0,6,26,68,108,17,VOLUNTEERS OF AMERICA OF LOS ANGELES,4.757,2.956,0,2,16,26,44,0,2,8,26,44,65,LOS ANGELES CENTERS FOR ALCOHOL AND DRUG ABUSE,2.768,1.72,0,3,22,36,61,0,3,16,40,59,65,LOS ANGELES CENTERS FOR ALCOHOL AND DRUG ABUSE,2.768,1.72,0,14,104,142,218,0,14,78,150,218,65,LOS ANGELES CENTERS FOR ALCOHOL AND DRUG ABUSE,2.768,1.72,0,15,99,137,193,0,15,81,141,191,48,TESSIE CLEVELAND COMMUNITY SERVICES CORPORATION,3.048,1.894,0,2,14,22,40,0,2,11,26,39
85,90260,49645.76648925506,71920459.88966694,33.88796091237429,-118.35023836087692,137,"BEHAVIORAL HEALTH SERVICES, INC.",2.192,1.362,0,8,58,168,514,0,8,28,186,506,110,ELDORADO COMMUNITY SERVICE CENTER,6.393,3.972,0,0,6,14,28,0,0,4,18,26,110,ELDORADO COMMUNITY SERVICE CENTER,6.393,3.972,0,0,4,12,43,0,0,3,17,41,115,"BEHAVIORAL HEALTH SERVICES, INC.",3.175,1.973,0,4,22,98,336,0,4,4,102,332,115,"BEHAVIORAL HEALTH SERVICES, INC.",3.175,1.973,0,4,30,118,376,0,4,8,126,370,137,"BEHAVIORAL HEALTH SERVICES, INC.",2.192,1.362,0,4,18,32,98,0,4,12,38,96,115,"BEHAVIORAL HEALTH SERVICES, INC.",3.175,1.973,0,2,2,6,32,0,2,2,8,32,115,"BEHAVIORAL HEALTH SERVICES, INC.",3.175,1.973,0,3,5,15,48,0,3,4,19,46,115,"BEHAVIORAL HEALTH SERVICES, INC.",3.175,1.973,0,2,18,64,232,0,2,2,68,228,115,"BEHAVIORAL HEALTH SERVICES, INC.",3.175,1.973,0,4,10,54,207,0,4,6,57,203,137,"BEHAVIORAL HEALTH SERVICES, INC.",2.192,1.362,0,2,6,15,30,0,2,5,16,29
86,90261,3226.0120334350668,561318.7238194009,33.895347809315545,-118.37690121021625,115,"BEHAVIORAL HEALTH SERVICES, INC.",3.587,2.229,0,6,56,160,508,0,6,44,168,470,110,ELDORADO COMMUNITY SERVICE CENTER,5.943,3.693,0,0,4,12,26,0,0,4,12,24,110,ELDORADO COMMUNITY SERVICE CENTER,5.943,3.693,0,0,3,11,41,0,0,2,11,40,115,"BEHAVIORAL HEALTH SERVICES, INC.",3.587,2.229,0,4,22,98,336,0,4,22,102,306,115,"BEHAVIORAL HEALTH SERVICES, INC.",3.587,2.229,0,4,30,114,374,0,4,26,120,344,137,"BEHAVIORAL HEALTH SERVICES, INC.",4.68,2.908,0,2,18,30,94,0,2,14,32,86,115,"BEHAVIORAL HEALTH SERVICES, INC.",3.587,2.229,0,2,2,8,32,0,2,2,8,30,115,"BEHAVIORAL HEALTH SERVICES, INC.",3.587,2.229,0,2,5,14,47,0,2,3,15,45,115,"BEHAVIORAL HEALTH SERVICES, INC.",3.587,2.229,0,2,18,64,232,0,2,18,68,208,115,"BEHAVIORAL HEALTH SERVICES, INC.",3.587,2.229,0,4,10,54,206,0,4,8,56,189,137,"BEHAVIORAL HEALTH SERVICES, INC.",4.68,2.908,0,1,7,12,28,0,1,5,15,27
87,90262,77669.7031760269,137311591.07189715,33.923705175625734,-118.20126115771549,95,"ADDICTION RESEARCH AND TREATMENT, INC.",1.327,0.825,0,80,124,280,558,2,80,112,342,552,79,"ADDICTION RESEARCH AND TREATMENT, INC.",5.913,3.674,0,0,10,24,40,0,0,8,32,40,95,"ADDICTION RESEARCH AND TREATMENT, INC.",1.327,0.825,0,5,12,31,52,1,5,10,37,51,70,"COMPATIOR, INC.",2.232,1.387,0,66,76,160,340,0,66,72,194,338,95,"ADDICTION RESEARCH AND TREATMENT, INC.",1.327,0.825,0,70,88,194,398,2,70,84,236,394,73,"COMPATIOR, INC.",2.232,1.387,0,8,22,64,110,0,8,16,74,108,80,"TARZANA TREATMENT CENTERS, INC.",3.507,2.179,0,4,12,22,36,0,4,8,26,34,83,"SHIELDS FOR FAMILIES, INC.",2.375,1.476,0,7,13,36,57,0,7,10,41,55,70,"COMPATIOR, INC.",2.232,1.387,0,44,48,108,232,0,44,46,132,232,83,"SHIELDS FOR FAMILIES, INC.",2.375,1.476,0,34,45,121,216,0,34,40,133,214,73,"COMPATIOR, INC.",2.232,1.387,0,4,7,22,40,0,4,6,28,40
88,90263,20517.328126970886,11434394.158301681,34.04081977584537,-118.7073462751598,325,"TARZANA TREATMENT CENTERS, INC.",18.711,11.627,0,0,0,0,34,0,0,0,0,30,271,"TARZANA TREATMENT CENTERS, INC.",21.803,13.548,0,0,0,0,6,0,0,0,0,6,325,"TARZANA TREATMENT CENTERS, INC.",18.711,11.627,0,0,0,0,10,0,0,0,0,10,185,CLARE|MATRIX,20.057,12.463,0,0,0,0,10,0,0,0,0,10,185,CLARE|MATRIX,20.057,12.463,0,0,0,0,12,0,0,0,0,12,325,"TARZANA TREATMENT CENTERS, INC.",18.711,11.627,0,0,0,0,14,0,0,0,0,12,325,"TARZANA TREATMENT CENTERS, INC.",18.711,11.627,0,0,0,0,14,0,0,0,0,12,325,"TARZANA TREATMENT CENTERS, INC.",18.711,11.627,0,0,0,0,8,0,0,0,0,7,185,CLARE|MATRIX,20.057,12.463,0,0,0,0,8,0,0,0,0,8,325,"TARZANA TREATMENT CENTERS, INC.",18.711,11.627,0,0,0,0,8,0,0,0,0,7,274,"TARZANA TREATMENT CENTERS, INC.",21.789,13.539,0,0,0,0,3,0,0,0,0,2
89,90265,351519.34907906514,2262557490.0506706,34.06155118320386,-118.78220772972007,325,"TARZANA TREATMENT CENTERS, INC.",21.844,13.573,0,0,0,0,6,0,0,0,0,4,271,"TARZANA TREATMENT CENTERS, INC.",25.876,16.079,0,0,0,0,0,0,0,0,0,0,325,"TARZANA TREATMENT CENTERS, INC.",21.844,13.573,0,0,0,0,1,0,0,0,0,1,323,"TARZANA TREATMENT CENTERS, INC.",24.881,15.461,0,0,0,0,2,0,0,0,0,0,323,"TARZANA TREATMENT CENTERS, INC.",24.881,15.461,0,0,0,0,2,0,0,0,0,0,325,"TARZANA TREATMENT CENTERS, INC.",21.844,13.573,0,0,0,0,2,0,0,0,0,2,325,"TARZANA TREATMENT CENTERS, INC.",21.844,13.573,0,0,0,0,2,0,0,0,0,2,325,"TARZANA TREATMENT CENTERS, INC.",21.844,13.573,0,0,0,0,1,0,0,0,0,1,323,"TARZANA TREATMENT CENTERS, INC.",24.881,15.461,0,0,0,0,2,0,0,0,0,0,325,"TARZANA TREATMENT CENTERS, INC.",21.844,13.573,0,0,0,0,1,0,0,0,0,1,274,"TARZANA TREATMENT CENTERS, INC.",25.832,16.052,0,0,0,0,0,0,0,0,0,0
90,90266,47964.41869192728,108935825.48836902,33.88945654488693,-118.396935954694,115,"BEHAVIORAL HEALTH SERVICES, INC.",5.462,3.394,0,0,52,146,440,0,0,16,154,426,110,ELDORADO COMMUNITY SERVICE CENTER,7.362,4.575,0,0,4,12,20,0,0,2,12,20,110,ELDORADO COMMUNITY SERVICE CENTER,7.362,4.575,0,0,3,10,37,0,0,1,12,36,115,"BEHAVIORAL HEALTH SERVICES, INC.",5.462,3.394,0,0,22,92,286,0,0,4,96,278,115,"BEHAVIORAL HEALTH SERVICES, INC.",5.462,3.394,0,0,28,108,318,0,0,6,112,310,137,"BEHAVIORAL HEALTH SERVICES, INC.",6.491,4.034,0,0,16,22,82,0,0,8,26,80,115,"BEHAVIORAL HEALTH SERVICES, INC.",5.462,3.394,0,0,2,8,24,0,0,2,8,22,115,"BEHAVIORAL HEALTH SERVICES, INC.",5.462,3.394,0,0,5,9,42,0,0,3,12,41,115,"BEHAVIORAL HEALTH SERVICES, INC.",5.462,3.394,0,0,18,64,196,0,0,2,66,192,115,"BEHAVIORAL HEALTH SERVICES, INC.",5.462,3.394,0,0,9,44,175,0,0,4,49,169,137,"BEHAVIORAL HEALTH SERVICES, INC.",6.491,4.034,0,0,6,10,25,0,0,3,10,25
91,90270,30409.066130379677,33089319.72477773,33.98854240471115,-118.18779499469782,62,PENNY LANE CENTERS,2.322,1.443,0,30,222,310,528,0,28,76,332,504,52,"NARCOTIC PREVENTION ASSOCIATION, INC.",4.4,2.734,0,2,18,22,44,0,2,6,28,44,65,LOS ANGELES CENTERS FOR ALCOHOL AND DRUG ABUSE,4.207,2.614,0,3,21,33,59,0,3,10,38,59,54,"THE SALVATION ARMY, A CALIFORNIA CORPORATION",2.397,1.489,0,18,148,188,298,0,18,34,192,284,54,"THE SALVATION ARMY, A CALIFORNIA CORPORATION",2.397,1.489,0,20,172,226,362,0,20,44,236,348,62,PENNY LANE CENTERS,2.322,1.443,0,8,36,56,110,0,6,22,66,106,52,"NARCOTIC PREVENTION ASSOCIATION, INC.",4.4,2.734,0,2,14,22,42,0,2,8,24,42,62,PENNY LANE CENTERS,2.322,1.443,0,5,19,35,59,0,5,12,42,57,54,"THE SALVATION ARMY, A CALIFORNIA CORPORATION",2.397,1.489,0,12,102,124,216,0,12,20,124,204,54,"THE SALVATION ARMY, A CALIFORNIA CORPORATION",2.397,1.489,0,21,98,132,191,0,20,35,139,180,62,PENNY LANE CENTERS,2.322,1.443,0,3,13,22,40,0,2,6,27,39
92,90272,140439.5203111104,677611374.9354496,34.08062639868788,-118.54402012396143,185,CLARE|MATRIX,8.361,5.195,0,0,8,48,156,0,0,0,56,150,271,"TARZANA TREATMENT CENTERS, INC.",10.995,6.832,0,0,0,10,22,0,0,0,10,22,185,CLARE|MATRIX,8.361,5.195,0,0,3,13,25,0,0,0,14,25,185,CLARE|MATRIX,8.361,5.195,0,0,4,12,62,0,0,0,14,60,185,CLARE|MATRIX,8.361,5.195,0,0,4,22,92,0,0,0,24,90,183,CLARE|MATRIX,9.485,5.894,0,0,2,14,44,0,0,0,20,40,273,"TARZANA TREATMENT CENTERS, INC.",10.91,6.779,0,0,0,14,26,0,0,0,16,26,184,CLARE|MATRIX,9.478,5.889,0,0,2,11,26,0,0,0,12,25,185,CLARE|MATRIX,8.361,5.195,0,0,2,8,52,0,0,0,10,52,184,CLARE|MATRIX,9.478,5.889,0,0,2,9,39,0,0,0,12,36,271,"TARZANA TREATMENT CENTERS, INC.",10.995,6.832,0,0,0,2,9,0,0,0,2,9
93,90274,185438.98036954287,334971572.75001323,33.77733811100926,-118.36844579451862,191,TWIN TOWN CORPORATION,6.178,3.839,0,0,82,90,310,0,0,10,98,296,213,"AEGIS TREATMENT CENTERS, LLC",9.789,6.083,0,0,4,4,18,0,0,0,4,18,172,HIGH GAIN PROGRAM/NCADD SOUTH BAY,7.998,4.97,0,0,3,3,20,0,0,1,5,19,268,"HOUSE OF HOPE FOUNDATION, INC.",9.231,5.736,0,0,58,60,204,0,0,0,68,194,268,"HOUSE OF HOPE FOUNDATION, INC.",9.231,5.736,0,0,62,64,226,0,0,0,72,216,191,TWIN TOWN CORPORATION,6.178,3.839,0,0,14,18,60,0,0,4,18,58,115,"BEHAVIORAL HEALTH SERVICES, INC.",15.586,9.685,0,0,0,0,12,0,0,0,6,12,172,HIGH GAIN PROGRAM/NCADD SOUTH BAY,7.998,4.97,0,0,4,5,25,0,0,1,9,23,269,BEACON HOUSE ASSOCIATION OF SAN PEDRO (THE),9.361,5.816,0,0,32,34,140,0,0,0,40,132,172,HIGH GAIN PROGRAM/NCADD SOUTH BAY,7.998,4.97,0,0,31,31,114,0,0,1,39,108,191,TWIN TOWN CORPORATION,6.178,3.839,0,0,4,8,18,0,0,2,8,17
94,90275,206572.3746038612,372270445.280702,33.75575904873394,-118.3641126848126,255,"FRED KENNEDY ASSOCIATES, INC.",6.633,4.122,0,0,80,82,292,0,0,66,110,292,223,"TRANSCULTURAL HEALTH DEVELOPMENT, INC.",9.648,5.995,0,0,4,4,18,0,0,0,4,18,223,"TRANSCULTURAL HEALTH DEVELOPMENT, INC.",9.648,5.995,0,0,3,3,19,0,0,0,5,19,268,"HOUSE OF HOPE FOUNDATION, INC.",7.915,4.918,0,0,58,58,194,0,0,58,76,194,268,"HOUSE OF HOPE FOUNDATION, INC.",7.915,4.918,0,0,62,62,214,0,0,58,80,214,266,"BEHAVIORAL HEALTH SERVICES, INC.",7.177,4.46,0,0,12,14,56,0,0,6,20,56,208,"BEHAVIORAL HEALTH SERVICES, INC.",15.941,9.905,0,0,0,0,12,0,0,0,4,12,296,"FRED BROWN'S RECOVERY SERVICES, INC.",7.965,4.949,0,0,4,4,22,0,0,2,8,22,177,"FRED BROWN'S RECOVERY SERVICES, INC.",7.965,4.949,0,0,32,32,132,0,0,32,50,132,268,"HOUSE OF HOPE FOUNDATION, INC.",7.915,4.918,0,0,31,31,107,0,0,30,44,107,266,"BEHAVIORAL HEALTH SERVICES, INC.",7.177,4.46,0,0,3,4,15,0,0,1,8,15
95,90277,57802.92055622997,102511900.91890255,33.83079346362218,-118.38403425412923,191,TWIN TOWN CORPORATION,2.82,1.752,0,2,10,128,352,0,2,8,134,344,213,"AEGIS TREATMENT CENTERS, LLC",12.486,7.759,0,0,0,8,20,0,0,0,10,20,172,HIGH GAIN PROGRAM/NCADD SOUTH BAY,6.188,3.845,0,0,1,5,26,0,0,1,6,25,115,"BEHAVIORAL HEALTH SERVICES, INC.",10.102,6.277,0,0,0,82,226,0,0,0,82,220,115,"BEHAVIORAL HEALTH SERVICES, INC.",10.102,6.277,0,0,0,90,252,0,0,0,94,246,191,TWIN TOWN CORPORATION,2.82,1.752,0,2,6,26,66,0,2,4,28,66,115,"BEHAVIORAL HEALTH SERVICES, INC.",10.102,6.277,0,0,0,2,16,0,0,0,2,14,172,HIGH GAIN PROGRAM/NCADD SOUTH BAY,6.188,3.845,0,0,1,7,30,0,0,1,8,29,115,"BEHAVIORAL HEALTH SERVICES, INC.",10.102,6.277,0,0,0,52,152,0,0,0,52,148,172,HIGH GAIN PROGRAM/NCADD SOUTH BAY,6.188,3.845,0,0,1,39,129,0,0,1,40,125,191,TWIN TOWN CORPORATION,2.82,1.752,0,1,3,10,18,0,1,2,10,18
96,90278,55422.678973501585,99275500.79337452,33.87340772262876,-118.3703907699644,137,"BEHAVIORAL HEALTH SERVICES, INC.",4.441,2.759,0,4,52,150,476,0,2,16,162,472,110,ELDORADO COMMUNITY SERVICE CENTER,8.139,5.058,0,0,4,12,20,0,0,0,14,20,172,HIGH GAIN PROGRAM/NCADD SOUTH BAY,6.48,4.026,0,0,3,10,37,0,0,1,11,36,115,"BEHAVIORAL HEALTH SERVICES, INC.",5.23,3.25,0,0,22,92,320,0,0,4,92,318,115,"BEHAVIORAL HEALTH SERVICES, INC.",5.23,3.25,0,0,26,108,350,0,0,4,112,348,137,"BEHAVIORAL HEALTH SERVICES, INC.",4.441,2.759,0,4,16,28,86,0,2,8,32,86,115,"BEHAVIORAL HEALTH SERVICES, INC.",5.23,3.25,0,0,2,6,28,0,0,2,6,26,115,"BEHAVIORAL HEALTH SERVICES, INC.",5.23,3.25,0,0,4,11,41,0,0,4,15,41,115,"BEHAVIORAL HEALTH SERVICES, INC.",5.23,3.25,0,0,18,64,220,0,0,2,64,218,115,"BEHAVIORAL HEALTH SERVICES, INC.",5.23,3.25,0,0,9,46,194,0,0,5,48,192,137,"BEHAVIORAL HEALTH SERVICES, INC.",4.441,2.759,0,2,6,14,24,0,1,4,15,24
97,90280,104415.45522432236,209519099.02632263,33.94444870485109,-118.19246564748379,70,"COMPATIOR, INC.",0.293,0.182,6,84,150,318,530,6,14,106,352,504,34,"ADDICTION RESEARCH AND TREATMENT, INC.",6.687,4.155,0,0,8,28,44,0,0,6,30,44,65,LOS ANGELES CENTERS FOR ALCOHOL AND DRUG ABUSE,1.648,1.024,0,5,14,34,55,0,2,8,37,54,70,"COMPATIOR, INC.",0.293,0.182,2,66,98,188,298,2,4,72,208,282,70,"COMPATIOR, INC.",0.293,0.182,2,68,110,228,360,2,6,82,252,344,73,"COMPATIOR, INC.",0.293,0.182,2,10,28,64,118,2,6,14,72,108,80,"TARZANA TREATMENT CENTERS, INC.",4.98,3.095,0,4,14,22,36,0,0,8,22,36,65,LOS ANGELES CENTERS FOR ALCOHOL AND DRUG ABUSE,1.648,1.024,0,6,17,37,58,0,3,10,40,57,70,"COMPATIOR, INC.",0.293,0.182,2,44,58,120,202,2,4,48,138,200,65,LOS ANGELES CENTERS FOR ALCOHOL AND DRUG ABUSE,1.648,1.024,0,34,68,133,201,0,4,39,141,186,73,"COMPATIOR, INC.",0.293,0.182,1,4,10,25,41,1,2,6,29,40
98,90290,134585.66731901426,521684316.1674511,34.10055008857503,-118.61205888328489,325,"TARZANA TREATMENT CENTERS, INC.",8.985,5.583,0,0,2,22,86,0,0,0,30,78,271,"TARZANA TREATMENT CENTERS, INC.",11.005,6.838,0,0,0,4,18,0,0,0,4,16,325,"TARZANA TREATMENT CENTERS, INC.",8.985,5.583,0,0,1,7,19,0,0,0,10,17,271,"TARZANA TREATMENT CENTERS, INC.",11.005,6.838,0,0,0,6,22,0,0,0,8,16,323,"TARZANA TREATMENT CENTERS, INC.",11.822,7.346,0,0,0,6,42,0,0,0,8,34,325,"TARZANA TREATMENT CENTERS, INC.",8.985,5.583,0,0,2,10,30,0,0,0,16,30,325,"TARZANA TREATMENT CENTERS, INC.",8.985,5.583,0,0,2,10,20,0,0,0,14,20,325,"TARZANA TREATMENT CENTERS, INC.",8.985,5.583,0,0,1,5,16,0,0,0,9,14,271,"TARZANA TREATMENT CENTERS, INC.",11.005,6.838,0,0,0,6,18,0,0,0,6,12,325,"TARZANA TREATMENT CENTERS, INC.",8.985,5.583,0,0,1,5,18,0,0,0,9,18,271,"TARZANA TREATMENT CENTERS, INC.",11.005,6.838,0,0,0,2,5,0,0,0,3,5
99,90291,38370.54469934907,65626605.6663866,33.99414844287596,-118.46295240822793,165,AMERICAN HEALTH SERVICES LLC,0.629,0.391,2,14,46,76,368,4,14,22,80,348,165,AMERICAN HEALTH SERVICES LLC,0.629,0.391,2,2,2,6,30,2,2,2,6,22,165,AMERICAN HEALTH SERVICES LLC,0.629,0.391,1,4,4,7,41,1,4,4,7,37,187,"PHOENIX HOUSES OF LOS ANGELES, INC.",1.304,0.81,0,6,26,42,218,2,6,6,44,216,165,AMERICAN HEALTH SERVICES LLC,0.629,0.391,2,8,30,52,260,4,8,10,54,248,183,CLARE|MATRIX,2.692,1.673,0,2,8,14,72,0,2,4,16,68,187,"PHOENIX HOUSES OF LOS ANGELES, INC.",1.304,0.81,0,2,2,4,32,2,2,2,4,32,183,CLARE|MATRIX,2.692,1.673,0,2,2,7,40,0,2,2,7,39,187,"PHOENIX HOUSES OF LOS ANGELES, INC.",1.304,0.81,0,4,22,34,156,2,4,4,36,154,184,CLARE|MATRIX,2.7,1.678,0,2,7,17,139,0,2,2,19,137,124,DIDI HIRSCH PSYCHIATRIC SERVICE,6.472,4.021,0,0,2,2,22,0,0,1,3,21
100,90292,37777.71176041979,68588838.11512426,33.97837847377434,-118.44800801420897,165,AMERICAN HEALTH SERVICES LLC,2.805,1.743,0,12,56,84,366,0,6,22,90,358,165,AMERICAN HEALTH SERVICES LLC,2.805,1.743,0,2,6,6,26,0,2,2,6,24,165,AMERICAN HEALTH SERVICES LLC,2.805,1.743,0,3,6,7,39,0,1,4,7,36,187,"PHOENIX HOUSES OF LOS ANGELES, INC.",2.855,1.774,0,4,26,44,222,0,2,6,44,220,165,AMERICAN HEALTH SERVICES LLC,2.805,1.743,0,8,36,54,264,0,4,10,56,256,183,CLARE|MATRIX,4.922,3.058,0,2,10,20,68,0,0,4,24,68,187,"PHOENIX HOUSES OF LOS ANGELES, INC.",2.855,1.774,0,2,2,4,28,0,2,2,4,28,183,CLARE|MATRIX,4.922,3.058,0,2,3,8,39,0,0,2,9,38,187,"PHOENIX HOUSES OF LOS ANGELES, INC.",2.855,1.774,0,2,22,36,158,0,2,4,36,158,184,CLARE|MATRIX,4.93,3.063,0,2,8,19,139,0,0,2,20,137,124,DIDI HIRSCH PSYCHIATRIC SERVICE,4.924,3.06,0,1,2,5,23,0,0,1,6,23
101,90293,56892.40613570193,52241404.95438726,33.94603667504638,-118.43709366510176,135,"BEHAVIORAL HEALTH SERVICES, INC.",3.919,2.435,0,4,52,84,348,0,4,40,94,318,165,AMERICAN HEALTH SERVICES LLC,6.472,4.021,0,0,6,6,20,0,0,6,12,12,165,AMERICAN HEALTH SERVICES LLC,6.472,4.021,0,0,6,7,33,0,0,3,10,27,187,"PHOENIX HOUSES OF LOS ANGELES, INC.",6.014,3.737,0,0,26,42,218,0,0,20,42,204,124,DIDI HIRSCH PSYCHIATRIC SERVICE,5.487,3.41,0,0,36,52,254,0,0,28,58,230,135,"BEHAVIORAL HEALTH SERVICES, INC.",3.919,2.435,0,2,8,22,62,0,2,6,24,58,187,"PHOENIX HOUSES OF LOS ANGELES, INC.",6.014,3.737,0,0,4,4,18,0,0,2,4,16,184,CLARE|MATRIX,8.491,5.276,0,0,4,8,32,0,0,0,9,30,187,"PHOENIX HOUSES OF LOS ANGELES, INC.",6.014,3.737,0,0,22,34,156,0,0,18,34,148,102,"DIVINE HEALTHCARE SERVICES, INC.",7.155,4.446,0,0,8,17,131,0,0,4,18,123,124,DIDI HIRSCH PSYCHIATRIC SERVICE,5.487,3.41,0,0,2,7,24,0,0,2,7,22
102,90301,56522.20522907033,95595462.79026194,33.957161313851664,-118.3532550625354,90,"ASIAN AMERICAN DRUG ABUSE PROGRAM, INC.",0.107,0.067,26,48,82,286,412,30,46,58,306,404,109,"AEGIS TREATMENT CENTERS, LLC",0.107,0.067,2,4,10,12,34,4,4,4,12,32,109,"AEGIS TREATMENT CENTERS, LLC",0.107,0.067,1,2,6,25,48,2,2,2,27,46,151,"DIVINE HEALTHCARE SERVICES, INC.",0.944,0.587,18,26,36,184,236,18,26,28,198,236,109,"AEGIS TREATMENT CENTERS, LLC",0.107,0.067,20,34,52,208,286,24,34,36,224,284,90,"ASIAN AMERICAN DRUG ABUSE PROGRAM, INC.",0.107,0.067,4,10,20,50,86,4,8,18,54,80,115,"BEHAVIORAL HEALTH SERVICES, INC.",4.562,2.835,0,2,2,14,36,0,2,2,16,36,85,DIDI HIRSCH PSYCHIATRIC SERVICE,1.349,0.838,0,3,8,28,47,1,3,6,29,46,151,"DIVINE HEALTHCARE SERVICES, INC.",0.944,0.587,16,22,24,132,166,16,22,22,142,166,90,"ASIAN AMERICAN DRUG ABUSE PROGRAM, INC.",0.107,0.067,4,11,23,105,154,4,11,14,119,154,102,"DIVINE HEALTHCARE SERVICES, INC.",0.944,0.587,1,3,7,18,28,1,2,6,19,27
103,90302,38898.66285353281,51768022.08761979,33.97490766324174,-118.35537780535611,85,DIDI HIRSCH PSYCHIATRIC SERVICE,1.398,0.869,0,44,98,294,420,22,44,58,320,398,109,"AEGIS TREATMENT CENTERS, LLC",2.09,1.299,0,4,10,12,38,0,4,4,12,32,109,"AEGIS TREATMENT CENTERS, LLC",2.09,1.299,0,2,7,25,50,0,2,2,27,44,151,"DIVINE HEALTHCARE SERVICES, INC.",1.581,0.982,0,24,48,200,236,18,24,30,212,230,85,DIDI HIRSCH PSYCHIATRIC SERVICE,1.398,0.869,0,32,64,222,292,20,32,38,236,278,102,"DIVINE HEALTHCARE SERVICES, INC.",1.581,0.982,0,8,22,48,86,2,8,14,56,82,115,"BEHAVIORAL HEALTH SERVICES, INC.",6.545,4.067,0,0,4,16,36,0,0,2,18,30,85,DIDI HIRSCH PSYCHIATRIC SERVICE,1.398,0.869,0,2,10,28,48,1,2,5,31,42,151,"DIVINE HEALTHCARE SERVICES, INC.",1.581,0.982,0,20,36,144,164,16,20,24,152,162,102,"DIVINE HEALTHCARE SERVICES, INC.",1.581,0.982,0,9,25,122,155,3,9,16,127,148,102,"DIVINE HEALTHCARE SERVICES, INC.",1.581,0.982,0,2,7,16,28,1,2,4,20,27
104,90303,38418.30859975267,55672403.85617444,33.93664448696338,-118.33130887292306,89,"NEW HOPE DRUG & ALCOHOL TREATMENT PROGRAM, INC.",2.069,1.285,0,40,146,268,540,0,40,68,298,510,110,ELDORADO COMMUNITY SERVICE CENTER,2.322,1.443,0,4,10,12,36,0,4,10,14,36,110,ELDORADO COMMUNITY SERVICE CENTER,2.322,1.443,0,2,9,20,50,0,2,5,24,48,120,"BEHAVIORAL HEALTH SERVICES, INC.",2.363,1.468,0,22,96,174,340,0,22,28,194,324,110,ELDORADO COMMUNITY SERVICE CENTER,2.322,1.443,0,28,110,200,390,0,28,42,222,374,89,"NEW HOPE DRUG & ALCOHOL TREATMENT PROGRAM, INC.",2.069,1.285,0,10,26,44,106,0,10,18,48,96,115,"BEHAVIORAL HEALTH SERVICES, INC.",2.698,1.677,0,2,6,12,34,0,2,2,14,32,120,"BEHAVIORAL HEALTH SERVICES, INC.",2.363,1.468,0,4,13,24,55,0,4,6,26,49,115,"BEHAVIORAL HEALTH SERVICES, INC.",2.698,1.677,0,18,62,120,232,0,18,22,140,224,120,"BEHAVIORAL HEALTH SERVICES, INC.",2.363,1.468,0,9,53,104,215,0,9,14,115,202,89,"NEW HOPE DRUG & ALCOHOL TREATMENT PROGRAM, INC.",2.069,1.285,0,3,10,17,33,0,3,6,20,30
105,90304,42782.87874828677,45935698.52804118,33.93738063006121,-118.35875210291178,110,ELDORADO COMMUNITY SERVICE CENTER,0.982,0.61,2,42,70,202,486,2,42,56,262,464,110,ELDORADO COMMUNITY SERVICE CENTER,0.982,0.61,2,4,10,12,32,2,4,4,12,32,110,ELDORADO COMMUNITY SERVICE CENTER,0.982,0.61,1,2,5,16,46,1,2,2,22,45,115,"BEHAVIORAL HEALTH SERVICES, INC.",2.553,1.586,0,22,28,120,306,0,22,28,166,292,110,ELDORADO COMMUNITY SERVICE CENTER,0.982,0.61,2,28,42,140,352,2,28,36,192,338,90,"ASIAN AMERICAN DRUG ABUSE PROGRAM, INC.",2.156,1.34,0,10,18,38,94,0,10,16,42,88,115,"BEHAVIORAL HEALTH SERVICES, INC.",2.553,1.586,0,2,2,12,32,0,2,2,12,32,115,"BEHAVIORAL HEALTH SERVICES, INC.",2.553,1.586,0,3,6,23,49,0,3,5,25,46,115,"BEHAVIORAL HEALTH SERVICES, INC.",2.553,1.586,0,18,22,82,208,0,18,22,114,196,90,"ASIAN AMERICAN DRUG ABUSE PROGRAM, INC.",2.156,1.34,0,9,14,64,193,0,9,13,93,182,102,"DIVINE HEALTHCARE SERVICES, INC.",2.725,1.693,0,2,6,13,30,0,2,6,17,28
106,90305,38633.61606686421,45367397.274415605,33.95875203103355,-118.32679644690887,74,"FAMILIES FOR CHILDREN, INC.",0.554,0.344,2,44,160,298,448,2,42,76,332,416,109,"AEGIS TREATMENT CENTERS, LLC",2.445,1.52,0,4,10,12,36,0,4,10,16,36,109,"AEGIS TREATMENT CENTERS, LLC",2.445,1.52,0,2,10,25,50,0,2,6,30,49,151,"DIVINE HEALTHCARE SERVICES, INC.",3.252,2.021,0,26,106,196,254,0,24,34,212,236,85,DIDI HIRSCH PSYCHIATRIC SERVICE,1.812,1.126,0,32,122,222,306,0,30,48,244,288,74,"FAMILIES FOR CHILDREN, INC.",0.554,0.344,2,10,24,48,96,2,10,20,60,84,115,"BEHAVIORAL HEALTH SERVICES, INC.",5.079,3.156,0,0,10,16,36,0,0,2,18,36,85,DIDI HIRSCH PSYCHIATRIC SERVICE,1.812,1.126,0,3,14,26,53,0,2,8,33,48,151,"DIVINE HEALTHCARE SERVICES, INC.",3.252,2.021,0,20,72,140,178,0,20,22,150,166,74,"FAMILIES FOR CHILDREN, INC.",0.554,0.344,1,11,56,119,172,1,9,21,129,155,102,"DIVINE HEALTHCARE SERVICES, INC.",3.252,2.021,0,3,9,18,33,0,3,7,22,29
107,90401,27719.38131581947,23522669.069454152,34.01573977893458,-118.49277434349233,198,"FRED KENNEDY ASSOCIATES, INC.",0.188,0.117,4,12,20,64,260,8,12,16,70,250,165,AMERICAN HEALTH SERVICES LLC,3.177,1.974,0,2,2,6,26,0,2,2,6,24,185,CLARE|MATRIX,0.439,0.273,1,4,4,7,34,3,4,4,7,33,185,CLARE|MATRIX,0.439,0.273,2,6,8,32,132,4,6,6,38,132,185,CLARE|MATRIX,0.439,0.273,2,8,12,42,168,4,8,8,48,166,183,CLARE|MATRIX,1.139,0.708,0,2,2,12,64,2,2,2,12,58,187,"PHOENIX HOUSES OF LOS ANGELES, INC.",3.307,2.055,0,2,2,2,28,0,2,2,2,28,184,CLARE|MATRIX,1.083,0.673,0,2,2,4,33,2,2,2,5,32,185,CLARE|MATRIX,0.439,0.273,2,4,6,28,100,2,4,4,32,100,184,CLARE|MATRIX,1.083,0.673,0,2,4,8,88,2,2,2,12,87,124,DIDI HIRSCH PSYCHIATRIC SERVICE,9.85,6.12,0,0,1,2,17,0,0,0,2,15
108,90402,49898.049100836564,54260993.14599011,34.035794618795755,-118.50320403473968,185,CLARE|MATRIX,2.124,1.32,0,8,16,36,260,0,8,14,56,244,165,AMERICAN HEALTH SERVICES LLC,5.384,3.346,0,0,2,2,26,0,0,2,2,20,185,CLARE|MATRIX,2.124,1.32,0,3,4,5,34,0,3,4,5,30,185,CLARE|MATRIX,2.124,1.32,0,4,6,14,132,0,4,6,32,132,185,CLARE|MATRIX,2.124,1.32,0,4,8,18,168,0,4,8,36,162,183,CLARE|MATRIX,3.243,2.015,0,2,2,10,64,0,2,2,12,58,187,"PHOENIX HOUSES OF LOS ANGELES, INC.",5.731,3.561,0,0,2,2,30,0,0,2,2,28,184,CLARE|MATRIX,3.234,2.01,0,2,2,3,35,0,2,2,3,32,185,CLARE|MATRIX,2.124,1.32,0,2,4,12,100,0,2,4,28,100,184,CLARE|MATRIX,3.234,2.01,0,2,2,4,89,0,2,2,7,86,124,DIDI HIRSCH PSYCHIATRIC SERVICE,11.734,7.291,0,0,0,1,17,0,0,0,2,15
109,90403,39140.70875214308,38720755.16091083,34.03164268783096,-118.48943114605478,185,CLARE|MATRIX,1.364,0.847,0,12,18,58,260,2,10,16,74,260,165,AMERICAN HEALTH SERVICES LLC,4.242,2.636,0,2,2,2,28,0,2,2,6,28,185,CLARE|MATRIX,1.364,0.847,0,4,4,5,35,1,4,4,7,35,185,CLARE|MATRIX,1.364,0.847,0,6,8,32,132,2,4,6,38,132,185,CLARE|MATRIX,1.364,0.847,0,8,10,36,170,2,6,8,48,170,183,CLARE|MATRIX,2.187,1.359,0,2,2,12,62,0,2,2,16,62,187,"PHOENIX HOUSES OF LOS ANGELES, INC.",4.85,3.014,0,2,2,2,28,0,0,2,2,28,183,CLARE|MATRIX,2.187,1.359,0,2,2,3,34,0,2,2,6,34,185,CLARE|MATRIX,1.364,0.847,0,4,6,28,100,2,2,4,32,100,184,CLARE|MATRIX,2.206,1.371,0,2,4,7,88,0,2,2,12,88,124,DIDI HIRSCH PSYCHIATRIC SERVICE,10.414,6.471,0,0,0,2,16,0,0,0,3,16
110,90404,42483.10880379011,53047319.8647992,34.0267039348902,-118.47358017621168,183,CLARE|MATRIX,1.628,1.012,0,14,22,72,368,0,14,18,78,262,165,AMERICAN HEALTH SERVICES LLC,3.123,1.941,0,2,2,6,32,0,2,2,6,28,183,CLARE|MATRIX,1.628,1.012,0,4,4,7,41,0,4,4,7,35,184,CLARE|MATRIX,1.699,1.056,0,6,8,38,218,0,6,8,40,132,184,CLARE|MATRIX,1.699,1.056,0,8,12,48,262,0,8,10,50,170,183,CLARE|MATRIX,1.628,1.012,0,2,4,14,72,0,2,2,18,62,187,"PHOENIX HOUSES OF LOS ANGELES, INC.",4.144,2.575,0,2,2,2,34,0,2,2,2,28,183,CLARE|MATRIX,1.628,1.012,0,2,2,6,39,0,2,2,6,34,185,CLARE|MATRIX,1.814,1.127,0,4,6,32,156,0,4,6,34,100,184,CLARE|MATRIX,1.699,1.056,0,2,4,12,136,0,2,4,15,88,124,DIDI HIRSCH PSYCHIATRIC SERVICE,8.896,5.528,0,0,1,3,21,0,0,0,3,16
111,90405,45710.3660889249,77411786.57929662,34.01193387875039,-118.46779326420976,183,CLARE|MATRIX,1.206,0.749,0,16,26,72,378,6,12,20,78,340,165,AMERICAN HEALTH SERVICES LLC,1.399,0.869,0,2,2,6,32,2,2,2,6,26,183,CLARE|MATRIX,1.206,0.749,0,4,4,7,43,3,4,4,7,39,184,CLARE|MATRIX,1.271,0.79,0,6,8,38,220,2,6,8,42,204,184,CLARE|MATRIX,1.271,0.79,0,8,12,48,264,4,8,12,52,240,183,CLARE|MATRIX,1.206,0.749,0,2,6,14,78,2,2,2,16,68,187,"PHOENIX HOUSES OF LOS ANGELES, INC.",2.606,1.62,0,2,2,2,34,0,2,2,4,34,183,CLARE|MATRIX,1.206,0.749,0,2,2,5,43,2,2,2,7,38,185,CLARE|MATRIX,2.317,1.44,0,4,6,32,158,0,4,6,36,146,184,CLARE|MATRIX,1.271,0.79,0,2,4,13,141,2,2,4,17,123,124,DIDI HIRSCH PSYCHIATRIC SERVICE,7.586,4.714,0,0,1,2,23,0,0,1,3,20
112,90501,71750.07171402253,157273051.0418395,33.83342739878133,-118.31435366456246,171,"BEHAVIORAL HEALTH SERVICES, INC.",0.343,0.213,4,8,28,252,424,6,8,18,292,382,213,"AEGIS TREATMENT CENTERS, LLC",7.499,4.659,0,0,4,18,24,0,0,2,18,24,172,HIGH GAIN PROGRAM/NCADD SOUTH BAY,0.343,0.213,1,1,3,19,29,1,1,2,19,26,158,"PALM HOUSE, INC.",8.345,5.185,0,0,6,164,274,0,0,0,194,244,213,"AEGIS TREATMENT CENTERS, LLC",7.499,4.659,0,0,10,184,306,0,0,2,214,274,171,"BEHAVIORAL HEALTH SERVICES, INC.",0.343,0.213,2,4,10,48,84,2,4,10,56,74,115,"BEHAVIORAL HEALTH SERVICES, INC.",9.721,6.041,0,0,2,12,24,0,0,0,12,24,172,HIGH GAIN PROGRAM/NCADD SOUTH BAY,0.343,0.213,1,1,5,21,37,1,1,2,23,33,158,"PALM HOUSE, INC.",8.345,5.185,0,0,4,108,184,0,0,0,132,164,172,HIGH GAIN PROGRAM/NCADD SOUTH BAY,0.343,0.213,1,1,5,92,171,1,1,1,107,146,171,"BEHAVIORAL HEALTH SERVICES, INC.",0.343,0.213,1,2,7,15,25,1,2,5,16,22
113,90502,42751.370206431326,63151351.64783707,33.835332063651265,-118.29301654251165,171,"BEHAVIORAL HEALTH SERVICES, INC.",2.239,1.391,0,8,34,268,454,0,6,20,298,426,213,"AEGIS TREATMENT CENTERS, LLC",6.616,4.111,0,0,6,18,26,0,0,4,18,24,172,HIGH GAIN PROGRAM/NCADD SOUTH BAY,2.239,1.391,0,1,6,19,31,0,1,3,20,30,158,"PALM HOUSE, INC.",6.375,3.961,0,0,6,176,290,0,0,2,198,276,158,"PALM HOUSE, INC.",6.375,3.961,0,0,12,194,324,0,0,6,218,308,171,"BEHAVIORAL HEALTH SERVICES, INC.",2.239,1.391,0,2,12,52,92,0,2,8,58,84,201,"TARZANA TREATMENT CENTERS, INC.",9.795,6.087,0,0,2,12,26,0,0,0,12,26,172,HIGH GAIN PROGRAM/NCADD SOUTH BAY,2.239,1.391,0,1,5,21,41,0,1,2,24,40,158,"PALM HOUSE, INC.",6.375,3.961,0,0,4,116,198,0,0,2,136,184,172,HIGH GAIN PROGRAM/NCADD SOUTH BAY,2.239,1.391,0,1,5,104,185,0,1,1,110,175,171,"BEHAVIORAL HEALTH SERVICES, INC.",2.239,1.391,0,1,7,14,28,0,1,6,17,26
114,90503,62503.006044975235,163804707.71657732,33.842241014564806,-118.35191180127944,191,TWIN TOWN CORPORATION,1.204,0.748,0,8,18,216,428,2,8,12,232,390,213,"AEGIS TREATMENT CENTERS, LLC",10.664,6.626,0,0,0,16,20,0,0,0,18,20,172,HIGH GAIN PROGRAM/NCADD SOUTH BAY,3.291,2.045,0,1,1,12,30,0,1,1,17,27,115,"BEHAVIORAL HEALTH SERVICES, INC.",8.258,5.132,0,0,4,144,282,0,0,0,148,256,115,"BEHAVIORAL HEALTH SERVICES, INC.",8.258,5.132,0,0,4,164,312,0,0,0,170,282,191,TWIN TOWN CORPORATION,1.204,0.748,0,4,8,36,78,2,4,8,44,74,115,"BEHAVIORAL HEALTH SERVICES, INC.",8.258,5.132,0,0,2,6,24,0,0,0,12,24,172,HIGH GAIN PROGRAM/NCADD SOUTH BAY,3.291,2.045,0,1,4,14,38,0,1,2,19,35,115,"BEHAVIORAL HEALTH SERVICES, INC.",8.258,5.132,0,0,2,92,192,0,0,0,96,172,172,HIGH GAIN PROGRAM/NCADD SOUTH BAY,3.291,2.045,0,1,5,72,169,0,1,1,78,149,191,TWIN TOWN CORPORATION,1.204,0.748,0,2,4,14,22,1,2,4,15,19
115,90504,52890.12597563524,107762252.96942964,33.86908804452665,-118.33043844132757,137,"BEHAVIORAL HEALTH SERVICES, INC.",2.348,1.459,0,12,28,186,514,0,12,20,262,506,110,ELDORADO COMMUNITY SERVICE CENTER,8.759,5.443,0,0,6,18,30,0,0,0,18,28,172,HIGH GAIN PROGRAM/NCADD SOUTH BAY,3.945,2.451,0,1,4,19,44,0,1,1,21,42,120,"BEHAVIORAL HEALTH SERVICES, INC.",5.155,3.203,0,0,4,98,332,0,0,4,164,330,120,"BEHAVIORAL HEALTH SERVICES, INC.",5.155,3.203,0,0,10,122,374,0,0,4,188,370,137,"BEHAVIORAL HEALTH SERVICES, INC.",2.348,1.459,0,8,12,44,98,0,8,10,52,94,115,"BEHAVIORAL HEALTH SERVICES, INC.",5.492,3.413,0,0,2,10,32,0,0,2,12,30,172,HIGH GAIN PROGRAM/NCADD SOUTH BAY,3.945,2.451,0,2,4,20,47,0,2,4,25,46,115,"BEHAVIORAL HEALTH SERVICES, INC.",5.492,3.413,0,0,2,70,228,0,0,2,104,226,172,HIGH GAIN PROGRAM/NCADD SOUTH BAY,3.945,2.451,0,1,6,54,204,0,1,5,93,201,137,"BEHAVIORAL HEALTH SERVICES, INC.",2.348,1.459,0,4,5,16,30,0,4,5,17,29
116,90505,68803.65734713977,163049815.50242037,33.809062420477154,-118.34799827218458,191,TWIN TOWN CORPORATION,2.546,1.582,0,8,22,102,346,0,8,8,206,330,213,"AEGIS TREATMENT CENTERS, LLC",8.464,5.259,0,0,4,4,20,0,0,0,12,20,172,HIGH GAIN PROGRAM/NCADD SOUTH BAY,4.075,2.532,0,1,3,5,23,0,1,1,14,22,268,"HOUSE OF HOPE FOUNDATION, INC.",10.171,6.32,0,0,0,68,224,0,0,0,146,216,213,"AEGIS TREATMENT CENTERS, LLC",8.464,5.259,0,0,4,72,250,0,0,0,158,240,191,TWIN TOWN CORPORATION,2.546,1.582,0,4,12,20,64,0,4,4,34,62,115,"BEHAVIORAL HEALTH SERVICES, INC.",11.938,7.418,0,0,0,6,20,0,0,0,12,16,172,HIGH GAIN PROGRAM/NCADD SOUTH BAY,4.075,2.532,0,1,2,9,28,0,1,1,18,27,269,BEACON HOUSE ASSOCIATION OF SAN PEDRO (THE),10.298,6.399,0,0,0,40,150,0,0,0,92,142,172,HIGH GAIN PROGRAM/NCADD SOUTH BAY,4.075,2.532,0,1,1,39,127,0,1,1,84,125,191,TWIN TOWN CORPORATION,2.546,1.582,0,2,5,9,18,0,2,2,12,18
117,90506,8510.138921776066,4584443.58759786,33.88490063696375,-118.33055126713172,137,"BEHAVIORAL HEALTH SERVICES, INC.",0.67,0.416,2,8,130,186,526,2,8,24,194,510,110,ELDORADO COMMUNITY SERVICE CENTER,7.068,4.392,0,0,10,18,34,0,0,4,18,28,172,HIGH GAIN PROGRAM/NCADD SOUTH BAY,5.646,3.508,0,0,9,18,47,0,0,3,20,43,120,"BEHAVIORAL HEALTH SERVICES, INC.",3.398,2.112,0,4,84,102,336,0,4,4,104,332,120,"BEHAVIORAL HEALTH SERVICES, INC.",3.398,2.112,0,4,96,126,382,0,4,8,128,372,137,"BEHAVIORAL HEALTH SERVICES, INC.",0.67,0.416,2,4,22,40,102,2,4,10,42,98,115,"BEHAVIORAL HEALTH SERVICES, INC.",3.836,2.384,0,2,6,8,32,0,2,2,10,32,121,"ASIAN AMERICAN DRUG ABUSE PROGRAM, INC.",2.544,1.581,0,3,8,19,50,0,3,4,21,47,115,"BEHAVIORAL HEALTH SERVICES, INC.",3.836,2.384,0,2,58,68,232,0,2,2,70,228,120,"BEHAVIORAL HEALTH SERVICES, INC.",3.398,2.112,0,4,40,57,209,0,4,5,60,203,137,"BEHAVIORAL HEALTH SERVICES, INC.",0.67,0.416,1,2,9,16,31,1,2,5,16,30
118,90601,136418.69115807957,272864259.1249011,34.006299067895064,-118.03357290854352,159,ANDERSON COUNSELING AND EDUCATION,3.082,1.915,0,6,48,80,380,0,6,30,102,376,113,TAVARUA HEALTH SERVICES,5.755,3.576,0,0,14,20,40,0,0,8,20,40,113,TAVARUA HEALTH SERVICES,5.755,3.576,0,0,13,17,54,0,0,7,18,52,168,"SOCIAL MODEL RECOVERY SYSTEMS, INC.",6.921,4.3,0,0,8,16,206,0,0,6,36,204,166,SPIRITT FAMILY SERVICES,4.21,2.616,0,2,26,40,268,0,2,18,60,264,140,PACIFIC CLINICS,7.258,4.51,0,0,12,24,74,0,0,4,26,74,168,"SOCIAL MODEL RECOVERY SYSTEMS, INC.",6.921,4.3,0,0,4,10,36,0,0,4,16,36,166,SPIRITT FAMILY SERVICES,4.21,2.616,0,1,10,16,48,0,1,5,17,46,168,"SOCIAL MODEL RECOVERY SYSTEMS, INC.",6.921,4.3,0,0,4,8,136,0,0,4,16,134,140,PACIFIC CLINICS,7.258,4.51,0,0,8,18,140,0,0,3,38,138,166,SPIRITT FAMILY SERVICES,4.21,2.616,0,1,9,14,30,0,1,6,14,29
119,90602,78937.66155028819,73226413.6577552,33.96967658409893,-118.03113511525035,166,SPIRITT FAMILY SERVICES,0.2,0.124,4,12,38,78,408,6,12,24,88,350,209,"AEGIS TREATMENT CENTERS, LLC",5.869,3.647,0,0,14,18,40,0,0,4,20,38,182,LOS ANGELES CENTERS FOR ALCOHOL AND DRUG ABUSE,3.539,2.199,0,1,10,15,50,0,1,5,17,43,182,LOS ANGELES CENTERS FOR ALCOHOL AND DRUG ABUSE,3.539,2.199,0,2,6,18,230,0,2,4,20,186,166,SPIRITT FAMILY SERVICES,0.2,0.124,2,4,24,40,286,2,4,10,46,238,140,PACIFIC CLINICS,4.25,2.641,0,4,10,22,82,0,4,10,24,74,114,"SOUTHERN CALIFORNIA ALCOHOL AND DRUG PROGRAMS, INC.",9.449,5.871,0,0,2,12,32,0,0,0,12,26,166,SPIRITT FAMILY SERVICES,0.2,0.124,1,4,10,15,44,1,4,8,15,41,116,"SOUTHERN CALIFORNIA ALCOHOL AND DRUG PROGRAMS, INC.",10.122,6.29,0,0,0,8,156,0,0,0,10,126,182,LOS ANGELES CENTERS FOR ALCOHOL AND DRUG ABUSE,3.539,2.199,0,4,10,20,150,0,4,8,20,129,166,SPIRITT FAMILY SERVICES,0.2,0.124,1,5,9,13,31,1,5,8,14,30
120,90603,80646.75872778748,86393234.07617976,33.94471192753687,-117.9923746157613,192,"HELPLINE YOUTH COUNSELING, INC.",3.847,2.39,0,10,28,64,286,0,10,18,70,264,209,"AEGIS TREATMENT CENTERS, LLC",4.518,2.807,0,2,8,16,32,0,2,2,18,32,182,LOS ANGELES CENTERS FOR ALCOHOL AND DRUG ABUSE,3.888,2.416,0,2,7,14,38,0,2,3,15,34,182,LOS ANGELES CENTERS FOR ALCOHOL AND DRUG ABUSE,3.888,2.416,0,2,4,16,152,0,2,4,16,136,182,LOS ANGELES CENTERS FOR ALCOHOL AND DRUG ABUSE,3.888,2.416,0,6,14,36,194,0,6,8,38,178,192,"HELPLINE YOUTH COUNSELING, INC.",3.847,2.39,0,2,10,16,62,0,2,6,16,58,114,"SOUTHERN CALIFORNIA ALCOHOL AND DRUG PROGRAMS, INC.",12.66,7.867,0,0,0,10,28,0,0,0,10,22,192,"HELPLINE YOUTH COUNSELING, INC.",3.847,2.39,0,3,9,11,36,0,3,6,11,33,116,"SOUTHERN CALIFORNIA ALCOHOL AND DRUG PROGRAMS, INC.",13.049,8.109,0,0,0,6,100,0,0,0,6,88,192,"HELPLINE YOUTH COUNSELING, INC.",3.847,2.39,0,3,8,15,102,0,3,7,15,95,192,"HELPLINE YOUTH COUNSELING, INC.",3.847,2.39,0,4,8,10,26,0,4,6,10,23
121,90604,71711.52776170042,118482055.07535821,33.93031097345576,-118.01234401459291,192,"HELPLINE YOUTH COUNSELING, INC.",1.583,0.983,0,14,24,58,360,2,14,24,70,298,209,"AEGIS TREATMENT CENTERS, LLC",2.081,1.293,0,2,4,16,38,0,2,4,16,38,209,"AEGIS TREATMENT CENTERS, LLC",2.081,1.293,0,3,5,12,45,0,3,5,14,40,182,LOS ANGELES CENTERS FOR ALCOHOL AND DRUG ABUSE,2.146,1.333,0,4,4,12,204,0,4,4,18,156,209,"AEGIS TREATMENT CENTERS, LLC",2.081,1.293,0,8,10,32,254,0,8,10,38,204,192,"HELPLINE YOUTH COUNSELING, INC.",1.583,0.983,0,4,10,16,68,2,4,10,22,60,114,"SOUTHERN CALIFORNIA ALCOHOL AND DRUG PROGRAMS, INC.",10.962,6.812,0,0,0,6,32,0,0,0,10,30,192,"HELPLINE YOUTH COUNSELING, INC.",1.583,0.983,0,5,8,11,42,1,5,8,13,36,116,"SOUTHERN CALIFORNIA ALCOHOL AND DRUG PROGRAMS, INC.",11.203,6.961,0,0,0,2,136,0,0,0,8,100,192,"HELPLINE YOUTH COUNSELING, INC.",1.583,0.983,0,6,8,15,144,1,6,8,18,105,192,"HELPLINE YOUTH COUNSELING, INC.",1.583,0.983,0,5,8,10,29,1,5,8,13,26
122,90605,135634.22556820337,173199677.08020228,33.951321631515036,-118.02188001493971,182,LOS ANGELES CENTERS FOR ALCOHOL AND DRUG ABUSE,1.847,1.148,0,18,28,82,372,0,18,24,88,358,209,"AEGIS TREATMENT CENTERS, LLC",3.865,2.402,0,2,6,20,38,0,2,4,20,38,182,LOS ANGELES CENTERS FOR ALCOHOL AND DRUG ABUSE,1.847,1.148,0,3,6,16,45,0,3,5,17,44,182,LOS ANGELES CENTERS FOR ALCOHOL AND DRUG ABUSE,1.847,1.148,0,4,6,18,204,0,4,4,20,198,182,LOS ANGELES CENTERS FOR ALCOHOL AND DRUG ABUSE,1.847,1.148,0,8,14,42,254,0,8,10,46,248,192,"HELPLINE YOUTH COUNSELING, INC.",2.599,1.615,0,6,10,22,78,0,6,10,24,72,114,"SOUTHERN CALIFORNIA ALCOHOL AND DRUG PROGRAMS, INC.",9.953,6.185,0,0,2,12,30,0,0,0,12,28,182,LOS ANGELES CENTERS FOR ALCOHOL AND DRUG ABUSE,1.847,1.148,0,6,8,15,43,0,6,8,15,41,116,"SOUTHERN CALIFORNIA ALCOHOL AND DRUG PROGRAMS, INC.",10.422,6.476,0,0,0,8,138,0,0,0,10,134,182,LOS ANGELES CENTERS FOR ALCOHOL AND DRUG ABUSE,1.847,1.148,0,7,10,20,141,0,7,8,20,137,182,LOS ANGELES CENTERS FOR ALCOHOL AND DRUG ABUSE,1.847,1.148,0,6,8,13,30,0,6,8,14,29
123,90606,66310.97172102681,104411475.75637516,33.97736188035234,-118.06625249326683,159,ANDERSON COUNSELING AND EDUCATION,2.68,1.666,0,12,52,104,446,0,12,38,124,436,113,TAVARUA HEALTH SERVICES,4.26,2.647,0,2,12,18,40,0,2,10,20,40,113,TAVARUA HEALTH SERVICES,4.26,2.647,0,2,10,18,58,0,2,9,20,58,157,LOS ANGELES CENTERS FOR ALCOHOL AND DRUG ABUSE,5.206,3.235,0,0,10,36,254,0,0,8,38,248,166,SPIRITT FAMILY SERVICES,3.248,2.018,0,4,26,60,314,0,4,20,68,308,140,PACIFIC CLINICS,3.267,2.03,0,4,20,26,90,0,4,12,34,88,114,"SOUTHERN CALIFORNIA ALCOHOL AND DRUG PROGRAMS, INC.",6.791,4.22,0,0,6,12,44,0,0,4,12,44,166,SPIRITT FAMILY SERVICES,3.248,2.018,0,3,14,16,55,0,3,8,21,53,116,"SOUTHERN CALIFORNIA ALCOHOL AND DRUG PROGRAMS, INC.",7.664,4.762,0,0,4,20,176,0,0,2,22,172,140,PACIFIC CLINICS,3.267,2.03,0,1,16,36,169,0,1,10,41,165,166,SPIRITT FAMILY SERVICES,3.248,2.018,0,3,12,14,35,0,3,7,16,34
124,90623,4621.470557071097,1063860.3872790216,33.851130073673794,-118.05210021674189,219,AMERICAN HEALTH SERVICES LLC,2.65,1.646,0,4,24,96,306,0,4,14,124,268,219,AMERICAN HEALTH SERVICES LLC,2.65,1.646,0,2,6,10,34,0,2,6,10,32,219,AMERICAN HEALTH SERVICES LLC,2.65,1.646,0,1,5,13,36,0,1,3,14,32,150,"SOUTHERN CALIFORNIA ALCOHOL AND DRUG PROGRAMS, INC.",6.919,4.299,0,0,8,44,168,0,0,2,64,148,219,AMERICAN HEALTH SERVICES LLC,2.65,1.646,0,2,14,54,206,0,2,8,76,184,260,TWIN TOWN CORPORATION,5.352,3.325,0,0,8,30,66,0,0,4,34,56,150,"SOUTHERN CALIFORNIA ALCOHOL AND DRUG PROGRAMS, INC.",6.919,4.299,0,0,2,10,24,0,0,2,12,20,169,"HELPLINE YOUTH COUNSELING, INC.",6.143,3.817,0,0,5,13,33,0,0,1,17,32,116,"SOUTHERN CALIFORNIA ALCOHOL AND DRUG PROGRAMS, INC.",12.142,7.545,0,0,0,28,106,0,0,0,44,100,169,"HELPLINE YOUTH COUNSELING, INC.",6.143,3.817,0,0,11,34,121,0,0,3,49,106,260,TWIN TOWN CORPORATION,5.352,3.325,0,0,6,9,25,0,0,2,12,22
125,90630,9585.822126487461,1287939.4205106904,33.838650431201266,-118.0605582181459,219,AMERICAN HEALTH SERVICES LLC,1.182,0.735,0,6,16,118,344,2,6,10,124,334,219,AMERICAN HEALTH SERVICES LLC,1.182,0.735,0,2,6,10,32,2,2,2,10,32,219,AMERICAN HEALTH SERVICES LLC,1.182,0.735,0,1,3,14,33,1,1,1,14,32,150,"SOUTHERN CALIFORNIA ALCOHOL AND DRUG PROGRAMS, INC.",7.127,4.428,0,0,4,62,206,0,0,2,64,204,219,AMERICAN HEALTH SERVICES LLC,1.182,0.735,0,2,10,72,242,2,2,4,76,238,260,TWIN TOWN CORPORATION,3.949,2.454,0,2,4,34,70,0,2,4,34,66,150,"SOUTHERN CALIFORNIA ALCOHOL AND DRUG PROGRAMS, INC.",7.127,4.428,0,0,2,12,20,0,0,2,12,20,169,"HELPLINE YOUTH COUNSELING, INC.",7.376,4.583,0,0,1,16,36,0,0,1,17,34,227,SAFE REFUGE,11.013,6.843,0,0,0,42,132,0,0,0,44,132,150,"SOUTHERN CALIFORNIA ALCOHOL AND DRUG PROGRAMS, INC.",7.127,4.428,0,0,5,49,137,0,0,3,49,135,260,TWIN TOWN CORPORATION,3.949,2.454,0,1,2,10,26,0,1,2,12,23
126,90631,74809.72620092519,178096187.75664365,33.95980202648376,-117.95076959935423,262,TWIN PALMS RECOVERY CENTER,6.427,3.994,0,0,18,44,158,0,0,14,56,134,252,"ADDICTION RESEARCH AND TREATMENT, INC.",7.593,4.718,0,0,6,12,28,0,0,4,14,26,252,"ADDICTION RESEARCH AND TREATMENT, INC.",7.593,4.718,0,0,4,11,33,0,0,3,14,29,182,LOS ANGELES CENTERS FOR ALCOHOL AND DRUG ABUSE,8.029,4.989,0,0,2,8,50,0,0,2,12,36,252,"ADDICTION RESEARCH AND TREATMENT, INC.",7.593,4.718,0,0,10,24,90,0,0,8,32,74,192,"HELPLINE YOUTH COUNSELING, INC.",8.031,4.99,0,0,2,12,44,0,0,2,14,36,168,"SOCIAL MODEL RECOVERY SYSTEMS, INC.",13.381,8.314,0,0,0,4,26,0,0,0,8,22,253,"BAART BEHAVIORAL HEALTH SERVICES, INC.",7.593,4.718,0,0,4,10,30,0,0,4,13,26,168,"SOCIAL MODEL RECOVERY SYSTEMS, INC.",13.381,8.314,0,0,0,4,28,0,0,0,4,18,182,LOS ANGELES CENTERS FOR ALCOHOL AND DRUG ABUSE,8.029,4.989,0,0,3,8,54,0,0,3,12,38,166,SPIRITT FAMILY SERVICES,7.618,4.733,0,0,4,10,19,0,0,4,11,19
127,90638,91812.30077239209,215212007.66927043,33.9025269849671,-118.00923589424438,209,"AEGIS TREATMENT CENTERS, LLC",2.37,1.472,0,6,26,50,296,0,6,20,52,288,209,"AEGIS TREATMENT CENTERS, LLC",2.37,1.472,0,2,6,12,32,0,2,4,12,32,209,"AEGIS TREATMENT CENTERS, LLC",2.37,1.472,0,2,6,9,37,0,2,4,10,36,182,LOS ANGELES CENTERS FOR ALCOHOL AND DRUG ABUSE,4.538,2.82,0,2,4,12,158,0,2,4,12,156,209,"AEGIS TREATMENT CENTERS, LLC",2.37,1.472,0,4,12,26,196,0,4,10,26,194,192,"HELPLINE YOUTH COUNSELING, INC.",3.464,2.152,0,2,10,14,62,0,2,8,16,60,150,"SOUTHERN CALIFORNIA ALCOHOL AND DRUG PROGRAMS, INC.",10.17,6.32,0,0,0,6,30,0,0,0,6,28,192,"HELPLINE YOUTH COUNSELING, INC.",3.464,2.152,0,2,8,9,36,0,2,7,10,35,116,"SOUTHERN CALIFORNIA ALCOHOL AND DRUG PROGRAMS, INC.",12.088,7.511,0,0,0,2,106,0,0,0,2,104,192,"HELPLINE YOUTH COUNSELING, INC.",3.464,2.152,0,3,8,14,110,0,3,8,15,110,192,"HELPLINE YOUTH COUNSELING, INC.",3.464,2.152,0,3,8,9,25,0,3,7,9,24
128,90639,10676.957734386197,3949906.0623507765,33.9057799017586,-118.01482386334943,209,"AEGIS TREATMENT CENTERS, LLC",1.747,1.086,0,8,28,50,304,0,6,20,56,290,209,"AEGIS TREATMENT CENTERS, LLC",1.747,1.086,0,2,6,12,36,0,2,4,16,32,209,"AEGIS TREATMENT CENTERS, LLC",1.747,1.086,0,2,6,9,39,0,2,4,12,36,182,LOS ANGELES CENTERS FOR ALCOHOL AND DRUG ABUSE,3.976,2.471,0,2,6,12,160,0,2,4,12,156,209,"AEGIS TREATMENT CENTERS, LLC",1.747,1.086,0,4,14,26,204,0,4,10,30,194,192,"HELPLINE YOUTH COUNSELING, INC.",2.892,1.797,0,4,10,14,62,0,2,8,16,60,150,"SOUTHERN CALIFORNIA ALCOHOL AND DRUG PROGRAMS, INC.",9.757,6.063,0,0,2,6,30,0,0,0,6,28,192,"HELPLINE YOUTH COUNSELING, INC.",2.892,1.797,0,3,8,9,37,0,2,7,10,35,116,"SOUTHERN CALIFORNIA ALCOHOL AND DRUG PROGRAMS, INC.",11.486,7.137,0,0,0,2,108,0,0,0,2,104,192,"HELPLINE YOUTH COUNSELING, INC.",2.892,1.797,0,4,10,14,112,0,3,8,15,110,192,"HELPLINE YOUTH COUNSELING, INC.",2.892,1.797,0,4,8,9,25,0,3,7,9,24
129,90640,104064.388982871,237096901.47978157,34.0156522792779,-118.11010454996102,5,"ADDICTION RESEARCH AND TREATMENT, INC.",0.99,0.615,4,14,68,196,460,6,14,28,290,452,5,"ADDICTION RESEARCH AND TREATMENT, INC.",0.99,0.615,4,8,10,22,46,4,8,8,22,46,5,"ADDICTION RESEARCH AND TREATMENT, INC.",0.99,0.615,2,5,8,26,60,3,5,6,32,60,54,"THE SALVATION ARMY, A CALIFORNIA CORPORATION",5.604,3.482,0,0,20,96,252,0,0,6,176,250,5,"ADDICTION RESEARCH AND TREATMENT, INC.",0.99,0.615,4,8,34,128,322,4,8,14,208,320,10,"HOMELESS HEALTH CARE LOS ANGELES, INC.",1.52,0.945,0,6,20,46,94,2,6,8,56,88,52,"NARCOTIC PREVENTION ASSOCIATION, INC.",4.386,2.726,0,2,6,16,42,0,2,4,20,40,10,"HOMELESS HEALTH CARE LOS ANGELES, INC.",1.52,0.945,0,3,9,26,59,1,3,5,31,57,54,"THE SALVATION ARMY, A CALIFORNIA CORPORATION",5.604,3.482,0,0,12,64,176,0,0,2,114,174,10,"HOMELESS HEALTH CARE LOS ANGELES, INC.",1.52,0.945,0,4,23,80,162,1,4,10,122,159,61,"MELA COUNSELING SERVICES CENTER, INC.",3.485,2.165,0,2,9,21,38,0,2,3,24,37
130,90650,92732.54750936148,271565800.2823212,33.90691368187328,-118.0829640484385,162,WESTERN PACIFIC MED-CORP,0.319,0.198,2,16,44,154,424,4,16,32,192,388,162,WESTERN PACIFIC MED-CORP,0.319,0.198,2,2,6,18,40,2,2,4,18,38,162,WESTERN PACIFIC MED-CORP,0.319,0.198,1,3,8,21,46,1,3,5,21,42,157,LOS ANGELES CENTERS FOR ALCOHOL AND DRUG ABUSE,3.157,1.962,0,6,12,80,242,0,6,12,112,214,162,WESTERN PACIFIC MED-CORP,0.319,0.198,2,8,22,102,294,2,8,16,132,262,169,"HELPLINE YOUTH COUNSELING, INC.",1.346,0.837,0,8,14,40,86,2,8,12,46,82,150,"SOUTHERN CALIFORNIA ALCOHOL AND DRUG PROGRAMS, INC.",4.131,2.567,0,2,6,14,30,0,2,6,14,26,169,"HELPLINE YOUTH COUNSELING, INC.",1.346,0.837,0,5,9,24,47,1,5,7,24,42,116,"SOUTHERN CALIFORNIA ALCOHOL AND DRUG PROGRAMS, INC.",5.734,3.563,0,0,2,48,164,0,0,2,74,148,169,"HELPLINE YOUTH COUNSELING, INC.",1.346,0.837,0,9,15,57,168,1,9,14,72,149,169,"HELPLINE YOUTH COUNSELING, INC.",1.346,0.837,0,4,8,16,33,1,4,7,18,32
131,90660,105083.37195582787,264888660.90125662,33.99302125087896,-118.08714755486031,113,TAVARUA HEALTH SERVICES,1.724,1.071,0,10,54,130,460,0,8,44,252,412,113,TAVARUA HEALTH SERVICES,1.724,1.071,0,6,10,22,44,0,6,8,22,42,113,TAVARUA HEALTH SERVICES,1.724,1.071,0,4,9,22,60,0,4,8,27,57,114,"SOUTHERN CALIFORNIA ALCOHOL AND DRUG PROGRAMS, INC.",6.512,4.046,0,0,10,50,256,0,0,10,152,220,113,TAVARUA HEALTH SERVICES,1.724,1.071,0,6,24,80,324,0,6,20,186,286,10,"HOMELESS HEALTH CARE LOS ANGELES, INC.",4.699,2.92,0,2,20,32,92,0,2,16,44,84,114,"SOUTHERN CALIFORNIA ALCOHOL AND DRUG PROGRAMS, INC.",6.512,4.046,0,0,6,16,44,0,0,6,20,40,10,"HOMELESS HEALTH CARE LOS ANGELES, INC.",4.699,2.92,0,1,14,20,58,0,1,11,28,54,54,"THE SALVATION ARMY, A CALIFORNIA CORPORATION",6.897,4.285,0,0,4,30,176,0,0,4,104,148,10,"HOMELESS HEALTH CARE LOS ANGELES, INC.",4.699,2.92,0,1,16,43,175,0,1,14,103,150,140,PACIFIC CLINICS,5.266,3.272,0,0,12,16,36,0,0,9,22,35
132,90670,136070.1174089684,238348748.4465116,33.9321504976194,-118.06253978662208,156,LOS ANGELES CENTERS FOR ALCOHOL AND DRUG ABUSE,0.188,0.117,4,22,38,86,424,4,20,36,112,406,162,WESTERN PACIFIC MED-CORP,3.276,2.035,0,4,6,22,38,0,4,4,24,36,157,LOS ANGELES CENTERS FOR ALCOHOL AND DRUG ABUSE,0.224,0.139,1,5,6,19,47,1,5,5,23,44,157,LOS ANGELES CENTERS FOR ALCOHOL AND DRUG ABUSE,0.224,0.139,2,4,12,18,238,2,4,12,22,234,157,LOS ANGELES CENTERS FOR ALCOHOL AND DRUG ABUSE,0.224,0.139,2,10,20,46,288,2,8,18,52,282,156,LOS ANGELES CENTERS FOR ALCOHOL AND DRUG ABUSE,0.188,0.117,2,10,12,30,92,2,10,12,38,82,114,"SOUTHERN CALIFORNIA ALCOHOL AND DRUG PROGRAMS, INC.",6.382,3.966,0,0,6,10,32,0,0,6,14,30,156,LOS ANGELES CENTERS FOR ALCOHOL AND DRUG ABUSE,0.188,0.117,2,8,8,20,47,2,7,8,22,44,116,"SOUTHERN CALIFORNIA ALCOHOL AND DRUG PROGRAMS, INC.",6.569,4.082,0,0,2,8,158,0,0,2,12,156,156,LOS ANGELES CENTERS FOR ALCOHOL AND DRUG ABUSE,0.188,0.117,3,8,14,24,166,3,8,14,26,162,156,LOS ANGELES CENTERS FOR ALCOHOL AND DRUG ABUSE,0.188,0.117,1,8,8,14,35,1,7,8,16,31
133,90701,41707.52075038576,45338282.7251663,33.86763000895543,-118.08065070723629,150,"SOUTHERN CALIFORNIA ALCOHOL AND DRUG PROGRAMS, INC.",3.725,2.315,0,12,42,114,436,0,10,20,206,374,219,AMERICAN HEALTH SERVICES LLC,3.818,2.373,0,4,8,10,38,0,4,6,12,34,219,AMERICAN HEALTH SERVICES LLC,3.818,2.373,0,2,9,14,43,0,2,4,19,37,150,"SOUTHERN CALIFORNIA ALCOHOL AND DRUG PROGRAMS, INC.",3.725,2.315,0,4,12,54,260,0,2,6,132,218,150,"SOUTHERN CALIFORNIA ALCOHOL AND DRUG PROGRAMS, INC.",3.725,2.315,0,8,18,66,306,0,6,12,146,256,169,"HELPLINE YOUTH COUNSELING, INC.",4.262,2.648,0,2,20,34,88,0,2,6,44,78,150,"SOUTHERN CALIFORNIA ALCOHOL AND DRUG PROGRAMS, INC.",3.725,2.315,0,2,8,12,28,0,2,2,16,24,169,"HELPLINE YOUTH COUNSELING, INC.",4.262,2.648,0,1,10,16,44,0,1,3,25,40,116,"SOUTHERN CALIFORNIA ALCOHOL AND DRUG PROGRAMS, INC.",9.118,5.666,0,0,2,34,168,0,0,0,90,136,150,"SOUTHERN CALIFORNIA ALCOHOL AND DRUG PROGRAMS, INC.",3.725,2.315,0,5,16,41,173,0,3,8,85,144,169,"HELPLINE YOUTH COUNSELING, INC.",4.262,2.648,0,1,8,13,33,0,1,3,17,29
134,90703,119688.67250297607,246426950.21195507,33.86797604046594,-118.06867562513091,219,AMERICAN HEALTH SERVICES LLC,3.787,2.353,0,10,32,108,380,0,8,22,140,306,219,AMERICAN HEALTH SERVICES LLC,3.787,2.353,0,4,6,10,34,0,2,6,12,34,219,AMERICAN HEALTH SERVICES LLC,3.787,2.353,0,2,7,14,38,0,1,4,16,38,150,"SOUTHERN CALIFORNIA ALCOHOL AND DRUG PROGRAMS, INC.",4.727,2.937,0,2,10,50,222,0,2,6,70,160,219,AMERICAN HEALTH SERVICES LLC,3.787,2.353,0,6,16,62,262,0,4,12,84,198,169,"HELPLINE YOUTH COUNSELING, INC.",4.077,2.533,0,2,14,32,78,0,2,8,40,70,150,"SOUTHERN CALIFORNIA ALCOHOL AND DRUG PROGRAMS, INC.",4.727,2.937,0,2,4,12,26,0,2,2,12,26,169,"HELPLINE YOUTH COUNSELING, INC.",4.077,2.533,0,1,8,15,41,0,1,4,21,37,116,"SOUTHERN CALIFORNIA ALCOHOL AND DRUG PROGRAMS, INC.",9.724,6.042,0,0,2,34,140,0,0,0,50,106,169,"HELPLINE YOUTH COUNSELING, INC.",4.077,2.533,0,3,13,36,148,0,3,9,54,114,169,"HELPLINE YOUTH COUNSELING, INC.",4.077,2.533,0,1,8,12,29,0,1,4,15,28
135,90706,59208.15733479047,171785341.5449927,33.88804581915188,-118.12712584300036,145,LITTLE HOUSE,0.036,0.023,2,8,52,234,522,4,6,38,234,518,162,WESTERN PACIFIC MED-CORP,4.555,2.831,0,2,10,24,42,0,2,8,24,42,162,WESTERN PACIFIC MED-CORP,4.555,2.831,0,2,11,26,48,0,1,9,26,47,145,LITTLE HOUSE,0.036,0.023,2,4,12,132,320,4,4,10,132,318,145,LITTLE HOUSE,0.036,0.023,2,6,24,158,376,4,6,20,158,372,147,LOS ANGELES CENTERS FOR ALCOHOL AND DRUG ABUSE,4.861,3.021,0,2,20,52,100,0,0,14,52,100,150,"SOUTHERN CALIFORNIA ALCOHOL AND DRUG PROGRAMS, INC.",1.134,0.704,0,2,8,18,30,2,2,8,18,30,147,LOS ANGELES CENTERS FOR ALCOHOL AND DRUG ABUSE,4.861,3.021,0,1,9,29,50,0,0,8,29,49,116,"SOUTHERN CALIFORNIA ALCOHOL AND DRUG PROGRAMS, INC.",5.464,3.395,0,0,4,90,214,0,0,2,90,212,145,LITTLE HOUSE,0.036,0.023,2,5,13,90,204,4,4,12,90,202,169,"HELPLINE YOUTH COUNSELING, INC.",5.705,3.545,0,0,5,20,37,0,0,3,20,36
136,90710,47358.75619039718,74043898.24100085,33.79677295104921,-118.2981691201262,204,"BEHAVIORAL HEALTH SERVICES, INC.",3.346,2.079,0,12,90,240,348,0,12,84,244,340,213,"AEGIS TREATMENT CENTERS, LLC",3.699,2.298,0,4,4,10,22,0,4,4,10,22,213,"AEGIS TREATMENT CENTERS, LLC",3.699,2.298,0,3,5,14,24,0,3,3,14,23,268,"HOUSE OF HOPE FOUNDATION, INC.",6.93,4.306,0,0,64,176,222,0,0,60,176,218,213,"AEGIS TREATMENT CENTERS, LLC",3.699,2.298,0,4,68,184,248,0,4,64,184,244,204,"BEHAVIORAL HEALTH SERVICES, INC.",3.346,2.079,0,4,14,42,70,0,4,14,46,66,201,"TARZANA TREATMENT CENTERS, INC.",9.22,5.729,0,0,4,12,20,0,0,0,12,18,223,"TRANSCULTURAL HEALTH DEVELOPMENT, INC.",4.416,2.744,0,2,6,19,31,0,2,4,21,27,269,BEACON HOUSE ASSOCIATION OF SAN PEDRO (THE),7.034,4.371,0,0,38,116,146,0,0,34,116,142,172,HIGH GAIN PROGRAM/NCADD SOUTH BAY,4.637,2.881,0,1,35,100,130,0,1,31,102,127,204,"BEHAVIORAL HEALTH SERVICES, INC.",3.346,2.079,0,2,6,12,21,0,2,6,13,19
137,90712,61873.34470696004,115374047.97267003,33.84921489008804,-118.14675000124653,147,LOS ANGELES CENTERS FOR ALCOHOL AND DRUG ABUSE,2.426,1.508,0,16,98,204,472,0,16,48,222,440,152,"TARZANA TREATMENT CENTERS, INC.",3.517,2.186,0,4,8,16,36,0,4,6,20,32,147,LOS ANGELES CENTERS FOR ALCOHOL AND DRUG ABUSE,2.426,1.508,0,5,10,21,39,0,5,7,24,36,150,"SOUTHERN CALIFORNIA ALCOHOL AND DRUG PROGRAMS, INC.",4.628,2.876,0,4,58,130,294,0,4,26,132,270,146,WEST COUNTY MEDICAL CLINIC,4.356,2.707,0,6,66,146,340,0,6,32,152,312,147,LOS ANGELES CENTERS FOR ALCOHOL AND DRUG ABUSE,2.426,1.508,0,8,24,44,94,0,8,12,50,90,152,"TARZANA TREATMENT CENTERS, INC.",3.517,2.186,0,4,10,16,24,0,4,6,16,22,147,LOS ANGELES CENTERS FOR ALCOHOL AND DRUG ABUSE,2.426,1.508,0,3,10,23,45,0,3,6,27,44,158,"PALM HOUSE, INC.",7.332,4.556,0,0,44,88,198,0,0,20,90,178,147,LOS ANGELES CENTERS FOR ALCOHOL AND DRUG ABUSE,2.426,1.508,0,6,40,83,189,0,6,18,87,177,158,"PALM HOUSE, INC.",7.332,4.556,0,0,5,16,33,0,0,2,19,32
138,90713,47619.82546887085,97324228.25104389,33.848121256321164,-118.11277197763418,150,"SOUTHERN CALIFORNIA ALCOHOL AND DRUG PROGRAMS, INC.",3.848,2.391,0,8,66,198,410,0,8,26,206,360,219,AMERICAN HEALTH SERVICES LLC,4.071,2.529,0,2,8,10,34,0,2,8,12,28,219,AMERICAN HEALTH SERVICES LLC,4.071,2.529,0,1,8,18,37,0,1,7,19,32,150,"SOUTHERN CALIFORNIA ALCOHOL AND DRUG PROGRAMS, INC.",3.848,2.391,0,4,36,130,246,0,4,4,130,216,150,"SOUTHERN CALIFORNIA ALCOHOL AND DRUG PROGRAMS, INC.",3.848,2.391,0,6,40,140,288,0,6,10,144,246,147,LOS ANGELES CENTERS FOR ALCOHOL AND DRUG ABUSE,5.365,3.334,0,0,20,42,86,0,0,12,46,80,150,"SOUTHERN CALIFORNIA ALCOHOL AND DRUG PROGRAMS, INC.",3.848,2.391,0,2,6,16,22,0,2,4,16,22,147,LOS ANGELES CENTERS FOR ALCOHOL AND DRUG ABUSE,5.365,3.334,0,0,6,22,44,0,0,4,24,39,227,SAFE REFUGE,8.651,5.375,0,0,26,88,158,0,0,0,88,134,150,"SOUTHERN CALIFORNIA ALCOHOL AND DRUG PROGRAMS, INC.",3.848,2.391,0,4,25,83,169,0,4,7,83,147,260,TWIN TOWN CORPORATION,7.131,4.431,0,0,2,15,32,0,0,2,18,28
139,90715,41993.94944474403,47788234.28097575,33.84035958022076,-118.07897827982804,219,AMERICAN HEALTH SERVICES LLC,0.948,0.589,2,6,44,122,362,4,6,14,130,346,219,AMERICAN HEALTH SERVICES LLC,0.948,0.589,2,2,8,10,32,2,2,4,10,32,219,AMERICAN HEALTH SERVICES LLC,0.948,0.589,1,1,7,14,35,1,1,2,14,33,150,"SOUTHERN CALIFORNIA ALCOHOL AND DRUG PROGRAMS, INC.",5.849,3.634,0,0,22,64,216,0,0,4,66,206,219,AMERICAN HEALTH SERVICES LLC,0.948,0.589,2,2,28,76,252,2,2,8,78,240,260,TWIN TOWN CORPORATION,4.575,2.843,0,2,14,34,76,0,2,4,36,74,150,"SOUTHERN CALIFORNIA ALCOHOL AND DRUG PROGRAMS, INC.",5.849,3.634,0,0,4,12,22,0,0,2,12,20,169,"HELPLINE YOUTH COUNSELING, INC.",7.211,4.481,0,0,4,17,40,0,0,1,17,35,227,SAFE REFUGE,9.839,6.114,0,0,16,44,134,0,0,0,46,132,150,"SOUTHERN CALIFORNIA ALCOHOL AND DRUG PROGRAMS, INC.",5.849,3.634,0,0,16,49,146,0,0,5,49,137,260,TWIN TOWN CORPORATION,4.575,2.843,0,1,2,12,28,0,1,2,13,27
140,90716,25964.89549880552,26594509.14914199,33.83041689363941,-118.07299609125019,220,ABC TRAFFIC SAFETY PROGRAM,0.247,0.154,4,6,50,118,346,4,6,8,122,318,219,AMERICAN HEALTH SERVICES LLC,0.411,0.255,2,2,4,10,32,2,2,2,10,28,219,AMERICAN HEALTH SERVICES LLC,0.411,0.255,1,1,3,14,33,1,1,1,14,30,150,"SOUTHERN CALIFORNIA ALCOHOL AND DRUG PROGRAMS, INC.",7.069,4.392,0,0,34,64,206,0,0,2,64,192,219,AMERICAN HEALTH SERVICES LLC,0.411,0.255,2,2,36,74,240,2,2,4,76,222,260,TWIN TOWN CORPORATION,3.34,2.075,0,2,12,34,74,0,2,2,34,66,150,"SOUTHERN CALIFORNIA ALCOHOL AND DRUG PROGRAMS, INC.",7.069,4.392,0,0,2,12,20,0,0,2,12,20,169,"HELPLINE YOUTH COUNSELING, INC.",8.263,5.135,0,0,2,16,35,0,0,0,17,34,227,SAFE REFUGE,9.544,5.931,0,0,24,44,132,0,0,0,44,124,150,"SOUTHERN CALIFORNIA ALCOHOL AND DRUG PROGRAMS, INC.",7.069,4.392,0,0,21,49,137,0,0,2,49,123,260,TWIN TOWN CORPORATION,3.34,2.075,0,1,2,11,27,0,1,1,12,24
141,90717,46940.81813010388,54856764.38727963,33.79375402541875,-118.31725373247454,179,"DRIVER BENEFITS PROGRAM, INC.",4.236,2.632,0,6,84,134,338,0,6,82,240,336,213,"AEGIS TREATMENT CENTERS, LLC",5.229,3.249,0,0,4,8,20,0,0,4,10,20,172,HIGH GAIN PROGRAM/NCADD SOUTH BAY,4.624,2.873,0,1,3,9,22,0,1,3,14,22,268,"HOUSE OF HOPE FOUNDATION, INC.",7.212,4.482,0,0,60,84,218,0,0,58,176,216,213,"AEGIS TREATMENT CENTERS, LLC",5.229,3.249,0,0,64,90,242,0,0,62,184,240,171,"BEHAVIORAL HEALTH SERVICES, INC.",4.624,2.873,0,2,14,30,66,0,2,14,42,66,201,"TARZANA TREATMENT CENTERS, INC.",10.985,6.826,0,0,0,8,18,0,0,0,12,16,172,HIGH GAIN PROGRAM/NCADD SOUTH BAY,4.624,2.873,0,1,4,14,27,0,1,4,19,27,269,BEACON HOUSE ASSOCIATION OF SAN PEDRO (THE),7.333,4.556,0,0,34,52,142,0,0,32,116,142,172,HIGH GAIN PROGRAM/NCADD SOUTH BAY,4.624,2.873,0,1,31,54,127,0,1,31,100,125,171,"BEHAVIORAL HEALTH SERVICES, INC.",4.624,2.873,0,1,6,9,19,0,1,4,12,19
142,90723,62962.740436036016,136327815.94644666,33.89727296661826,-118.16533789666123,95,"ADDICTION RESEARCH AND TREATMENT, INC.",3.12,1.939,0,10,118,266,540,0,10,106,280,530,146,WEST COUNTY MEDICAL CLINIC,5.45,3.387,0,0,8,24,42,0,0,6,26,38,95,"ADDICTION RESEARCH AND TREATMENT, INC.",3.12,1.939,0,2,13,28,52,0,2,11,31,49,145,LITTLE HOUSE,3.674,2.283,0,4,76,152,332,0,4,74,156,326,95,"ADDICTION RESEARCH AND TREATMENT, INC.",3.12,1.939,0,8,86,178,390,0,8,82,184,380,147,LOS ANGELES CENTERS FOR ALCOHOL AND DRUG ABUSE,4.022,2.499,0,2,24,64,104,0,2,18,70,104,150,"SOUTHERN CALIFORNIA ALCOHOL AND DRUG PROGRAMS, INC.",4.772,2.965,0,2,12,20,34,0,2,12,20,34,147,LOS ANGELES CENTERS FOR ALCOHOL AND DRUG ABUSE,4.022,2.499,0,2,13,33,54,0,2,10,35,52,116,"SOUTHERN CALIFORNIA ALCOHOL AND DRUG PROGRAMS, INC.",5.295,3.29,0,0,48,100,226,0,0,46,100,220,145,LITTLE HOUSE,3.674,2.283,0,5,43,109,208,0,5,42,115,208,73,"COMPATIOR, INC.",5.799,3.604,0,0,9,24,39,0,0,4,26,39
143,90731,134529.16217226416,356036411.7854855,33.739496188302326,-118.27869990892641,265,"HOUSE OF HOPE FOUNDATION, INC.",0.478,0.297,64,72,100,154,278,66,70,74,160,272,223,"TRANSCULTURAL HEALTH DEVELOPMENT, INC.",3.887,2.415,0,4,4,6,18,0,2,4,8,18,223,"TRANSCULTURAL HEALTH DEVELOPMENT, INC.",3.887,2.415,0,2,4,7,20,0,1,2,9,19,265,"HOUSE OF HOPE FOUNDATION, INC.",0.478,0.297,58,58,78,110,184,58,58,58,110,182,265,"HOUSE OF HOPE FOUNDATION, INC.",0.478,0.297,58,62,82,114,202,58,60,62,114,200,267,"HOUSE OF HOPE FOUNDATION, INC.",0.478,0.297,6,8,14,28,54,8,8,10,32,50,208,"BEHAVIORAL HEALTH SERVICES, INC.",9.409,5.847,0,0,4,4,14,0,0,0,6,14,296,"FRED BROWN'S RECOVERY SERVICES, INC.",0.969,0.602,2,3,7,9,22,2,3,3,11,21,269,BEACON HOUSE ASSOCIATION OF SAN PEDRO (THE),0.517,0.321,32,32,48,74,120,32,32,32,74,118,265,"HOUSE OF HOPE FOUNDATION, INC.",0.478,0.297,30,30,47,64,109,30,30,30,65,106,266,"BEHAVIORAL HEALTH SERVICES, INC.",1.065,0.662,0,1,3,7,16,1,1,2,7,15
144,90732,86523.23965095058,88612943.92672782,33.741384311293906,-118.31218993106577,255,"FRED KENNEDY ASSOCIATES, INC.",1.915,1.19,0,68,74,124,306,0,68,74,152,262,223,"TRANSCULTURAL HEALTH DEVELOPMENT, INC.",5.756,3.577,0,0,4,4,20,0,0,4,4,16,223,"TRANSCULTURAL HEALTH DEVELOPMENT, INC.",5.756,3.577,0,0,2,5,20,0,0,2,6,18,268,"HOUSE OF HOPE FOUNDATION, INC.",2.866,1.781,0,58,58,88,200,0,58,58,110,180,268,"HOUSE OF HOPE FOUNDATION, INC.",2.866,1.781,0,58,62,90,220,0,58,62,112,196,266,"BEHAVIORAL HEALTH SERVICES, INC.",2.124,1.32,0,8,10,24,60,0,8,10,28,46,208,"BEHAVIORAL HEALTH SERVICES, INC.",11.954,7.428,0,0,0,4,14,0,0,0,4,14,296,"FRED BROWN'S RECOVERY SERVICES, INC.",2.909,1.808,0,2,3,9,21,0,2,3,9,21,177,"FRED BROWN'S RECOVERY SERVICES, INC.",2.909,1.808,0,32,32,58,134,0,32,32,74,116,268,"HOUSE OF HOPE FOUNDATION, INC.",2.866,1.781,0,30,30,51,111,0,30,30,64,106,266,"BEHAVIORAL HEALTH SERVICES, INC.",2.124,1.32,0,1,2,7,17,0,1,2,7,13
145,90744,92694.91014954088,243298098.1207067,33.78030551551495,-118.25717789088307,213,"AEGIS TREATMENT CENTERS, LLC",0.521,0.324,2,8,148,168,350,6,6,106,232,336,213,"AEGIS TREATMENT CENTERS, LLC",0.521,0.324,2,4,4,8,22,4,4,4,8,22,213,"AEGIS TREATMENT CENTERS, LLC",0.521,0.324,1,2,6,10,25,2,2,4,13,24,265,"HOUSE OF HOPE FOUNDATION, INC.",5.426,3.372,0,0,110,110,222,0,0,80,172,212,213,"AEGIS TREATMENT CENTERS, LLC",0.521,0.324,2,4,112,116,246,4,4,84,178,236,204,"BEHAVIORAL HEALTH SERVICES, INC.",1.146,0.712,0,2,26,38,74,2,2,16,40,70,201,"TARZANA TREATMENT CENTERS, INC.",5.691,3.536,0,0,4,6,18,0,0,4,10,18,223,"TRANSCULTURAL HEALTH DEVELOPMENT, INC.",1.069,0.664,0,1,9,14,33,1,1,8,17,28,269,BEACON HOUSE ASSOCIATION OF SAN PEDRO (THE),5.472,3.4,0,0,74,74,144,0,0,50,114,138,265,"HOUSE OF HOPE FOUNDATION, INC.",5.426,3.372,0,0,64,66,133,0,0,48,96,124,204,"BEHAVIORAL HEALTH SERVICES, INC.",1.146,0.712,0,1,6,9,22,1,1,5,11,20
146,90745,81937.24442418193,244127012.01218784,33.82159336964902,-118.26413273717083,204,"BEHAVIORAL HEALTH SERVICES, INC.",3.583,2.227,0,6,90,262,422,0,6,32,270,380,213,"AEGIS TREATMENT CENTERS, LLC",4.466,2.775,0,2,8,14,26,0,2,8,16,24,213,"AEGIS TREATMENT CENTERS, LLC",4.466,2.775,0,1,10,17,31,0,1,9,19,27,158,"PALM HOUSE, INC.",3.956,2.458,0,2,38,180,270,0,2,6,184,238,158,"PALM HOUSE, INC.",3.956,2.458,0,4,46,194,304,0,4,12,200,268,204,"BEHAVIORAL HEALTH SERVICES, INC.",3.583,2.227,0,2,30,48,86,0,2,12,50,80,201,"TARZANA TREATMENT CENTERS, INC.",6.727,4.18,0,0,6,12,24,0,0,6,14,22,172,HIGH GAIN PROGRAM/NCADD SOUTH BAY,5.14,3.194,0,0,11,21,41,0,0,7,22,37,158,"PALM HOUSE, INC.",3.956,2.458,0,2,20,118,178,0,2,6,120,156,172,HIGH GAIN PROGRAM/NCADD SOUTH BAY,5.14,3.194,0,0,35,104,173,0,0,7,108,148,204,"BEHAVIORAL HEALTH SERVICES, INC.",3.583,2.227,0,3,8,14,31,0,3,4,15,25
147,90746,82396.51150848935,142243752.6424191,33.85889320459244,-118.25533343118191,134,"FRED KENNEDY ASSOCIATES, INC.",1.836,1.141,0,4,124,292,526,0,4,100,320,522,146,WEST COUNTY MEDICAL CLINIC,5.73,3.561,0,0,14,18,38,0,0,6,18,36,146,WEST COUNTY MEDICAL CLINIC,5.73,3.561,0,0,17,20,47,0,0,10,21,45,158,"PALM HOUSE, INC.",4.0,2.486,0,2,70,186,328,0,2,64,212,326,158,"PALM HOUSE, INC.",4.0,2.486,0,2,86,206,380,0,2,70,232,376,171,"BEHAVIORAL HEALTH SERVICES, INC.",6.29,3.908,0,0,28,60,104,0,0,22,62,104,152,"TARZANA TREATMENT CENTERS, INC.",6.582,4.09,0,0,10,16,28,0,0,6,18,26,117,"JWCH INSTITUTE, INC.",5.864,3.644,0,0,16,25,52,0,0,11,26,51,158,"PALM HOUSE, INC.",4.0,2.486,0,2,46,122,222,0,2,42,138,220,172,HIGH GAIN PROGRAM/NCADD SOUTH BAY,6.29,3.908,0,0,42,112,208,0,0,35,123,208,158,"PALM HOUSE, INC.",4.0,2.486,0,2,11,16,37,0,2,9,17,37
148,90747,17152.43881878923,15298214.471818324,33.86283027553157,-118.25701938692472,134,"FRED KENNEDY ASSOCIATES, INC.",1.384,0.86,0,4,124,320,528,2,4,96,320,524,146,WEST COUNTY MEDICAL CLINIC,5.94,3.691,0,0,12,18,38,0,0,6,18,36,146,WEST COUNTY MEDICAL CLINIC,5.94,3.691,0,0,16,21,47,0,0,9,21,46,158,"PALM HOUSE, INC.",4.42,2.747,0,2,70,212,330,0,2,64,212,328,158,"PALM HOUSE, INC.",4.42,2.747,0,2,84,232,382,0,2,70,232,378,171,"BEHAVIORAL HEALTH SERVICES, INC.",6.348,3.944,0,0,28,62,104,0,0,18,62,104,80,"TARZANA TREATMENT CENTERS, INC.",6.788,4.218,0,0,10,18,30,0,0,6,18,28,117,"JWCH INSTITUTE, INC.",5.683,3.531,0,0,15,26,52,0,0,10,26,52,158,"PALM HOUSE, INC.",4.42,2.747,0,2,46,138,224,0,2,42,138,222,172,HIGH GAIN PROGRAM/NCADD SOUTH BAY,6.348,3.944,0,0,42,123,208,0,0,34,123,208,158,"PALM HOUSE, INC.",4.42,2.747,0,2,11,17,37,0,2,8,17,37
149,90755,56381.94936373388,61488288.07083762,33.802930198593124,-118.16809581649956,197,CAMBODIAN ASSOCIATION OF AMERICA,1.573,0.977,0,66,88,246,364,2,66,78,258,338,152,"TARZANA TREATMENT CENTERS, INC.",5.483,3.407,0,0,10,12,32,0,0,4,12,28,201,"TARZANA TREATMENT CENTERS, INC.",2.917,1.813,0,3,10,16,33,0,3,7,16,29,227,SAFE REFUGE,2.9,1.802,0,50,52,176,214,0,50,52,180,200,227,SAFE REFUGE,2.9,1.802,0,48,58,188,250,0,48,52,192,230,197,CAMBODIAN ASSOCIATION OF AMERICA,1.573,0.977,0,14,22,42,82,2,14,20,46,78,201,"TARZANA TREATMENT CENTERS, INC.",2.917,1.813,0,4,6,12,22,0,4,6,14,20,197,CAMBODIAN ASSOCIATION OF AMERICA,1.573,0.977,0,5,9,19,40,1,5,8,19,37,227,SAFE REFUGE,2.9,1.802,0,40,42,114,134,0,40,42,118,124,197,CAMBODIAN ASSOCIATION OF AMERICA,1.573,0.977,0,33,35,103,146,1,33,35,103,133,221,"HELPLINE YOUTH COUNSELING, INC.",4.352,2.704,0,1,4,11,28,0,1,3,12,28
150,90802,181881.27550552046,168434676.39081502,33.7593380133561,-118.20662481605963,200,AMERICAN INDIAN CHANGING SPIRITS,1.757,1.092,0,28,142,166,306,0,28,134,172,296,223,"TRANSCULTURAL HEALTH DEVELOPMENT, INC.",5.241,3.257,0,0,4,10,22,0,0,4,10,20,208,"BEHAVIORAL HEALTH SERVICES, INC.",3.467,2.154,0,2,5,11,24,0,2,4,11,23,200,AMERICAN INDIAN CHANGING SPIRITS,1.757,1.092,0,20,110,110,190,0,20,108,112,190,200,AMERICAN INDIAN CHANGING SPIRITS,1.757,1.092,0,20,112,116,212,0,20,110,120,210,207,"BEHAVIORAL HEALTH SERVICES, INC.",1.757,1.092,0,4,24,34,68,0,4,20,36,62,208,"BEHAVIORAL HEALTH SERVICES, INC.",3.467,2.154,0,4,4,6,18,0,4,4,8,18,200,AMERICAN INDIAN CHANGING SPIRITS,1.757,1.092,0,4,8,12,29,0,4,8,13,27,200,AMERICAN INDIAN CHANGING SPIRITS,1.757,1.092,0,16,74,74,122,0,16,72,74,122,200,AMERICAN INDIAN CHANGING SPIRITS,1.757,1.092,0,17,63,66,118,0,17,63,68,115,221,"HELPLINE YOUTH COUNSELING, INC.",1.757,1.092,0,1,5,7,22,0,1,2,8,20
151,90803,68577.14120570425,137033918.1501372,33.76137895747193,-118.12292586548605,243,SAFE REFUGE,3.349,2.081,0,34,72,114,298,0,34,66,162,286,219,AMERICAN HEALTH SERVICES LLC,9.346,5.807,0,0,2,10,20,0,0,0,10,16,208,"BEHAVIORAL HEALTH SERVICES, INC.",7.474,4.644,0,0,4,10,25,0,0,2,10,22,243,SAFE REFUGE,3.349,2.081,0,30,50,72,190,0,30,50,114,188,243,SAFE REFUGE,3.349,2.081,0,28,50,78,212,0,28,48,120,204,250,SAFE REFUGE,3.37,2.094,0,6,16,28,60,0,6,14,32,60,208,"BEHAVIORAL HEALTH SERVICES, INC.",7.474,4.644,0,0,4,8,18,0,0,4,8,16,200,AMERICAN INDIAN CHANGING SPIRITS,6.405,3.98,0,0,5,9,28,0,0,5,11,27,249,SAFE REFUGE,3.373,2.096,0,24,40,44,122,0,24,40,74,120,243,SAFE REFUGE,3.349,2.081,0,15,33,53,116,0,15,33,69,114,221,"HELPLINE YOUTH COUNSELING, INC.",6.405,3.98,0,0,2,5,22,0,0,2,6,21
152,90804,46944.61166995559,59523294.64932039,33.78180949708084,-118.14886139722533,238,SAFE REFUGE,0.388,0.241,34,64,84,166,314,34,64,66,172,312,152,"TARZANA TREATMENT CENTERS, INC.",8.303,5.159,0,0,6,10,20,0,0,0,12,20,208,"BEHAVIORAL HEALTH SERVICES, INC.",4.478,2.782,0,2,8,10,24,0,2,3,12,24,227,SAFE REFUGE,0.705,0.438,30,50,52,114,194,30,50,50,114,194,227,SAFE REFUGE,0.705,0.438,28,48,54,122,216,28,48,48,126,216,238,SAFE REFUGE,0.388,0.241,6,12,22,32,68,6,12,14,34,68,208,"BEHAVIORAL HEALTH SERVICES, INC.",4.478,2.782,0,4,6,8,18,0,4,4,8,18,197,CAMBODIAN ASSOCIATION OF AMERICA,4.062,2.524,0,5,8,12,33,0,5,5,13,33,227,SAFE REFUGE,0.705,0.438,24,40,42,74,124,24,40,40,74,124,238,SAFE REFUGE,0.388,0.241,15,33,35,69,121,15,33,33,70,121,221,"HELPLINE YOUTH COUNSELING, INC.",4.199,2.609,0,1,4,6,26,0,1,1,7,26
153,90805,73017.68121719583,208385055.4464752,33.865354828422916,-118.18016413077359,147,LOS ANGELES CENTERS FOR ALCOHOL AND DRUG ABUSE,1.155,0.718,0,14,132,228,512,2,14,30,236,508,152,"TARZANA TREATMENT CENTERS, INC.",1.734,1.078,0,4,4,18,36,0,4,4,20,36,147,LOS ANGELES CENTERS FOR ALCOHOL AND DRUG ABUSE,1.155,0.718,0,5,11,22,43,1,5,7,24,43,158,"PALM HOUSE, INC.",5.34,3.318,0,0,94,130,316,0,0,8,134,316,146,WEST COUNTY MEDICAL CLINIC,1.749,1.087,0,4,100,148,366,0,4,14,154,366,147,LOS ANGELES CENTERS FOR ALCOHOL AND DRUG ABUSE,1.155,0.718,0,8,22,56,102,2,8,12,58,100,152,"TARZANA TREATMENT CENTERS, INC.",1.734,1.078,0,2,14,16,26,0,2,6,16,26,147,LOS ANGELES CENTERS FOR ALCOHOL AND DRUG ABUSE,1.155,0.718,0,4,12,26,49,1,4,7,29,48,158,"PALM HOUSE, INC.",5.34,3.318,0,0,66,90,210,0,0,4,90,210,147,LOS ANGELES CENTERS FOR ALCOHOL AND DRUG ABUSE,1.155,0.718,0,2,52,84,204,1,2,10,89,204,158,"PALM HOUSE, INC.",5.34,3.318,0,0,6,20,37,0,0,3,23,36
154,90806,96001.45759826685,125678929.45931034,33.80682630119891,-118.18190137806911,197,CAMBODIAN ASSOCIATION OF AMERICA,0.568,0.353,2,72,84,244,392,2,68,82,262,378,152,"TARZANA TREATMENT CENTERS, INC.",4.836,3.005,0,2,8,12,32,0,0,6,14,28,201,"TARZANA TREATMENT CENTERS, INC.",1.972,1.226,0,5,9,16,34,0,4,8,17,30,201,"TARZANA TREATMENT CENTERS, INC.",1.972,1.226,0,52,52,176,240,0,50,52,180,232,201,"TARZANA TREATMENT CENTERS, INC.",1.972,1.226,0,50,56,188,276,0,48,54,194,264,197,CAMBODIAN ASSOCIATION OF AMERICA,0.568,0.353,2,18,22,40,84,2,16,22,48,82,201,"TARZANA TREATMENT CENTERS, INC.",1.972,1.226,0,6,6,12,22,0,4,6,14,22,197,CAMBODIAN ASSOCIATION OF AMERICA,0.568,0.353,1,7,9,18,41,1,6,8,19,39,201,"TARZANA TREATMENT CENTERS, INC.",1.972,1.226,0,42,42,114,154,0,40,42,118,150,197,CAMBODIAN ASSOCIATION OF AMERICA,0.568,0.353,1,34,35,102,155,1,33,35,103,148,221,"HELPLINE YOUTH COUNSELING, INC.",4.299,2.671,0,3,4,10,29,0,1,4,13,29
155,90807,78510.57019572738,135399628.21038723,33.82960521463202,-118.1796415355345,173,"ROOTS, INC. DBA ROOTS THROUGH RECOVERY",0.504,0.313,2,20,98,272,436,2,20,80,284,396,152,"TARZANA TREATMENT CENTERS, INC.",2.344,1.457,0,4,10,18,32,0,4,4,18,32,173,"ROOTS, INC. DBA ROOTS THROUGH RECOVERY",0.504,0.313,1,7,11,21,36,1,7,7,22,34,158,"PALM HOUSE, INC.",4.128,2.565,0,6,56,184,268,0,6,52,186,242,146,WEST COUNTY MEDICAL CLINIC,3.022,1.878,0,8,66,202,308,0,8,54,204,278,173,"ROOTS, INC. DBA ROOTS THROUGH RECOVERY",0.504,0.313,2,10,22,48,90,2,10,20,56,84,152,"TARZANA TREATMENT CENTERS, INC.",2.344,1.457,0,6,8,16,22,0,6,6,16,22,154,"TARZANA TREATMENT CENTERS, INC.",2.322,1.443,0,6,10,21,43,0,6,9,24,41,158,"PALM HOUSE, INC.",4.128,2.565,0,6,42,120,176,0,6,42,120,156,152,"TARZANA TREATMENT CENTERS, INC.",2.344,1.457,0,7,39,107,175,0,7,35,110,155,158,"PALM HOUSE, INC.",4.128,2.565,0,2,4,13,31,0,2,3,17,29
156,90808,74753.29887674238,188840478.5456229,33.823952154435794,-118.111372489088,220,ABC TRAFFIC SAFETY PROGRAM,3.46,2.15,0,4,90,122,356,0,4,54,200,350,219,AMERICAN HEALTH SERVICES LLC,3.798,2.36,0,2,8,12,28,0,2,4,14,28,219,AMERICAN HEALTH SERVICES LLC,3.798,2.36,0,1,9,15,32,0,1,5,19,30,227,SAFE REFUGE,6.463,4.016,0,0,54,64,216,0,0,34,128,212,219,AMERICAN HEALTH SERVICES LLC,3.798,2.36,0,2,58,76,246,0,2,34,142,242,260,TWIN TOWN CORPORATION,5.472,3.4,0,0,24,36,80,0,0,18,44,78,150,"SOUTHERN CALIFORNIA ALCOHOL AND DRUG PROGRAMS, INC.",6.537,4.062,0,0,8,12,22,0,0,4,16,20,147,LOS ANGELES CENTERS FOR ALCOHOL AND DRUG ABUSE,6.723,4.177,0,0,9,16,39,0,0,4,22,38,227,SAFE REFUGE,6.463,4.016,0,0,40,44,134,0,0,24,86,132,238,SAFE REFUGE,6.195,3.85,0,0,40,49,147,0,0,22,81,144,260,TWIN TOWN CORPORATION,5.472,3.4,0,0,3,12,28,0,0,1,16,28
157,90810,81539.3054731914,192310091.84091836,33.819406312543066,-118.22112996036621,158,"PALM HOUSE, INC.",1.649,1.025,0,18,94,264,404,0,18,86,280,398,146,WEST COUNTY MEDICAL CLINIC,4.634,2.879,0,4,8,16,32,0,4,8,18,28,201,"TARZANA TREATMENT CENTERS, INC.",3.381,2.101,0,6,10,18,34,0,6,9,20,32,158,"PALM HOUSE, INC.",1.649,1.025,0,6,52,180,242,0,6,52,186,242,158,"PALM HOUSE, INC.",1.649,1.025,0,8,58,196,282,0,8,56,204,278,173,"ROOTS, INC. DBA ROOTS THROUGH RECOVERY",3.519,2.187,0,8,24,48,86,0,8,22,52,86,201,"TARZANA TREATMENT CENTERS, INC.",3.381,2.101,0,6,6,12,22,0,6,6,16,22,201,"TARZANA TREATMENT CENTERS, INC.",3.381,2.101,0,5,11,20,41,0,5,9,22,41,158,"PALM HOUSE, INC.",1.649,1.025,0,6,42,116,156,0,6,42,122,156,201,"TARZANA TREATMENT CENTERS, INC.",3.381,2.101,0,6,36,104,155,0,6,35,108,155,158,"PALM HOUSE, INC.",1.649,1.025,0,2,5,14,30,0,2,4,15,30
158,90813,63418.07823580541,98606449.0677527,33.7814556354358,-118.19736459468824,208,"BEHAVIORAL HEALTH SERVICES, INC.",0.882,0.548,2,64,152,172,328,28,64,78,178,312,223,"TRANSCULTURAL HEALTH DEVELOPMENT, INC.",6.028,3.746,0,0,8,10,24,0,0,6,10,22,208,"BEHAVIORAL HEALTH SERVICES, INC.",0.882,0.548,1,2,9,11,27,2,2,7,12,25,208,"BEHAVIORAL HEALTH SERVICES, INC.",0.882,0.548,2,50,110,114,200,20,50,52,114,194,208,"BEHAVIORAL HEALTH SERVICES, INC.",0.882,0.548,2,48,114,122,226,20,48,54,124,216,207,"BEHAVIORAL HEALTH SERVICES, INC.",1.482,0.921,0,12,30,34,74,4,12,20,38,70,208,"BEHAVIORAL HEALTH SERVICES, INC.",0.882,0.548,2,4,6,8,18,4,4,6,8,18,208,"BEHAVIORAL HEALTH SERVICES, INC.",0.882,0.548,1,5,11,13,35,4,5,8,14,32,208,"BEHAVIORAL HEALTH SERVICES, INC.",0.882,0.548,2,40,74,74,124,16,40,42,74,124,208,"BEHAVIORAL HEALTH SERVICES, INC.",0.882,0.548,2,33,65,70,130,17,33,34,71,122,221,"HELPLINE YOUTH COUNSELING, INC.",1.482,0.921,0,1,5,7,25,1,1,4,9,25
159,90814,48405.90280742051,37504063.864837065,33.77144093720461,-118.14305846550447,243,SAFE REFUGE,1.182,0.735,0,58,76,162,312,34,58,66,166,302,219,AMERICAN HEALTH SERVICES LLC,9.563,5.942,0,0,4,10,20,0,0,0,10,20,208,"BEHAVIORAL HEALTH SERVICES, INC.",5.322,3.307,0,0,6,10,24,0,0,3,10,24,243,SAFE REFUGE,1.182,0.735,0,46,50,114,194,30,46,50,114,190,243,SAFE REFUGE,1.182,0.735,0,44,50,120,216,28,44,48,122,210,250,SAFE REFUGE,1.209,0.751,0,10,20,32,68,6,10,14,32,66,208,"BEHAVIORAL HEALTH SERVICES, INC.",5.322,3.307,0,0,6,8,18,0,0,4,8,16,200,AMERICAN INDIAN CHANGING SPIRITS,4.495,2.793,0,2,7,11,33,0,2,5,12,30,249,SAFE REFUGE,1.213,0.754,0,36,40,74,124,24,36,40,74,120,243,SAFE REFUGE,1.182,0.735,0,28,34,69,121,15,28,33,69,117,221,"HELPLINE YOUTH COUNSELING, INC.",4.495,2.793,0,1,2,6,26,0,1,1,6,24
160,90815,88367.94390011269,194984820.9076377,33.796579155843936,-118.11657291434496,238,SAFE REFUGE,3.792,2.356,0,34,84,102,326,0,34,72,110,314,219,AMERICAN HEALTH SERVICES LLC,5.851,3.636,0,0,6,12,26,0,0,2,14,22,219,AMERICAN HEALTH SERVICES LLC,5.851,3.636,0,0,8,12,29,0,0,4,14,25,227,SAFE REFUGE,4.111,2.554,0,30,52,56,194,0,30,50,60,192,227,SAFE REFUGE,4.111,2.554,0,28,54,68,222,0,28,50,74,216,238,SAFE REFUGE,3.792,2.356,0,6,22,26,74,0,6,16,28,68,208,"BEHAVIORAL HEALTH SERVICES, INC.",7.425,4.614,0,0,8,8,18,0,0,4,10,16,197,CAMBODIAN ASSOCIATION OF AMERICA,6.367,3.956,0,0,8,11,34,0,0,5,13,32,227,SAFE REFUGE,4.111,2.554,0,24,40,42,124,0,24,40,44,122,238,SAFE REFUGE,3.792,2.356,0,15,37,40,124,0,15,33,43,119,260,TWIN TOWN CORPORATION,5.495,3.414,0,0,2,6,28,0,0,2,7,26
161,90822,8830.995936867186,4687731.3860527305,33.77869278806304,-118.11850427927183,238,SAFE REFUGE,3.127,1.943,0,34,72,98,312,0,34,70,162,304,219,AMERICAN HEALTH SERVICES LLC,7.501,4.661,0,0,2,12,20,0,0,2,12,20,208,"BEHAVIORAL HEALTH SERVICES, INC.",7.301,4.537,0,0,4,11,25,0,0,3,11,24,244,SAFE REFUGE,3.358,2.087,0,30,50,56,194,0,30,50,114,190,244,SAFE REFUGE,3.358,2.087,0,28,50,64,216,0,28,50,124,212,238,SAFE REFUGE,3.127,1.943,0,6,16,26,66,0,6,14,30,64,208,"BEHAVIORAL HEALTH SERVICES, INC.",7.301,4.537,0,0,4,8,18,0,0,4,8,16,197,CAMBODIAN ASSOCIATION OF AMERICA,6.699,4.163,0,0,5,10,32,0,0,5,13,31,249,SAFE REFUGE,3.418,2.124,0,24,40,42,124,0,24,40,74,122,238,SAFE REFUGE,3.127,1.943,0,15,33,40,121,0,15,33,70,117,260,TWIN TOWN CORPORATION,6.25,3.884,0,0,2,6,25,0,0,2,6,24
162,90831,3993.2052999386,872647.7713368521,33.76834312950666,-118.20002803358653,200,AMERICAN INDIAN CHANGING SPIRITS,0.782,0.486,18,64,150,172,312,22,64,74,174,304,223,"TRANSCULTURAL HEALTH DEVELOPMENT, INC.",5.687,3.534,0,0,8,10,22,0,0,4,10,20,208,"BEHAVIORAL HEALTH SERVICES, INC.",2.359,1.466,0,2,8,11,25,0,2,5,11,23,200,AMERICAN INDIAN CHANGING SPIRITS,0.782,0.486,12,50,110,114,194,16,50,52,114,190,200,AMERICAN INDIAN CHANGING SPIRITS,0.782,0.486,12,48,114,122,216,16,48,54,122,210,207,"BEHAVIORAL HEALTH SERVICES, INC.",0.782,0.486,4,12,28,34,70,4,12,16,36,68,208,"BEHAVIORAL HEALTH SERVICES, INC.",2.359,1.466,0,4,6,8,18,0,4,4,8,18,200,AMERICAN INDIAN CHANGING SPIRITS,0.782,0.486,2,5,10,13,32,2,5,6,13,29,200,AMERICAN INDIAN CHANGING SPIRITS,0.782,0.486,12,40,74,74,124,12,40,42,74,122,200,AMERICAN INDIAN CHANGING SPIRITS,0.782,0.486,9,33,64,70,122,13,33,33,70,118,221,"HELPLINE YOUTH COUNSELING, INC.",0.782,0.486,1,1,5,7,25,1,1,4,8,22
163,90840,22027.785107744745,10149551.60211142,33.78331331199246,-118.1143966167749,238,SAFE REFUGE,3.526,2.191,0,34,76,98,314,0,34,70,100,306,219,AMERICAN HEALTH SERVICES LLC,6.862,4.264,0,0,4,12,22,0,0,2,12,20,219,AMERICAN HEALTH SERVICES LLC,6.862,4.264,0,0,6,11,26,0,0,3,11,24,244,SAFE REFUGE,3.813,2.369,0,30,50,56,194,0,30,50,56,190,244,SAFE REFUGE,3.813,2.369,0,28,50,64,218,0,28,50,66,212,238,SAFE REFUGE,3.526,2.191,0,6,20,26,66,0,6,14,26,64,208,"BEHAVIORAL HEALTH SERVICES, INC.",7.613,4.731,0,0,6,8,18,0,0,4,8,16,197,CAMBODIAN ASSOCIATION OF AMERICA,6.873,4.271,0,0,7,10,32,0,0,5,11,31,227,SAFE REFUGE,3.846,2.39,0,24,40,42,124,0,24,40,42,122,238,SAFE REFUGE,3.526,2.191,0,15,34,40,121,0,15,33,40,117,260,TWIN TOWN CORPORATION,5.692,3.537,0,0,2,6,25,0,0,2,6,24
164,90846,19768.3220834208,12406581.032644376,33.82724928231375,-118.1502470826796,173,"ROOTS, INC. DBA ROOTS THROUGH RECOVERY",3.231,2.007,0,12,90,192,396,0,10,86,230,366,152,"TARZANA TREATMENT CENTERS, INC.",4.091,2.542,0,4,6,12,32,0,2,6,16,32,173,"ROOTS, INC. DBA ROOTS THROUGH RECOVERY",3.231,2.007,0,5,8,17,34,0,4,8,21,34,227,SAFE REFUGE,5.391,3.35,0,0,56,126,242,0,0,56,144,216,146,WEST COUNTY MEDICAL CLINIC,4.997,3.105,0,2,60,138,278,0,0,58,160,252,173,"ROOTS, INC. DBA ROOTS THROUGH RECOVERY",3.231,2.007,0,10,22,40,84,0,10,20,52,82,152,"TARZANA TREATMENT CENTERS, INC.",4.091,2.542,0,2,8,16,22,0,2,8,16,22,154,"TARZANA TREATMENT CENTERS, INC.",4.076,2.533,0,4,9,19,41,0,4,8,23,40,227,SAFE REFUGE,5.391,3.35,0,0,42,86,156,0,0,42,90,134,152,"TARZANA TREATMENT CENTERS, INC.",4.091,2.542,0,3,39,77,155,0,3,39,96,148,158,"PALM HOUSE, INC.",6.855,4.26,0,0,4,12,29,0,0,3,15,28
165,91001,189954.44099413956,900049190.3065296,34.21559784367906,-118.11122304915693,128,LOS ANGELES CENTERS FOR ALCOHOL AND DRUG ABUSE,4.56,2.834,0,2,30,36,222,0,2,28,36,206,118,"AEGIS TREATMENT CENTERS, LLC",5.302,3.294,0,0,2,2,22,0,0,2,2,20,128,LOS ANGELES CENTERS FOR ALCOHOL AND DRUG ABUSE,4.56,2.834,0,1,6,7,34,0,1,6,7,32,128,LOS ANGELES CENTERS FOR ALCOHOL AND DRUG ABUSE,4.56,2.834,0,2,16,18,124,0,2,16,18,120,128,LOS ANGELES CENTERS FOR ALCOHOL AND DRUG ABUSE,4.56,2.834,0,2,20,24,160,0,2,20,24,152,133,HEALTHRIGHT 360,7.456,4.633,0,0,8,8,42,0,0,8,8,34,112,"PRINCIPLES, INC.",5.789,3.597,0,0,6,8,26,0,0,6,8,24,128,LOS ANGELES CENTERS FOR ALCOHOL AND DRUG ABUSE,4.56,2.834,0,1,4,6,27,0,1,4,6,22,128,LOS ANGELES CENTERS FOR ALCOHOL AND DRUG ABUSE,4.56,2.834,0,2,16,16,92,0,2,16,16,90,128,LOS ANGELES CENTERS FOR ALCOHOL AND DRUG ABUSE,4.56,2.834,0,2,5,7,88,0,2,5,7,84,101,"SOCIAL MODEL RECOVERY SYSTEMS, INC.",8.037,4.994,0,0,1,1,16,0,0,1,1,13
166,91006,142398.5824809834,185775167.17779034,34.13442819910718,-118.02657237587788,133,HEALTHRIGHT 360,6.59,4.095,0,0,20,72,242,0,0,12,80,236,155,"AEGIS TREATMENT CENTERS, LLC",6.658,4.137,0,0,2,12,28,0,0,2,18,26,133,HEALTHRIGHT 360,6.59,4.095,0,0,4,16,38,0,0,4,20,36,167,"SOCIAL MODEL RECOVERY SYSTEMS, INC.",7.547,4.69,0,0,4,26,124,0,0,4,26,122,155,"AEGIS TREATMENT CENTERS, LLC",6.658,4.137,0,0,8,46,168,0,0,6,52,164,133,HEALTHRIGHT 360,6.59,4.095,0,0,8,14,46,0,0,4,16,46,167,"SOCIAL MODEL RECOVERY SYSTEMS, INC.",7.547,4.69,0,0,4,14,28,0,0,4,14,26,133,HEALTHRIGHT 360,6.59,4.095,0,0,3,11,30,0,0,1,12,30,167,"SOCIAL MODEL RECOVERY SYSTEMS, INC.",7.547,4.69,0,0,4,22,88,0,0,4,22,86,133,HEALTHRIGHT 360,6.59,4.095,0,0,1,11,89,0,0,1,12,87,153,"SOCIAL MODEL RECOVERY SYSTEMS, INC.",6.803,4.227,0,0,4,6,21,0,0,1,6,21
167,91007,70703.23637295816,152036005.30781397,34.1285292016985,-118.04827684257671,133,HEALTHRIGHT 360,4.966,3.086,0,2,42,74,274,0,0,18,84,256,155,"AEGIS TREATMENT CENTERS, LLC",6.027,3.745,0,0,4,18,30,0,0,2,20,28,133,HEALTHRIGHT 360,4.966,3.086,0,1,7,19,43,0,0,4,21,41,167,"SOCIAL MODEL RECOVERY SYSTEMS, INC.",7.427,4.615,0,0,16,26,138,0,0,4,26,132,155,"AEGIS TREATMENT CENTERS, LLC",6.027,3.745,0,0,24,48,186,0,0,8,52,178,133,HEALTHRIGHT 360,4.966,3.086,0,2,10,14,54,0,0,6,20,48,167,"SOCIAL MODEL RECOVERY SYSTEMS, INC.",7.427,4.615,0,0,6,14,32,0,0,4,16,30,133,HEALTHRIGHT 360,4.966,3.086,0,1,5,10,38,0,0,2,14,34,167,"SOCIAL MODEL RECOVERY SYSTEMS, INC.",7.427,4.615,0,0,16,22,100,0,0,4,22,94,133,HEALTHRIGHT 360,4.966,3.086,0,1,3,12,96,0,0,1,15,93,153,"SOCIAL MODEL RECOVERY SYSTEMS, INC.",6.224,3.867,0,0,3,4,25,0,0,3,7,22
168,91008,43157.53952462471,56392330.88144952,34.15315407986214,-117.96766348558283,196,"EGGLESTON YOUTH CENTERS, INC., D. B. A. EGGLESTON SUBSTANCE ABUSE AND EDUCATION PROGRAM",5.985,3.719,0,0,14,44,142,0,0,4,54,110,320,TAVARUA MEDICAL REHABILITATION SERVICES D.B.A. AZUSA MEDICAL AND MENTAL HEALTH SERVICES,8.293,5.153,0,0,2,10,26,0,0,0,12,22,343,"SOCIAL MODEL RECOVERY SYSTEMS, INC.",6.1,3.791,0,0,3,11,31,0,0,1,13,25,343,"SOCIAL MODEL RECOVERY SYSTEMS, INC.",6.1,3.791,0,0,6,10,50,0,0,2,12,32,343,"SOCIAL MODEL RECOVERY SYSTEMS, INC.",6.1,3.791,0,0,8,26,92,0,0,2,32,66,196,"EGGLESTON YOUTH CENTERS, INC., D. B. A. EGGLESTON SUBSTANCE ABUSE AND EDUCATION PROGRAM",5.985,3.719,0,0,2,10,30,0,0,2,14,24,314,"SOCIAL MODEL RECOVERY SYSTEMS, INC.",8.695,5.403,0,0,4,8,26,0,0,0,8,22,196,"EGGLESTON YOUTH CENTERS, INC., D. B. A. EGGLESTON SUBSTANCE ABUSE AND EDUCATION PROGRAM",5.985,3.719,0,0,3,8,25,0,0,2,10,19,343,"SOCIAL MODEL RECOVERY SYSTEMS, INC.",6.1,3.791,0,0,2,6,34,0,0,2,8,26,343,"SOCIAL MODEL RECOVERY SYSTEMS, INC.",6.1,3.791,0,0,6,7,35,0,0,2,9,22,196,"EGGLESTON YOUTH CENTERS, INC., D. B. A. EGGLESTON SUBSTANCE ABUSE AND EDUCATION PROGRAM",5.985,3.719,0,0,1,6,15,0,0,1,6,10
169,91010,138869.07240918675,301063683.1617683,34.15537207804117,-117.94939837375453,343,"SOCIAL MODEL RECOVERY SYSTEMS, INC.",4.686,2.912,0,2,22,42,110,0,2,12,44,106,320,TAVARUA MEDICAL REHABILITATION SERVICES D.B.A. AZUSA MEDICAL AND MENTAL HEALTH SERVICES,7.052,4.382,0,0,4,10,22,0,0,2,10,20,343,"SOCIAL MODEL RECOVERY SYSTEMS, INC.",4.686,2.912,0,1,5,11,25,0,1,3,11,24,343,"SOCIAL MODEL RECOVERY SYSTEMS, INC.",4.686,2.912,0,2,6,10,32,0,2,6,10,32,343,"SOCIAL MODEL RECOVERY SYSTEMS, INC.",4.686,2.912,0,2,14,26,66,0,2,8,26,64,196,"EGGLESTON YOUTH CENTERS, INC., D. B. A. EGGLESTON SUBSTANCE ABUSE AND EDUCATION PROGRAM",5.558,3.454,0,0,4,8,24,0,0,2,8,22,314,"SOCIAL MODEL RECOVERY SYSTEMS, INC.",7.859,4.883,0,0,4,8,22,0,0,4,8,20,343,"SOCIAL MODEL RECOVERY SYSTEMS, INC.",4.686,2.912,0,1,5,8,19,0,1,3,8,17,343,"SOCIAL MODEL RECOVERY SYSTEMS, INC.",4.686,2.912,0,2,2,6,26,0,2,2,6,26,343,"SOCIAL MODEL RECOVERY SYSTEMS, INC.",4.686,2.912,0,2,6,7,22,0,2,6,7,20,196,"EGGLESTON YOUTH CENTERS, INC., D. B. A. EGGLESTON SUBSTANCE ABUSE AND EDUCATION PROGRAM",5.558,3.454,0,0,3,5,10,0,0,1,5,9
170,91011,241563.9654777505,837321494.1133424,34.245942264506894,-118.1726964529918,112,"PRINCIPLES, INC.",8.145,5.061,0,0,20,38,184,0,0,0,38,178,118,"AEGIS TREATMENT CENTERS, LLC",9.139,5.679,0,0,2,4,14,0,0,0,4,14,112,"PRINCIPLES, INC.",8.145,5.061,0,0,5,8,26,0,0,0,8,24,112,"PRINCIPLES, INC.",8.145,5.061,0,0,16,18,108,0,0,0,18,104,112,"PRINCIPLES, INC.",8.145,5.061,0,0,20,26,134,0,0,0,26,128,96,"PAX HOUSE, INC.",11.281,7.01,0,0,0,8,32,0,0,0,8,32,112,"PRINCIPLES, INC.",8.145,5.061,0,0,6,8,20,0,0,0,8,16,128,LOS ANGELES CENTERS FOR ALCOHOL AND DRUG ABUSE,8.337,5.18,0,0,2,6,20,0,0,0,6,19,112,"PRINCIPLES, INC.",8.145,5.061,0,0,16,16,84,0,0,0,16,80,112,"PRINCIPLES, INC.",8.145,5.061,0,0,4,7,67,0,0,0,7,67,101,"SOCIAL MODEL RECOVERY SYSTEMS, INC.",11.879,7.382,0,0,0,1,12,0,0,0,1,11
171,91016,221662.8428516619,735304906.0764244,34.1873342438682,-117.96145402618791,343,"SOCIAL MODEL RECOVERY SYSTEMS, INC.",7.858,4.883,0,0,4,34,100,0,0,2,42,88,320,TAVARUA MEDICAL REHABILITATION SERVICES D.B.A. AZUSA MEDICAL AND MENTAL HEALTH SERVICES,10.365,6.441,0,0,0,6,20,0,0,0,8,20,343,"SOCIAL MODEL RECOVERY SYSTEMS, INC.",7.858,4.883,0,0,1,9,24,0,0,1,11,21,343,"SOCIAL MODEL RECOVERY SYSTEMS, INC.",7.858,4.883,0,0,2,10,32,0,0,2,12,26,343,"SOCIAL MODEL RECOVERY SYSTEMS, INC.",7.858,4.883,0,0,2,20,62,0,0,2,28,56,196,"EGGLESTON YOUTH CENTERS, INC., D. B. A. EGGLESTON SUBSTANCE ABUSE AND EDUCATION PROGRAM",9.279,5.766,0,0,2,8,20,0,0,0,8,16,314,"SOCIAL MODEL RECOVERY SYSTEMS, INC.",11.493,7.141,0,0,0,8,20,0,0,0,8,14,343,"SOCIAL MODEL RECOVERY SYSTEMS, INC.",7.858,4.883,0,0,2,6,16,0,0,1,8,12,343,"SOCIAL MODEL RECOVERY SYSTEMS, INC.",7.858,4.883,0,0,2,6,26,0,0,2,8,22,343,"SOCIAL MODEL RECOVERY SYSTEMS, INC.",7.858,4.883,0,0,2,7,19,0,0,2,9,12,196,"EGGLESTON YOUTH CENTERS, INC., D. B. A. EGGLESTON SUBSTANCE ABUSE AND EDUCATION PROGRAM",9.279,5.766,0,0,1,4,7,0,0,0,5,7
172,91020,28301.808358666614,20468364.205345582,34.21118731140457,-118.23043570824173,53,RIGHT ON PROGRAMS,7.321,4.549,0,0,24,52,260,0,0,6,56,248,46,WESTERN PACIFIC MED-CORP,9.029,5.61,0,0,2,4,26,0,0,0,8,26,216,DIDI HIRSCH PSYCHIATRIC SERVICE,7.617,4.733,0,0,6,9,35,0,0,1,11,34,216,DIDI HIRSCH PSYCHIATRIC SERVICE,7.617,4.733,0,0,18,26,140,0,0,2,26,132,49,DIDI HIRSCH PSYCHIATRIC SERVICE,7.617,4.733,0,0,22,34,184,0,0,4,38,174,94,CASA DE LAS AMIGAS,11.127,6.914,0,0,0,12,54,0,0,0,12,52,216,DIDI HIRSCH PSYCHIATRIC SERVICE,7.617,4.733,0,0,8,12,24,0,0,2,12,24,49,DIDI HIRSCH PSYCHIATRIC SERVICE,7.617,4.733,0,0,4,8,33,0,0,2,9,30,112,"PRINCIPLES, INC.",8.37,5.201,0,0,16,24,104,0,0,0,24,102,216,DIDI HIRSCH PSYCHIATRIC SERVICE,7.617,4.733,0,0,6,15,97,0,0,2,16,88,101,"SOCIAL MODEL RECOVERY SYSTEMS, INC.",11.792,7.327,0,0,0,2,15,0,0,0,2,14
173,91023,31949.159524010545,45514534.71551159,34.22577855008498,-118.05696870725784,128,LOS ANGELES CENTERS FOR ALCOHOL AND DRUG ABUSE,8.718,5.417,0,0,8,30,118,0,0,0,30,108,118,"AEGIS TREATMENT CENTERS, LLC",9.184,5.707,0,0,2,2,26,0,0,0,2,22,128,LOS ANGELES CENTERS FOR ALCOHOL AND DRUG ABUSE,8.718,5.417,0,0,3,6,27,0,0,0,6,24,128,LOS ANGELES CENTERS FOR ALCOHOL AND DRUG ABUSE,8.718,5.417,0,0,2,16,42,0,0,0,16,40,128,LOS ANGELES CENTERS FOR ALCOHOL AND DRUG ABUSE,8.718,5.417,0,0,6,20,80,0,0,0,20,74,133,HEALTHRIGHT 360,9.172,5.699,0,0,2,8,22,0,0,0,8,20,111,"GRANDVIEW FOUNDATION, INC.",10.173,6.322,0,0,0,6,20,0,0,0,6,18,128,LOS ANGELES CENTERS FOR ALCOHOL AND DRUG ABUSE,8.718,5.417,0,0,2,4,17,0,0,0,4,16,128,LOS ANGELES CENTERS FOR ALCOHOL AND DRUG ABUSE,8.718,5.417,0,0,2,16,30,0,0,0,16,30,128,LOS ANGELES CENTERS FOR ALCOHOL AND DRUG ABUSE,8.718,5.417,0,0,3,5,24,0,0,0,5,20,101,"SOCIAL MODEL RECOVERY SYSTEMS, INC.",11.225,6.975,0,0,0,1,9,0,0,0,1,8
174,91024,266703.39599682624,1553103292.405391,34.249548467846104,-118.00449961683165,133,HEALTHRIGHT 360,13.909,8.643,0,0,0,8,74,0,0,0,24,72,118,"AEGIS TREATMENT CENTERS, LLC",14.599,9.072,0,0,0,2,8,0,0,0,2,8,133,HEALTHRIGHT 360,13.909,8.643,0,0,0,3,15,0,0,0,7,15,128,LOS ANGELES CENTERS FOR ALCOHOL AND DRUG ABUSE,14.184,8.813,0,0,0,2,28,0,0,0,18,28,128,LOS ANGELES CENTERS FOR ALCOHOL AND DRUG ABUSE,14.184,8.813,0,0,0,6,46,0,0,0,22,46,133,HEALTHRIGHT 360,13.909,8.643,0,0,0,2,14,0,0,0,2,14,111,"GRANDVIEW FOUNDATION, INC.",15.641,9.719,0,0,0,0,16,0,0,0,6,16,133,HEALTHRIGHT 360,13.909,8.643,0,0,0,2,12,0,0,0,4,12,128,LOS ANGELES CENTERS FOR ALCOHOL AND DRUG ABUSE,14.184,8.813,0,0,0,2,22,0,0,0,18,22,133,HEALTHRIGHT 360,13.909,8.643,0,0,0,3,13,0,0,0,7,13,101,"SOCIAL MODEL RECOVERY SYSTEMS, INC.",16.393,10.186,0,0,0,0,6,0,0,0,0,6
175,91030,45255.1451087249,95762060.15025407,34.11025548903875,-118.15740803273764,77,"HIGH ROAD PROGRAM, THE",2.762,1.716,0,8,66,202,414,0,8,58,212,390,118,"AEGIS TREATMENT CENTERS, LLC",7.16,4.449,0,0,6,18,40,0,0,6,18,34,104,"GRANDVIEW FOUNDATION, INC.",6.404,3.979,0,0,11,30,54,0,0,10,30,50,100,"GRANDVIEW FOUNDATION, INC.",6.404,3.979,0,0,32,120,230,0,0,30,126,228,100,"GRANDVIEW FOUNDATION, INC.",6.404,3.979,0,0,44,150,294,0,0,42,158,282,101,"SOCIAL MODEL RECOVERY SYSTEMS, INC.",4.607,2.863,0,6,12,36,80,0,6,12,36,72,104,"GRANDVIEW FOUNDATION, INC.",6.404,3.979,0,0,10,24,38,0,0,10,24,38,94,CASA DE LAS AMIGAS,4.779,2.969,0,1,8,23,52,0,1,8,24,48,100,"GRANDVIEW FOUNDATION, INC.",6.404,3.979,0,0,24,92,160,0,0,24,98,160,133,HEALTHRIGHT 360,7.18,4.461,0,0,15,78,155,0,0,13,84,151,101,"SOCIAL MODEL RECOVERY SYSTEMS, INC.",4.607,2.863,0,1,3,13,31,0,1,3,13,28
176,91040,133126.57467316397,342948302.6921939,34.26293966845234,-118.33836035509226,210,"PHOENIX HOUSES OF LOS ANGELES, INC.",2.577,1.601,0,2,10,36,174,0,2,4,42,144,178,"NARCOTIC ADDICTION TREATMENT AGENCY, INC.",6.844,4.253,0,0,2,10,20,0,0,2,12,20,178,"NARCOTIC ADDICTION TREATMENT AGENCY, INC.",6.844,4.253,0,0,1,6,28,0,0,1,7,28,257,SAN FERNANDO RECOVERY CENTER,8.687,5.398,0,0,2,6,80,0,0,0,6,60,178,"NARCOTIC ADDICTION TREATMENT AGENCY, INC.",6.844,4.253,0,0,4,20,108,0,0,2,22,86,210,"PHOENIX HOUSES OF LOS ANGELES, INC.",2.577,1.601,0,2,4,10,46,0,2,2,12,40,130,"CRI-HELP, INC.",10.534,6.546,0,0,0,4,30,0,0,0,4,28,210,"PHOENIX HOUSES OF LOS ANGELES, INC.",2.577,1.601,0,1,2,7,29,0,1,2,7,26,257,SAN FERNANDO RECOVERY CENTER,8.687,5.398,0,0,2,4,66,0,0,0,4,48,138,WESTERN PACIFIC MED-CORP,10.507,6.529,0,0,0,6,50,0,0,0,6,38,210,"PHOENIX HOUSES OF LOS ANGELES, INC.",2.577,1.601,0,1,1,2,11,0,1,1,2,11
177,91042,227474.6423534252,1409499919.141476,34.31307493975257,-118.23660554570372,210,"PHOENIX HOUSES OF LOS ANGELES, INC.",12.15,7.55,0,0,0,2,74,0,0,0,2,64,178,"NARCOTIC ADDICTION TREATMENT AGENCY, INC.",17.72,11.011,0,0,0,0,12,0,0,0,0,12,112,"PRINCIPLES, INC.",17.268,10.73,0,0,0,0,13,0,0,0,0,12,112,"PRINCIPLES, INC.",17.268,10.73,0,0,0,0,28,0,0,0,0,22,112,"PRINCIPLES, INC.",17.268,10.73,0,0,0,0,46,0,0,0,0,38,210,"PHOENIX HOUSES OF LOS ANGELES, INC.",12.15,7.55,0,0,0,2,18,0,0,0,2,18,112,"PRINCIPLES, INC.",17.268,10.73,0,0,0,0,12,0,0,0,0,10,210,"PHOENIX HOUSES OF LOS ANGELES, INC.",12.15,7.55,0,0,0,1,12,0,0,0,1,9,112,"PRINCIPLES, INC.",17.268,10.73,0,0,0,0,24,0,0,0,0,20,112,"PRINCIPLES, INC.",17.268,10.73,0,0,0,0,17,0,0,0,0,11,210,"PHOENIX HOUSES OF LOS ANGELES, INC.",12.15,7.55,0,0,0,1,3,0,0,0,1,3
178,91046,1801.7022216492978,191184.20831776795,34.21200961452586,-118.2409778114544,53,RIGHT ON PROGRAMS,7.263,4.513,0,0,12,54,258,0,0,6,58,244,46,WESTERN PACIFIC MED-CORP,8.844,5.496,0,0,2,8,26,0,0,0,8,24,216,DIDI HIRSCH PSYCHIATRIC SERVICE,7.77,4.828,0,0,4,10,35,0,0,1,11,33,216,DIDI HIRSCH PSYCHIATRIC SERVICE,7.77,4.828,0,0,6,26,140,0,0,2,26,132,49,DIDI HIRSCH PSYCHIATRIC SERVICE,7.77,4.828,0,0,10,38,182,0,0,4,38,172,94,CASA DE LAS AMIGAS,11.957,7.43,0,0,0,10,54,0,0,0,14,50,216,DIDI HIRSCH PSYCHIATRIC SERVICE,7.77,4.828,0,0,6,12,24,0,0,2,12,24,49,DIDI HIRSCH PSYCHIATRIC SERVICE,7.77,4.828,0,0,2,8,32,0,0,2,10,30,112,"PRINCIPLES, INC.",9.273,5.762,0,0,4,24,104,0,0,0,24,102,216,DIDI HIRSCH PSYCHIATRIC SERVICE,7.77,4.828,0,0,4,15,97,0,0,2,16,88,101,"SOCIAL MODEL RECOVERY SYSTEMS, INC.",12.619,7.841,0,0,0,2,14,0,0,0,3,13
179,91101,34802.811465499406,34958597.70690733,34.146867329713245,-118.13915530495944,94,CASA DE LAS AMIGAS,0.428,0.266,6,30,36,140,308,6,30,30,178,290,118,"AEGIS TREATMENT CENTERS, LLC",2.773,1.723,0,2,2,16,28,0,2,2,18,28,104,"GRANDVIEW FOUNDATION, INC.",2.324,1.444,0,6,7,21,42,0,6,6,26,42,100,"GRANDVIEW FOUNDATION, INC.",2.324,1.444,0,16,18,76,160,0,16,16,106,154,100,"GRANDVIEW FOUNDATION, INC.",2.324,1.444,0,20,24,102,208,0,20,20,134,200,94,CASA DE LAS AMIGAS,0.428,0.266,6,8,8,26,66,6,8,8,30,58,104,"GRANDVIEW FOUNDATION, INC.",2.324,1.444,0,6,8,16,34,0,6,6,18,34,94,CASA DE LAS AMIGAS,0.428,0.266,1,4,6,14,42,1,4,4,14,39,100,"GRANDVIEW FOUNDATION, INC.",2.324,1.444,0,16,16,62,118,0,16,16,80,114,112,"PRINCIPLES, INC.",3.302,2.052,0,5,7,47,111,0,5,5,72,106,101,"SOCIAL MODEL RECOVERY SYSTEMS, INC.",0.846,0.526,1,1,1,9,25,1,1,1,10,21
180,91103,80603.34826398667,142110273.1205056,34.16777133849246,-118.16504814702708,112,"PRINCIPLES, INC.",1.551,0.964,0,28,38,86,268,2,28,36,152,254,118,"AEGIS TREATMENT CENTERS, LLC",3.084,1.916,0,2,4,8,26,0,2,2,10,22,112,"PRINCIPLES, INC.",1.551,0.964,0,5,8,13,38,1,5,7,21,35,112,"PRINCIPLES, INC.",1.551,0.964,0,16,18,46,152,2,16,18,98,142,112,"PRINCIPLES, INC.",1.551,0.964,0,20,26,60,192,2,20,24,116,178,94,CASA DE LAS AMIGAS,3.416,2.123,0,6,8,16,52,0,6,8,22,52,112,"PRINCIPLES, INC.",1.551,0.964,0,6,8,12,28,2,6,8,14,26,104,"GRANDVIEW FOUNDATION, INC.",1.775,1.103,0,3,6,8,36,0,3,6,13,33,112,"PRINCIPLES, INC.",1.551,0.964,0,16,16,40,114,2,16,16,76,108,112,"PRINCIPLES, INC.",1.551,0.964,0,4,7,24,105,2,4,7,62,97,101,"SOCIAL MODEL RECOVERY SYSTEMS, INC.",4.08,2.535,0,1,1,4,17,0,1,1,7,17
181,91104,57027.69380789728,105364790.48678441,34.16761255359633,-118.12340603043263,118,"AEGIS TREATMENT CENTERS, LLC",0.858,0.533,4,30,30,76,274,6,30,30,78,256,118,"AEGIS TREATMENT CENTERS, LLC",0.858,0.533,2,2,2,10,26,2,2,2,10,26,118,"AEGIS TREATMENT CENTERS, LLC",0.858,0.533,1,6,6,14,40,2,6,6,14,38,128,LOS ANGELES CENTERS FOR ALCOHOL AND DRUG ABUSE,1.497,0.93,0,16,16,34,150,2,16,16,34,140,118,"AEGIS TREATMENT CENTERS, LLC",0.858,0.533,4,20,20,52,196,6,20,20,52,186,96,"PAX HOUSE, INC.",2.287,1.421,0,8,8,14,50,0,8,8,14,42,104,"GRANDVIEW FOUNDATION, INC.",2.059,1.279,0,6,6,14,32,0,6,6,14,30,128,LOS ANGELES CENTERS FOR ALCOHOL AND DRUG ABUSE,1.497,0.93,0,4,4,9,38,1,4,4,9,33,128,LOS ANGELES CENTERS FOR ALCOHOL AND DRUG ABUSE,1.497,0.93,0,16,16,28,110,2,16,16,28,102,128,LOS ANGELES CENTERS FOR ALCOHOL AND DRUG ABUSE,1.497,0.93,0,5,5,13,104,2,5,5,13,98,101,"SOCIAL MODEL RECOVERY SYSTEMS, INC.",2.587,1.607,0,1,1,5,20,0,1,1,5,18
182,91105,64802.126447720126,108704228.54037364,34.13885067783405,-118.1668010127216,77,"HIGH ROAD PROGRAM, THE",1.894,1.177,0,26,62,184,318,0,26,36,200,300,118,"AEGIS TREATMENT CENTERS, LLC",4.818,2.994,0,2,8,16,32,0,2,2,18,30,104,"GRANDVIEW FOUNDATION, INC.",3.683,2.289,0,4,11,26,44,0,4,7,30,41,100,"GRANDVIEW FOUNDATION, INC.",3.683,2.289,0,14,30,112,162,0,14,18,120,158,100,"GRANDVIEW FOUNDATION, INC.",3.683,2.289,0,18,44,138,212,0,18,24,150,204,94,CASA DE LAS AMIGAS,3.105,1.929,0,6,12,32,70,0,6,8,34,62,104,"GRANDVIEW FOUNDATION, INC.",3.683,2.289,0,6,10,16,34,0,6,8,24,30,94,CASA DE LAS AMIGAS,3.105,1.929,0,2,8,18,43,0,2,6,22,39,100,"GRANDVIEW FOUNDATION, INC.",3.683,2.289,0,14,24,84,120,0,14,16,92,120,112,"PRINCIPLES, INC.",4.286,2.663,0,2,13,80,116,0,2,7,80,108,101,"SOCIAL MODEL RECOVERY SYSTEMS, INC.",3.435,2.135,0,1,3,10,24,0,1,1,12,22
183,91106,75164.37346913823,78534705.92904352,34.13871629808862,-118.1280416526658,101,"SOCIAL MODEL RECOVERY SYSTEMS, INC.",0.732,0.455,2,30,38,142,308,6,30,30,178,298,118,"AEGIS TREATMENT CENTERS, LLC",3.611,2.244,0,2,2,18,26,0,2,2,18,26,133,HEALTHRIGHT 360,3.218,2.0,0,6,7,22,43,0,6,6,26,43,100,"GRANDVIEW FOUNDATION, INC.",3.547,2.204,0,16,18,76,164,0,16,16,106,158,100,"GRANDVIEW FOUNDATION, INC.",3.547,2.204,0,20,24,104,210,0,20,20,134,204,101,"SOCIAL MODEL RECOVERY SYSTEMS, INC.",0.732,0.455,2,8,8,26,62,6,8,8,30,58,104,"GRANDVIEW FOUNDATION, INC.",3.547,2.204,0,6,8,16,34,0,6,6,18,34,94,CASA DE LAS AMIGAS,1.352,0.84,0,4,6,14,43,1,4,4,14,42,100,"GRANDVIEW FOUNDATION, INC.",3.547,2.204,0,16,16,62,118,0,16,16,80,114,133,HEALTHRIGHT 360,3.218,2.0,0,5,7,47,114,0,5,5,72,110,101,"SOCIAL MODEL RECOVERY SYSTEMS, INC.",0.732,0.455,1,1,1,9,26,1,1,1,10,25
184,91107,82825.34848520726,224566057.69388837,34.15731146851275,-118.08594166602076,133,HEALTHRIGHT 360,1.23,0.764,0,14,32,52,270,2,12,30,82,254,118,"AEGIS TREATMENT CENTERS, LLC",4.484,2.786,0,2,2,4,26,0,2,2,12,26,133,HEALTHRIGHT 360,1.23,0.764,0,3,6,10,40,1,2,6,16,38,128,LOS ANGELES CENTERS FOR ALCOHOL AND DRUG ABUSE,4.915,3.054,0,2,16,22,144,0,0,16,34,134,118,"AEGIS TREATMENT CENTERS, LLC",4.484,2.786,0,6,20,32,190,0,4,20,54,180,133,HEALTHRIGHT 360,1.23,0.764,0,8,8,10,48,2,8,8,18,44,104,"GRANDVIEW FOUNDATION, INC.",5.61,3.486,0,0,6,12,32,0,0,6,14,30,133,HEALTHRIGHT 360,1.23,0.764,0,3,4,7,36,1,2,4,11,33,128,LOS ANGELES CENTERS FOR ALCOHOL AND DRUG ABUSE,4.915,3.054,0,2,16,20,102,0,0,16,28,100,133,HEALTHRIGHT 360,1.23,0.764,0,3,5,7,101,1,1,5,14,93,101,"SOCIAL MODEL RECOVERY SYSTEMS, INC.",4.298,2.671,0,1,1,3,22,0,1,1,6,19
185,91108,58145.78717024249,105907263.18214229,34.12236335545185,-118.11362546439359,101,"SOCIAL MODEL RECOVERY SYSTEMS, INC.",2.949,1.833,0,10,40,156,326,0,10,34,178,302,118,"AEGIS TREATMENT CENTERS, LLC",5.665,3.52,0,0,4,18,34,0,0,2,18,28,133,HEALTHRIGHT 360,3.465,2.153,0,1,7,22,48,0,1,6,25,45,100,"GRANDVIEW FOUNDATION, INC.",5.782,3.593,0,0,16,88,164,0,0,16,106,156,118,"AEGIS TREATMENT CENTERS, LLC",5.665,3.52,0,0,22,116,220,0,0,20,134,206,101,"SOCIAL MODEL RECOVERY SYSTEMS, INC.",2.949,1.833,0,8,10,28,68,0,8,8,32,60,104,"GRANDVIEW FOUNDATION, INC.",5.782,3.593,0,0,6,16,34,0,0,6,16,32,133,HEALTHRIGHT 360,3.465,2.153,0,2,4,14,47,0,2,4,16,43,100,"GRANDVIEW FOUNDATION, INC.",5.782,3.593,0,0,16,70,118,0,0,16,80,112,133,HEALTHRIGHT 360,3.465,2.153,0,1,5,59,118,0,1,5,72,109,101,"SOCIAL MODEL RECOVERY SYSTEMS, INC.",2.949,1.833,0,1,2,9,29,0,1,1,11,27
186,91125,7767.455551860081,1792972.1563578998,34.13742406140854,-118.12440347265766,101,"SOCIAL MODEL RECOVERY SYSTEMS, INC.",1.003,0.623,0,30,38,142,310,2,30,30,174,296,118,"AEGIS TREATMENT CENTERS, LLC",3.799,2.361,0,2,2,18,26,0,2,2,18,26,133,HEALTHRIGHT 360,2.975,1.849,0,6,7,22,43,0,6,6,25,43,100,"GRANDVIEW FOUNDATION, INC.",3.836,2.383,0,16,18,76,164,0,16,16,104,158,118,"AEGIS TREATMENT CENTERS, LLC",3.799,2.361,0,20,24,104,210,0,20,20,132,204,101,"SOCIAL MODEL RECOVERY SYSTEMS, INC.",1.003,0.623,0,8,8,26,64,2,8,8,30,56,104,"GRANDVIEW FOUNDATION, INC.",3.836,2.383,0,6,8,16,34,0,6,6,16,34,94,CASA DE LAS AMIGAS,1.659,1.031,0,4,6,14,44,0,4,4,14,42,100,"GRANDVIEW FOUNDATION, INC.",3.836,2.383,0,16,16,62,118,0,16,16,78,114,133,HEALTHRIGHT 360,2.975,1.849,0,5,7,47,115,0,5,5,70,110,101,"SOCIAL MODEL RECOVERY SYSTEMS, INC.",1.003,0.623,0,1,1,9,27,1,1,1,10,25
187,91126,4431.969763342683,870984.5207562578,34.13439481408061,-118.12651994288521,101,"SOCIAL MODEL RECOVERY SYSTEMS, INC.",1.233,0.766,0,28,38,156,320,2,26,30,178,298,118,"AEGIS TREATMENT CENTERS, LLC",4.104,2.55,0,2,2,18,30,0,2,2,18,26,133,HEALTHRIGHT 360,3.31,2.057,0,5,7,22,46,0,4,6,26,43,100,"GRANDVIEW FOUNDATION, INC.",4.039,2.51,0,14,18,88,164,0,12,16,106,158,100,"GRANDVIEW FOUNDATION, INC.",4.039,2.51,0,18,24,116,216,0,16,20,134,204,101,"SOCIAL MODEL RECOVERY SYSTEMS, INC.",1.233,0.766,0,8,8,28,66,2,8,8,30,58,104,"GRANDVIEW FOUNDATION, INC.",4.039,2.51,0,4,8,16,34,0,4,6,18,34,94,CASA DE LAS AMIGAS,1.841,1.144,0,4,6,14,45,0,3,4,14,42,100,"GRANDVIEW FOUNDATION, INC.",4.039,2.51,0,14,16,70,118,0,12,16,80,114,133,HEALTHRIGHT 360,3.31,2.057,0,3,7,59,116,0,1,5,72,110,101,"SOCIAL MODEL RECOVERY SYSTEMS, INC.",1.233,0.766,0,1,1,9,27,1,1,1,10,25
188,91201,51870.10358786816,81306114.71052396,34.173612415446485,-118.28614282749466,53,RIGHT ON PROGRAMS,4.606,2.862,0,4,22,174,322,0,2,12,186,294,46,WESTERN PACIFIC MED-CORP,4.838,3.006,0,2,2,14,30,0,0,2,16,28,46,WESTERN PACIFIC MED-CORP,4.838,3.006,0,1,3,23,41,0,0,2,25,40,216,DIDI HIRSCH PSYCHIATRIC SERVICE,6.176,3.838,0,0,10,110,168,0,0,4,112,150,46,WESTERN PACIFIC MED-CORP,4.838,3.006,0,2,14,134,214,0,0,8,140,194,161,"I-ADARP, INC.",9.463,5.88,0,0,4,32,74,0,0,0,34,70,216,DIDI HIRSCH PSYCHIATRIC SERVICE,6.176,3.838,0,0,6,18,34,0,0,4,20,34,49,DIDI HIRSCH PSYCHIATRIC SERVICE,6.176,3.838,0,0,4,20,42,0,0,2,22,42,130,"CRI-HELP, INC.",7.849,4.877,0,0,8,88,128,0,0,2,88,112,216,DIDI HIRSCH PSYCHIATRIC SERVICE,6.176,3.838,0,0,10,66,114,0,0,4,68,110,66,"BEHAVIORAL HEALTH SERVICES, INC.",9.743,6.054,0,0,1,10,20,0,0,0,10,19
189,91202,41425.66058406769,62648778.97420473,34.168652675263665,-118.2680617097706,53,RIGHT ON PROGRAMS,3.048,1.894,0,8,18,172,326,0,8,10,176,286,46,WESTERN PACIFIC MED-CORP,3.819,2.373,0,2,2,12,36,0,2,2,12,28,46,WESTERN PACIFIC MED-CORP,3.819,2.373,0,2,3,22,41,0,2,2,23,36,216,DIDI HIRSCH PSYCHIATRIC SERVICE,4.512,2.803,0,2,10,110,168,0,2,2,110,148,46,WESTERN PACIFIC MED-CORP,3.819,2.373,0,6,14,132,226,0,6,6,134,196,66,"BEHAVIORAL HEALTH SERVICES, INC.",10.248,6.368,0,0,0,30,66,0,0,0,32,62,216,DIDI HIRSCH PSYCHIATRIC SERVICE,4.512,2.803,0,2,6,18,24,0,2,2,18,24,49,DIDI HIRSCH PSYCHIATRIC SERVICE,4.512,2.803,0,2,3,20,39,0,2,2,21,37,56,VAN NESS RECOVERY HOUSE,8.523,5.296,0,0,8,88,128,0,0,0,88,110,216,DIDI HIRSCH PSYCHIATRIC SERVICE,4.512,2.803,0,2,10,66,111,0,2,2,67,105,66,"BEHAVIORAL HEALTH SERVICES, INC.",10.248,6.368,0,0,0,10,20,0,0,0,10,18
190,91203,23974.699212861527,24744364.512308624,34.1529575417884,-118.26382422829988,53,RIGHT ON PROGRAMS,1.615,1.004,0,8,24,174,336,0,8,16,198,326,46,WESTERN PACIFIC MED-CORP,2.046,1.271,0,2,2,10,36,0,2,2,12,34,46,WESTERN PACIFIC MED-CORP,2.046,1.271,0,2,6,21,43,0,2,3,25,40,216,DIDI HIRSCH PSYCHIATRIC SERVICE,3.282,2.04,0,2,12,112,174,0,2,8,128,168,46,WESTERN PACIFIC MED-CORP,2.046,1.271,0,6,16,134,232,0,6,12,152,224,66,"BEHAVIORAL HEALTH SERVICES, INC.",9.268,5.759,0,0,4,28,68,0,0,0,34,66,216,DIDI HIRSCH PSYCHIATRIC SERVICE,3.282,2.04,0,2,6,18,28,0,2,4,20,24,49,DIDI HIRSCH PSYCHIATRIC SERVICE,3.282,2.04,0,2,6,18,39,0,2,3,21,39,56,VAN NESS RECOVERY HOUSE,7.442,4.624,0,0,10,90,134,0,0,6,100,128,216,DIDI HIRSCH PSYCHIATRIC SERVICE,3.282,2.04,0,2,11,66,111,0,2,8,81,111,66,"BEHAVIORAL HEALTH SERVICES, INC.",9.268,5.759,0,0,2,9,21,0,0,0,9,20
191,91204,39174.66723588285,31448358.786231637,34.13595772725075,-118.26053416781123,46,WESTERN PACIFIC MED-CORP,0.269,0.167,2,8,86,194,426,2,8,20,206,414,46,WESTERN PACIFIC MED-CORP,0.269,0.167,2,2,6,10,40,2,2,2,12,40,46,WESTERN PACIFIC MED-CORP,0.269,0.167,1,2,12,23,51,1,2,6,26,48,216,DIDI HIRSCH PSYCHIATRIC SERVICE,2.874,1.786,0,2,56,128,242,0,2,12,134,236,46,WESTERN PACIFIC MED-CORP,0.269,0.167,2,6,68,150,304,2,6,16,158,298,8,CLINICA MONSENOR OSCAR A. ROMERO,7.809,4.852,0,0,12,32,82,0,0,2,34,78,216,DIDI HIRSCH PSYCHIATRIC SERVICE,2.874,1.786,0,2,8,20,34,0,2,6,22,32,49,DIDI HIRSCH PSYCHIATRIC SERVICE,2.874,1.786,0,2,11,19,46,0,2,5,22,44,37,"CRI-HELP, INC.",6.024,3.743,0,0,40,100,176,0,0,10,100,174,216,DIDI HIRSCH PSYCHIATRIC SERVICE,2.874,1.786,0,2,37,80,147,0,2,11,88,143,8,CLINICA MONSENOR OSCAR A. ROMERO,7.809,4.852,0,0,5,9,25,0,0,1,9,25
192,91205,45915.00939244086,60779492.58056715,34.13484722411354,-118.24308314850883,53,RIGHT ON PROGRAMS,1.414,0.879,0,8,130,194,422,6,8,16,210,412,46,WESTERN PACIFIC MED-CORP,1.827,1.135,0,2,6,8,38,0,2,2,12,38,216,DIDI HIRSCH PSYCHIATRIC SERVICE,1.458,0.906,0,2,17,23,48,1,2,4,26,47,216,DIDI HIRSCH PSYCHIATRIC SERVICE,1.458,0.906,0,2,94,128,240,2,2,8,134,238,49,DIDI HIRSCH PSYCHIATRIC SERVICE,1.458,0.906,0,6,108,148,302,4,6,12,158,298,8,CLINICA MONSENOR OSCAR A. ROMERO,8.041,4.997,0,0,16,32,80,0,0,2,38,78,216,DIDI HIRSCH PSYCHIATRIC SERVICE,1.458,0.906,0,2,14,20,36,2,2,4,22,34,49,DIDI HIRSCH PSYCHIATRIC SERVICE,1.458,0.906,0,2,13,20,44,2,2,3,23,44,37,"CRI-HELP, INC.",6.815,4.235,0,0,74,100,176,0,0,6,100,174,216,DIDI HIRSCH PSYCHIATRIC SERVICE,1.458,0.906,0,2,57,80,145,2,2,9,90,145,8,CLINICA MONSENOR OSCAR A. ROMERO,8.041,4.997,0,0,8,9,25,0,0,1,11,25
193,91206,85276.03319012283,168696443.63408014,34.16086615859469,-118.2132518821408,49,DIDI HIRSCH PSYCHIATRIC SERVICE,2.563,1.593,0,6,36,160,304,0,6,36,176,278,46,WESTERN PACIFIC MED-CORP,5.427,3.372,0,0,4,8,32,0,0,4,8,28,216,DIDI HIRSCH PSYCHIATRIC SERVICE,2.563,1.593,0,1,7,21,41,0,1,7,21,39,216,DIDI HIRSCH PSYCHIATRIC SERVICE,2.563,1.593,0,2,18,104,156,0,2,18,118,152,49,DIDI HIRSCH PSYCHIATRIC SERVICE,2.563,1.593,0,4,26,122,208,0,4,26,136,196,94,CASA DE LAS AMIGAS,7.274,4.52,0,0,6,26,64,0,0,6,28,58,216,DIDI HIRSCH PSYCHIATRIC SERVICE,2.563,1.593,0,2,8,18,28,0,2,8,18,28,49,DIDI HIRSCH PSYCHIATRIC SERVICE,2.563,1.593,0,2,5,18,39,0,2,5,18,36,112,"PRINCIPLES, INC.",5.972,3.711,0,0,16,80,118,0,0,16,90,114,216,DIDI HIRSCH PSYCHIATRIC SERVICE,2.563,1.593,0,2,6,66,107,0,2,6,80,106,101,"SOCIAL MODEL RECOVERY SYSTEMS, INC.",7.839,4.871,0,0,1,9,19,0,0,1,9,17
194,91207,56735.0773282657,85227936.60732166,34.17753268701013,-118.2490827396895,53,RIGHT ON PROGRAMS,3.403,2.115,0,8,24,158,286,0,6,8,168,280,46,WESTERN PACIFIC MED-CORP,4.944,3.072,0,2,2,12,28,0,0,2,12,28,216,DIDI HIRSCH PSYCHIATRIC SERVICE,4.239,2.634,0,2,5,22,38,0,1,2,22,36,216,DIDI HIRSCH PSYCHIATRIC SERVICE,4.239,2.634,0,2,16,100,152,0,2,2,104,148,49,DIDI HIRSCH PSYCHIATRIC SERVICE,4.239,2.634,0,6,20,122,198,0,4,6,126,194,94,CASA DE LAS AMIGAS,10.918,6.784,0,0,0,28,60,0,0,0,32,58,216,DIDI HIRSCH PSYCHIATRIC SERVICE,4.239,2.634,0,2,8,16,28,0,2,2,18,24,49,DIDI HIRSCH PSYCHIATRIC SERVICE,4.239,2.634,0,2,3,18,37,0,2,2,20,37,112,"PRINCIPLES, INC.",9.061,5.63,0,0,14,78,114,0,0,0,82,110,216,DIDI HIRSCH PSYCHIATRIC SERVICE,4.239,2.634,0,2,4,65,104,0,2,2,67,104,101,"SOCIAL MODEL RECOVERY SYSTEMS, INC.",11.517,7.156,0,0,0,9,18,0,0,0,10,17
195,91208,111242.21837703015,216484760.2731748,34.19545701722848,-118.24218598149636,53,RIGHT ON PROGRAMS,5.42,3.368,0,0,22,64,276,0,0,8,124,268,46,WESTERN PACIFIC MED-CORP,7.034,4.371,0,0,2,8,28,0,0,2,12,26,216,DIDI HIRSCH PSYCHIATRIC SERVICE,5.967,3.708,0,0,5,14,36,0,0,2,20,35,216,DIDI HIRSCH PSYCHIATRIC SERVICE,5.967,3.708,0,0,16,30,148,0,0,2,72,148,49,DIDI HIRSCH PSYCHIATRIC SERVICE,5.967,3.708,0,0,20,42,194,0,0,6,92,190,94,CASA DE LAS AMIGAS,11.083,6.887,0,0,0,16,56,0,0,0,24,54,216,DIDI HIRSCH PSYCHIATRIC SERVICE,5.967,3.708,0,0,8,14,24,0,0,2,16,24,49,DIDI HIRSCH PSYCHIATRIC SERVICE,5.967,3.708,0,0,3,12,36,0,0,2,16,34,112,"PRINCIPLES, INC.",8.723,5.42,0,0,14,28,110,0,0,0,58,110,216,DIDI HIRSCH PSYCHIATRIC SERVICE,5.967,3.708,0,0,4,19,103,0,0,2,43,103,101,"SOCIAL MODEL RECOVERY SYSTEMS, INC.",11.726,7.286,0,0,0,4,16,0,0,0,8,14
196,91210,6587.806061515693,1601445.3135149588,34.14502255183974,-118.2587980417398,53,RIGHT ON PROGRAMS,1.03,0.64,0,8,46,192,414,4,8,14,198,336,46,WESTERN PACIFIC MED-CORP,1.223,0.76,0,2,2,10,40,2,2,2,12,36,46,WESTERN PACIFIC MED-CORP,1.223,0.76,0,2,9,23,48,1,2,3,25,43,216,DIDI HIRSCH PSYCHIATRIC SERVICE,2.628,1.633,0,2,28,128,236,0,2,8,128,174,46,WESTERN PACIFIC MED-CORP,1.223,0.76,0,6,34,150,298,2,6,12,152,232,8,CLINICA MONSENOR OSCAR A. ROMERO,8.828,5.486,0,0,6,30,78,0,0,0,34,68,216,DIDI HIRSCH PSYCHIATRIC SERVICE,2.628,1.633,0,2,6,20,32,0,2,4,20,28,49,DIDI HIRSCH PSYCHIATRIC SERVICE,2.628,1.633,0,2,8,19,44,0,2,3,21,39,37,"CRI-HELP, INC.",7.001,4.35,0,0,18,100,174,0,0,6,100,134,216,DIDI HIRSCH PSYCHIATRIC SERVICE,2.628,1.633,0,2,21,80,143,0,2,8,81,111,8,CLINICA MONSENOR OSCAR A. ROMERO,8.828,5.486,0,0,4,9,25,0,0,0,9,21
197,91214,85515.17446458823,243895352.92067045,34.244319225338224,-118.24501171848874,53,RIGHT ON PROGRAMS,10.831,6.73,0,0,0,42,210,0,0,0,48,202,46,WESTERN PACIFIC MED-CORP,12.314,7.652,0,0,0,6,18,0,0,0,8,18,216,DIDI HIRSCH PSYCHIATRIC SERVICE,11.381,7.072,0,0,0,8,28,0,0,0,9,27,216,DIDI HIRSCH PSYCHIATRIC SERVICE,11.381,7.072,0,0,0,20,118,0,0,0,20,114,49,DIDI HIRSCH PSYCHIATRIC SERVICE,11.381,7.072,0,0,0,30,152,0,0,0,32,146,210,"PHOENIX HOUSES OF LOS ANGELES, INC.",11.257,6.995,0,0,0,8,40,0,0,0,10,40,216,DIDI HIRSCH PSYCHIATRIC SERVICE,11.381,7.072,0,0,0,10,20,0,0,0,10,20,210,"PHOENIX HOUSES OF LOS ANGELES, INC.",11.257,6.995,0,0,0,7,26,0,0,0,7,26,112,"PRINCIPLES, INC.",11.607,7.213,0,0,0,18,92,0,0,0,18,90,216,DIDI HIRSCH PSYCHIATRIC SERVICE,11.381,7.072,0,0,0,8,72,0,0,0,9,70,210,"PHOENIX HOUSES OF LOS ANGELES, INC.",11.257,6.995,0,0,0,1,11,0,0,0,2,11
198,91301,140294.84300154337,722941323.7599039,34.13017178973723,-118.7662657978942,325,"TARZANA TREATMENT CENTERS, INC.",16.898,10.5,0,0,0,0,26,0,0,0,0,26,332,"ALT RECOVERY GROUP 2, LLC",21.527,13.376,0,0,0,0,6,0,0,0,0,6,325,"TARZANA TREATMENT CENTERS, INC.",16.898,10.5,0,0,0,0,8,0,0,0,0,8,323,"TARZANA TREATMENT CENTERS, INC.",19.621,12.192,0,0,0,0,4,0,0,0,0,4,323,"TARZANA TREATMENT CENTERS, INC.",19.621,12.192,0,0,0,0,6,0,0,0,0,6,325,"TARZANA TREATMENT CENTERS, INC.",16.898,10.5,0,0,0,0,14,0,0,0,0,14,325,"TARZANA TREATMENT CENTERS, INC.",16.898,10.5,0,0,0,0,14,0,0,0,0,14,325,"TARZANA TREATMENT CENTERS, INC.",16.898,10.5,0,0,0,0,7,0,0,0,0,7,323,"TARZANA TREATMENT CENTERS, INC.",19.621,12.192,0,0,0,0,4,0,0,0,0,4,325,"TARZANA TREATMENT CENTERS, INC.",16.898,10.5,0,0,0,0,8,0,0,0,0,8,331,"RANCHO SAN ANTONIO BOYS HOME, INC.",20.453,12.709,0,0,0,0,3,0,0,0,0,3
199,91302,199345.88134264716,831699556.7714002,34.12406939082849,-118.68003819339026,325,"TARZANA TREATMENT CENTERS, INC.",10.147,6.305,0,0,0,12,62,0,0,0,20,58,271,"TARZANA TREATMENT CENTERS, INC.",14.294,8.882,0,0,0,2,14,0,0,0,4,12,325,"TARZANA TREATMENT CENTERS, INC.",10.147,6.305,0,0,0,4,16,0,0,0,6,15,323,"TARZANA TREATMENT CENTERS, INC.",13.2,8.202,0,0,0,4,12,0,0,0,4,12,323,"TARZANA TREATMENT CENTERS, INC.",13.2,8.202,0,0,0,2,26,0,0,0,4,24,325,"TARZANA TREATMENT CENTERS, INC.",10.147,6.305,0,0,0,8,24,0,0,0,12,22,325,"TARZANA TREATMENT CENTERS, INC.",10.147,6.305,0,0,0,8,18,0,0,0,12,18,325,"TARZANA TREATMENT CENTERS, INC.",10.147,6.305,0,0,0,4,14,0,0,0,6,14,323,"TARZANA TREATMENT CENTERS, INC.",13.2,8.202,0,0,0,4,8,0,0,0,4,8,325,"TARZANA TREATMENT CENTERS, INC.",10.147,6.305,0,0,0,4,13,0,0,0,6,12,274,"TARZANA TREATMENT CENTERS, INC.",14.241,8.849,0,0,0,2,4,0,0,0,3,4
200,91303,39830.92501617323,59642299.03160747,34.197948479148174,-118.60142359050639,329,"CALIFORNIA DIVERSION PROGRAMS, INC.",0.958,0.595,2,6,26,48,80,2,6,26,48,80,271,"TARZANA TREATMENT CENTERS, INC.",6.025,3.744,0,0,6,12,16,0,0,6,12,16,325,"TARZANA TREATMENT CENTERS, INC.",2.178,1.353,0,1,8,12,17,0,1,8,12,17,323,"TARZANA TREATMENT CENTERS, INC.",2.814,1.748,0,2,4,6,14,0,2,4,6,14,323,"TARZANA TREATMENT CENTERS, INC.",2.814,1.748,0,2,6,18,32,0,2,6,18,32,325,"TARZANA TREATMENT CENTERS, INC.",2.178,1.353,0,2,14,22,30,0,2,14,22,30,325,"TARZANA TREATMENT CENTERS, INC.",2.178,1.353,0,2,14,16,18,0,2,14,16,18,325,"TARZANA TREATMENT CENTERS, INC.",2.178,1.353,0,1,7,12,17,0,1,7,12,17,323,"TARZANA TREATMENT CENTERS, INC.",2.814,1.748,0,2,4,4,10,0,2,4,4,10,325,"TARZANA TREATMENT CENTERS, INC.",2.178,1.353,0,1,8,11,16,0,1,8,11,16,331,"RANCHO SAN ANTONIO BOYS HOME, INC.",5.073,3.152,0,0,3,4,5,0,0,3,4,5
201,91304,92738.92574147394,264974245.74072725,34.222363608336664,-118.63019587609924,329,"CALIFORNIA DIVERSION PROGRAMS, INC.",4.241,2.635,0,4,26,28,68,0,4,10,32,66,332,"ALT RECOVERY GROUP 2, LLC",5.375,3.34,0,0,6,6,16,0,0,2,8,16,332,"ALT RECOVERY GROUP 2, LLC",5.375,3.34,0,0,8,8,14,0,0,2,9,14,323,"TARZANA TREATMENT CENTERS, INC.",5.916,3.676,0,0,4,4,10,0,0,2,4,8,332,"ALT RECOVERY GROUP 2, LLC",5.375,3.34,0,0,6,8,28,0,0,4,10,26,331,"RANCHO SAN ANTONIO BOYS HOME, INC.",4.304,2.674,0,2,14,14,28,0,2,4,16,28,331,"RANCHO SAN ANTONIO BOYS HOME, INC.",4.304,2.674,0,2,14,14,18,0,2,4,14,16,331,"RANCHO SAN ANTONIO BOYS HOME, INC.",4.304,2.674,0,1,7,8,16,0,1,2,10,16,323,"TARZANA TREATMENT CENTERS, INC.",5.916,3.676,0,0,4,4,8,0,0,2,4,6,331,"RANCHO SAN ANTONIO BOYS HOME, INC.",4.304,2.674,0,1,8,8,15,0,1,3,8,13,331,"RANCHO SAN ANTONIO BOYS HOME, INC.",4.304,2.674,0,1,3,3,6,0,1,1,4,6
202,91306,54949.378623081466,115739866.81881669,34.2094402954471,-118.575436530496,323,"TARZANA TREATMENT CENTERS, INC.",0.987,0.613,2,24,28,48,84,2,24,26,48,84,276,WESTERN PACIFIC MED-CORP,3.78,2.349,0,4,6,12,16,0,4,6,12,16,325,"TARZANA TREATMENT CENTERS, INC.",3.663,2.276,0,7,8,12,17,0,7,8,12,17,323,"TARZANA TREATMENT CENTERS, INC.",0.987,0.613,2,4,4,6,14,2,4,4,6,14,323,"TARZANA TREATMENT CENTERS, INC.",0.987,0.613,2,4,8,18,32,2,4,6,18,32,325,"TARZANA TREATMENT CENTERS, INC.",3.663,2.276,0,14,14,22,34,0,14,14,22,34,325,"TARZANA TREATMENT CENTERS, INC.",3.663,2.276,0,14,14,16,18,0,14,14,16,18,325,"TARZANA TREATMENT CENTERS, INC.",3.663,2.276,0,7,8,12,19,0,7,7,12,19,323,"TARZANA TREATMENT CENTERS, INC.",0.987,0.613,2,4,4,4,10,2,4,4,4,10,325,"TARZANA TREATMENT CENTERS, INC.",3.663,2.276,0,7,8,11,17,0,7,8,11,17,331,"RANCHO SAN ANTONIO BOYS HOME, INC.",3.937,2.446,0,3,3,4,7,0,3,3,4,7
203,91307,54676.33515576774,124165104.2103582,34.196232129624526,-118.64114971129565,329,"CALIFORNIA DIVERSION PROGRAMS, INC.",4.573,2.841,0,4,22,26,70,0,4,8,28,64,332,"ALT RECOVERY GROUP 2, LLC",8.268,5.138,0,0,6,6,16,0,0,0,6,16,325,"TARZANA TREATMENT CENTERS, INC.",4.821,2.996,0,1,7,8,15,0,1,1,8,15,323,"TARZANA TREATMENT CENTERS, INC.",6.467,4.018,0,0,4,4,12,0,0,2,4,10,323,"TARZANA TREATMENT CENTERS, INC.",6.467,4.018,0,0,6,6,30,0,0,2,8,28,325,"TARZANA TREATMENT CENTERS, INC.",4.821,2.996,0,2,12,14,24,0,2,4,14,24,325,"TARZANA TREATMENT CENTERS, INC.",4.821,2.996,0,2,12,14,18,0,2,4,14,16,325,"TARZANA TREATMENT CENTERS, INC.",4.821,2.996,0,1,6,7,14,0,1,2,8,14,323,"TARZANA TREATMENT CENTERS, INC.",6.467,4.018,0,0,4,4,10,0,0,2,4,8,325,"TARZANA TREATMENT CENTERS, INC.",4.821,2.996,0,1,7,8,14,0,1,2,8,12,331,"RANCHO SAN ANTONIO BOYS HOME, INC.",6.962,4.326,0,0,3,3,4,0,0,1,3,4
204,91311,152159.24524343447,633719437.2247045,34.27893644304687,-118.60501729442527,332,"ALT RECOVERY GROUP 2, LLC",2.805,1.743,0,4,12,34,70,0,4,6,38,68,332,"ALT RECOVERY GROUP 2, LLC",2.805,1.743,0,2,2,6,16,0,2,2,6,16,332,"ALT RECOVERY GROUP 2, LLC",2.805,1.743,0,1,2,8,14,0,1,1,8,14,323,"TARZANA TREATMENT CENTERS, INC.",9.176,5.702,0,0,2,4,10,0,0,0,4,8,332,"ALT RECOVERY GROUP 2, LLC",2.805,1.743,0,2,4,10,28,0,2,2,10,26,331,"RANCHO SAN ANTONIO BOYS HOME, INC.",4.257,2.645,0,2,4,16,30,0,2,2,20,30,331,"RANCHO SAN ANTONIO BOYS HOME, INC.",4.257,2.645,0,2,4,14,18,0,2,2,14,16,331,"RANCHO SAN ANTONIO BOYS HOME, INC.",4.257,2.645,0,1,2,10,17,0,1,1,10,17,323,"TARZANA TREATMENT CENTERS, INC.",9.176,5.702,0,0,2,4,8,0,0,0,4,6,332,"ALT RECOVERY GROUP 2, LLC",2.805,1.743,0,2,3,8,15,0,2,2,9,13,331,"RANCHO SAN ANTONIO BOYS HOME, INC.",4.257,2.645,0,1,1,4,7,0,1,1,4,7
205,91316,63843.08239456495,158922398.46815392,34.159126592065256,-118.51603092223962,271,"TARZANA TREATMENT CENTERS, INC.",3.148,1.956,0,10,42,60,144,0,6,32,66,114,271,"TARZANA TREATMENT CENTERS, INC.",3.148,1.956,0,4,10,16,20,0,2,8,16,20,271,"TARZANA TREATMENT CENTERS, INC.",3.148,1.956,0,5,11,14,27,0,3,10,15,24,271,"TARZANA TREATMENT CENTERS, INC.",3.148,1.956,0,2,6,8,56,0,2,6,10,36,276,WESTERN PACIFIC MED-CORP,4.971,3.089,0,2,16,24,82,0,0,14,26,60,271,"TARZANA TREATMENT CENTERS, INC.",3.148,1.956,0,8,18,26,40,0,6,14,26,36,271,"TARZANA TREATMENT CENTERS, INC.",3.148,1.956,0,8,14,18,26,0,6,14,18,24,271,"TARZANA TREATMENT CENTERS, INC.",3.148,1.956,0,4,11,13,26,0,3,10,13,23,271,"TARZANA TREATMENT CENTERS, INC.",3.148,1.956,0,2,4,6,42,0,2,4,8,32,271,"TARZANA TREATMENT CENTERS, INC.",3.148,1.956,0,4,8,14,41,0,3,8,14,28,271,"TARZANA TREATMENT CENTERS, INC.",3.148,1.956,0,2,3,4,10,0,2,2,4,9
206,91324,63449.61154701605,121478902.73404855,34.23858919986921,-118.54983259460595,261,"DRIVER SAFETY AWARENESS PROGRAM, INC.",1.268,0.788,0,16,38,54,80,2,16,28,62,76,332,"ALT RECOVERY GROUP 2, LLC",4.198,2.609,0,4,10,14,16,0,4,6,16,16,310,"TARZANA TREATMENT CENTERS, INC.",2.297,1.427,0,4,10,13,15,0,4,8,14,14,323,"TARZANA TREATMENT CENTERS, INC.",4.582,2.847,0,2,4,8,12,0,2,4,8,10,332,"ALT RECOVERY GROUP 2, LLC",4.198,2.609,0,6,12,22,30,0,6,6,26,28,310,"TARZANA TREATMENT CENTERS, INC.",2.297,1.427,0,6,20,22,34,0,6,16,24,32,310,"TARZANA TREATMENT CENTERS, INC.",2.297,1.427,0,6,14,16,18,0,6,14,16,18,310,"TARZANA TREATMENT CENTERS, INC.",2.297,1.427,0,3,10,13,18,0,3,8,14,17,323,"TARZANA TREATMENT CENTERS, INC.",4.582,2.847,0,2,4,6,10,0,2,4,6,8,310,"TARZANA TREATMENT CENTERS, INC.",2.297,1.427,0,4,9,11,15,0,4,8,12,15,331,"RANCHO SAN ANTONIO BOYS HOME, INC.",3.748,2.329,0,1,4,4,8,0,1,4,4,7
207,91325,98047.25607428272,133846096.0931886,34.2364406436118,-118.51712982638416,261,"DRIVER SAFETY AWARENESS PROGRAM, INC.",1.832,1.139,0,12,46,58,94,0,12,36,64,82,276,WESTERN PACIFIC MED-CORP,4.318,2.683,0,2,12,16,16,0,2,10,16,16,310,"TARZANA TREATMENT CENTERS, INC.",2.408,1.496,0,3,12,14,16,0,3,9,14,14,323,"TARZANA TREATMENT CENTERS, INC.",6.315,3.924,0,0,6,8,22,0,0,4,10,14,276,WESTERN PACIFIC MED-CORP,4.318,2.683,0,2,18,24,40,0,2,12,26,32,310,"TARZANA TREATMENT CENTERS, INC.",2.408,1.496,0,6,20,24,36,0,6,18,26,34,310,"TARZANA TREATMENT CENTERS, INC.",2.408,1.496,0,4,16,16,18,0,4,12,18,18,310,"TARZANA TREATMENT CENTERS, INC.",2.408,1.496,0,3,12,13,20,0,3,9,14,19,323,"TARZANA TREATMENT CENTERS, INC.",6.315,3.924,0,0,4,6,20,0,0,4,8,12,310,"TARZANA TREATMENT CENTERS, INC.",2.408,1.496,0,2,11,12,19,0,2,8,14,19,228,PENNY LANE CENTERS,4.746,2.949,0,1,4,4,8,0,1,4,5,8
208,91326,106374.18897836944,311973791.7687301,34.28932929756769,-118.55834185074482,332,"ALT RECOVERY GROUP 2, LLC",4.588,2.851,0,2,14,50,72,0,2,8,58,72,332,"ALT RECOVERY GROUP 2, LLC",4.588,2.851,0,2,2,10,16,0,2,2,12,16,332,"ALT RECOVERY GROUP 2, LLC",4.588,2.851,0,1,2,10,14,0,1,2,12,14,323,"TARZANA TREATMENT CENTERS, INC.",9.856,6.124,0,0,2,6,10,0,0,0,8,10,332,"ALT RECOVERY GROUP 2, LLC",4.588,2.851,0,2,6,16,28,0,2,2,22,28,331,"RANCHO SAN ANTONIO BOYS HOME, INC.",5.966,3.707,0,0,4,24,30,0,0,4,24,30,331,"RANCHO SAN ANTONIO BOYS HOME, INC.",5.966,3.707,0,0,4,14,18,0,0,4,16,18,331,"RANCHO SAN ANTONIO BOYS HOME, INC.",5.966,3.707,0,0,3,13,17,0,0,2,15,17,323,"TARZANA TREATMENT CENTERS, INC.",9.856,6.124,0,0,2,6,8,0,0,0,6,8,332,"ALT RECOVERY GROUP 2, LLC",4.588,2.851,0,1,3,10,15,0,1,3,12,15,331,"RANCHO SAN ANTONIO BOYS HOME, INC.",5.966,3.707,0,0,1,6,7,0,0,1,6,7
209,91330,23284.74457721712,15272036.774181435,34.24357837386103,-118.52758173669477,261,"DRIVER SAFETY AWARENESS PROGRAM, INC.",1.321,0.821,0,10,46,58,82,2,6,34,64,78,276,WESTERN PACIFIC MED-CORP,4.818,2.994,0,2,12,16,16,0,2,8,16,16,310,"TARZANA TREATMENT CENTERS, INC.",2.584,1.606,0,3,12,14,14,0,2,8,14,14,323,"TARZANA TREATMENT CENTERS, INC.",6.172,3.835,0,0,6,8,14,0,0,4,8,10,276,WESTERN PACIFIC MED-CORP,4.818,2.994,0,2,18,24,32,0,2,10,26,28,310,"TARZANA TREATMENT CENTERS, INC.",2.584,1.606,0,4,20,24,34,0,2,18,26,34,310,"TARZANA TREATMENT CENTERS, INC.",2.584,1.606,0,4,16,16,18,0,2,12,16,18,310,"TARZANA TREATMENT CENTERS, INC.",2.584,1.606,0,2,12,13,19,0,1,8,15,18,323,"TARZANA TREATMENT CENTERS, INC.",6.172,3.835,0,0,4,6,12,0,0,4,6,8,310,"TARZANA TREATMENT CENTERS, INC.",2.584,1.606,0,2,11,12,19,0,1,8,12,15,331,"RANCHO SAN ANTONIO BOYS HOME, INC.",5.767,3.584,0,0,4,4,8,0,0,4,5,8
210,91331,87577.37126957183,237080041.49616465,34.25537347552853,-118.42163325771773,217,EL PROYECTO DEL BARRIO,3.378,2.099,0,12,32,56,108,0,12,20,60,106,178,"NARCOTIC ADDICTION TREATMENT AGENCY, INC.",3.648,2.267,0,2,10,14,18,0,2,6,16,18,178,"NARCOTIC ADDICTION TREATMENT AGENCY, INC.",3.648,2.267,0,1,6,12,21,0,1,3,13,20,257,SAN FERNANDO RECOVERY CENTER,3.693,2.294,0,2,4,10,28,0,2,2,10,28,178,"NARCOTIC ADDICTION TREATMENT AGENCY, INC.",3.648,2.267,0,4,18,24,52,0,4,10,26,50,217,EL PROYECTO DEL BARRIO,3.378,2.099,0,6,10,22,38,0,6,8,24,38,190,"THE TEEN PROJECT, INC., D.B.A. FREEHAB",8.283,5.147,0,0,2,14,24,0,0,0,16,24,178,"NARCOTIC ADDICTION TREATMENT AGENCY, INC.",3.648,2.267,0,2,7,12,26,0,2,4,13,25,257,SAN FERNANDO RECOVERY CENTER,3.693,2.294,0,2,2,8,24,0,2,2,8,24,217,EL PROYECTO DEL BARRIO,3.378,2.099,0,1,4,11,25,0,1,1,13,25,228,PENNY LANE CENTERS,4.821,2.996,0,1,2,4,10,0,1,2,5,9
211,91335,59869.81999796761,182517574.54024032,34.20105969609187,-118.54070104933572,309,"SAFETY EDUCATION CENTER, INC.",0.016,0.01,6,20,48,58,106,6,20,32,60,100,276,WESTERN PACIFIC MED-CORP,0.462,0.287,2,4,12,16,18,2,4,8,16,18,300,"TARZANA TREATMENT CENTERS, INC.",0.352,0.219,2,6,12,14,19,2,6,9,14,19,271,"TARZANA TREATMENT CENTERS, INC.",2.405,1.494,0,4,6,8,28,0,4,4,10,26,276,WESTERN PACIFIC MED-CORP,0.462,0.287,2,4,18,24,48,2,4,10,26,46,300,"TARZANA TREATMENT CENTERS, INC.",0.352,0.219,2,10,22,24,38,2,10,16,24,36,300,"TARZANA TREATMENT CENTERS, INC.",0.352,0.219,2,10,16,16,20,2,10,14,18,18,300,"TARZANA TREATMENT CENTERS, INC.",0.352,0.219,1,5,12,13,22,1,5,10,13,21,271,"TARZANA TREATMENT CENTERS, INC.",2.405,1.494,0,4,4,6,24,0,4,4,8,22,300,"TARZANA TREATMENT CENTERS, INC.",0.352,0.219,1,5,11,12,23,1,5,8,14,22,274,"TARZANA TREATMENT CENTERS, INC.",2.329,1.447,0,2,4,4,8,0,2,4,4,7
212,91340,56015.08733299485,97073111.10036509,34.28631012762214,-118.4350318465686,257,SAN FERNANDO RECOVERY CENTER,0.693,0.431,2,4,16,50,88,4,4,14,66,84,178,"NARCOTIC ADDICTION TREATMENT AGENCY, INC.",7.248,4.504,0,0,4,14,18,0,0,2,16,18,178,"NARCOTIC ADDICTION TREATMENT AGENCY, INC.",7.248,4.504,0,0,2,10,16,0,0,1,13,15,257,SAN FERNANDO RECOVERY CENTER,0.693,0.431,2,2,2,6,16,2,2,2,10,14,257,SAN FERNANDO RECOVERY CENTER,0.693,0.431,2,2,6,24,38,2,2,4,28,34,217,EL PROYECTO DEL BARRIO,5.741,3.567,0,0,8,16,34,0,0,8,26,34,190,"THE TEEN PROJECT, INC., D.B.A. FREEHAB",11.392,7.079,0,0,0,8,20,0,0,0,16,18,228,PENNY LANE CENTERS,6.671,4.145,0,0,3,9,21,0,0,3,15,19,257,SAN FERNANDO RECOVERY CENTER,0.693,0.431,2,2,2,4,12,2,2,2,8,12,217,EL PROYECTO DEL BARRIO,5.741,3.567,0,0,1,9,21,0,0,1,13,19,228,PENNY LANE CENTERS,6.671,4.145,0,0,2,2,8,0,0,2,6,8
213,91342,303315.62819957035,1816661220.0174224,34.32728292929145,-118.38346375088105,259,NORTHEAST VALLEY HEALTH CORPORATION,5.336,3.315,0,0,6,18,78,0,0,6,22,74,178,"NARCOTIC ADDICTION TREATMENT AGENCY, INC.",11.136,6.92,0,0,0,4,18,0,0,0,4,18,178,"NARCOTIC ADDICTION TREATMENT AGENCY, INC.",11.136,6.92,0,0,0,2,15,0,0,0,2,14,257,SAN FERNANDO RECOVERY CENTER,5.959,3.703,0,0,2,2,12,0,0,2,2,10,257,SAN FERNANDO RECOVERY CENTER,5.959,3.703,0,0,2,6,34,0,0,2,6,30,210,"PHOENIX HOUSES OF LOS ANGELES, INC.",6.017,3.739,0,0,2,8,28,0,0,2,12,28,190,"THE TEEN PROJECT, INC., D.B.A. FREEHAB",16.994,10.56,0,0,0,0,18,0,0,0,0,16,210,"PHOENIX HOUSES OF LOS ANGELES, INC.",6.017,3.739,0,0,1,3,18,0,0,1,4,16,257,SAN FERNANDO RECOVERY CENTER,5.959,3.703,0,0,2,2,8,0,0,2,2,8,217,EL PROYECTO DEL BARRIO,11.836,7.354,0,0,0,1,16,0,0,0,1,14,210,"PHOENIX HOUSES OF LOS ANGELES, INC.",6.017,3.739,0,0,1,2,7,0,0,1,3,7
214,91343,64622.41545201707,159193603.1328818,34.238597669326,-118.48043628805345,228,PENNY LANE CENTERS,1.535,0.954,0,10,48,64,104,2,10,36,64,94,222,WESTERN PACIFIC MED-CORP,4.119,2.559,0,2,14,16,18,0,2,10,16,18,222,WESTERN PACIFIC MED-CORP,4.119,2.559,0,1,12,14,19,0,1,8,14,16,190,"THE TEEN PROJECT, INC., D.B.A. FREEHAB",6.642,4.127,0,0,8,10,28,0,0,4,10,20,222,WESTERN PACIFIC MED-CORP,4.119,2.559,0,4,22,26,48,0,4,18,26,40,228,PENNY LANE CENTERS,1.535,0.954,0,6,18,26,36,2,6,10,26,36,310,"TARZANA TREATMENT CENTERS, INC.",5.453,3.388,0,0,12,18,22,0,0,6,18,18,228,PENNY LANE CENTERS,1.535,0.954,0,2,11,14,21,1,2,8,14,20,257,SAN FERNANDO RECOVERY CENTER,7.333,4.556,0,0,6,8,26,0,0,2,8,18,217,EL PROYECTO DEL BARRIO,2.797,1.738,0,1,9,14,23,0,1,5,14,19,228,PENNY LANE CENTERS,1.535,0.954,0,1,3,5,8,1,1,1,5,8
215,91344,97884.89364456305,398434104.2478808,34.288412925293116,-118.50460591497843,261,"DRIVER SAFETY AWARENESS PROGRAM, INC.",6.684,4.154,0,0,20,60,72,0,0,12,68,72,332,"ALT RECOVERY GROUP 2, LLC",8.548,5.312,0,0,4,14,16,0,0,0,16,16,310,"TARZANA TREATMENT CENTERS, INC.",7.99,4.965,0,0,3,13,14,0,0,1,14,14,257,SAN FERNANDO RECOVERY CENTER,7.053,4.383,0,0,2,8,10,0,0,2,8,10,257,SAN FERNANDO RECOVERY CENTER,7.053,4.383,0,0,6,24,28,0,0,2,26,28,228,PENNY LANE CENTERS,7.219,4.486,0,0,10,24,30,0,0,6,30,30,310,"TARZANA TREATMENT CENTERS, INC.",7.99,4.965,0,0,4,16,18,0,0,2,16,18,228,PENNY LANE CENTERS,7.219,4.486,0,0,3,16,17,0,0,2,17,17,257,SAN FERNANDO RECOVERY CENTER,7.053,4.383,0,0,2,6,8,0,0,2,6,8,217,EL PROYECTO DEL BARRIO,7.664,4.762,0,0,4,11,15,0,0,2,13,15,228,PENNY LANE CENTERS,7.219,4.486,0,0,2,6,7,0,0,1,7,7
216,91345,43365.10041548494,90791225.37743856,34.26561085261307,-118.4595084399877,217,EL PROYECTO DEL BARRIO,3.38,2.1,0,8,32,62,86,0,8,18,68,84,222,WESTERN PACIFIC MED-CORP,6.005,3.732,0,0,8,16,18,0,0,4,16,18,222,WESTERN PACIFIC MED-CORP,6.005,3.732,0,0,6,13,15,0,0,2,14,15,257,SAN FERNANDO RECOVERY CENTER,3.843,2.388,0,2,4,10,14,0,2,2,10,14,257,SAN FERNANDO RECOVERY CENTER,3.843,2.388,0,2,16,26,34,0,2,8,28,34,217,EL PROYECTO DEL BARRIO,3.38,2.1,0,4,10,24,34,0,4,6,26,34,310,"TARZANA TREATMENT CENTERS, INC.",8.578,5.33,0,0,4,16,18,0,0,0,18,18,228,PENNY LANE CENTERS,3.785,2.352,0,1,8,13,19,0,1,3,15,19,257,SAN FERNANDO RECOVERY CENTER,3.843,2.388,0,2,2,8,12,0,2,2,8,12,217,EL PROYECTO DEL BARRIO,3.38,2.1,0,1,4,13,19,0,1,1,14,19,228,PENNY LANE CENTERS,3.785,2.352,0,1,2,5,8,0,1,1,5,8
217,91350,151942.73021504004,388765453.75304097,34.43118922354868,-118.5062875447058,335,CHILD & FAMILY CENTER,2.092,1.3,0,4,8,8,32,0,4,8,8,26,332,"ALT RECOVERY GROUP 2, LLC",20.808,12.93,0,0,0,0,6,0,0,0,0,2,332,"ALT RECOVERY GROUP 2, LLC",20.808,12.93,0,0,0,0,4,0,0,0,0,2,257,SAN FERNANDO RECOVERY CENTER,17.456,10.847,0,0,0,0,2,0,0,0,0,2,339,NATIONAL COUNCIL ON ALCOHOLISM AND DRUG DEPENDENCE OF THE SAN FERNANDO VALLEY,7.814,4.855,0,0,2,2,10,0,0,2,2,6,335,CHILD & FAMILY CENTER,2.092,1.3,0,4,4,4,16,0,4,4,4,14,331,"RANCHO SAN ANTONIO BOYS HOME, INC.",22.341,13.882,0,0,0,0,4,0,0,0,0,4,335,CHILD & FAMILY CENTER,2.092,1.3,0,2,3,3,8,0,2,3,3,7,257,SAN FERNANDO RECOVERY CENTER,17.456,10.847,0,0,0,0,2,0,0,0,0,2,341,"ACTION FAMILY COUNSELING-SCV, INC.",2.741,1.703,0,1,1,1,5,0,1,1,1,5,335,CHILD & FAMILY CENTER,2.092,1.3,0,2,2,2,5,0,2,2,2,5
218,91351,143635.63638212424,275803114.93929225,34.43585928892569,-118.4605787348854,335,CHILD & FAMILY CENTER,5.518,3.429,0,0,6,8,32,0,0,4,10,24,332,"ALT RECOVERY GROUP 2, LLC",23.133,14.374,0,0,0,0,6,0,0,0,0,4,332,"ALT RECOVERY GROUP 2, LLC",23.133,14.374,0,0,0,0,4,0,0,0,0,2,257,SAN FERNANDO RECOVERY CENTER,16.694,10.373,0,0,0,0,2,0,0,0,0,2,339,NATIONAL COUNCIL ON ALCOHOLISM AND DRUG DEPENDENCE OF THE SAN FERNANDO VALLEY,11.316,7.031,0,0,0,2,10,0,0,0,2,8,335,CHILD & FAMILY CENTER,5.518,3.429,0,0,4,4,16,0,0,4,4,10,331,"RANCHO SAN ANTONIO BOYS HOME, INC.",24.567,15.265,0,0,0,0,4,0,0,0,0,0,335,CHILD & FAMILY CENTER,5.518,3.429,0,0,2,3,8,0,0,2,3,6,257,SAN FERNANDO RECOVERY CENTER,16.694,10.373,0,0,0,0,2,0,0,0,0,2,341,"ACTION FAMILY COUNSELING-SCV, INC.",6.897,4.285,0,0,1,1,5,0,0,1,1,3,335,CHILD & FAMILY CENTER,5.518,3.429,0,0,2,2,5,0,0,2,2,4
219,91352,162985.69272066196,415419092.7188289,34.23001463130243,-118.35316264796586,178,"NARCOTIC ADDICTION TREATMENT AGENCY, INC.",4.283,2.661,0,2,24,52,238,0,2,12,52,232,178,"NARCOTIC ADDICTION TREATMENT AGENCY, INC.",4.283,2.661,0,2,8,12,24,0,2,4,12,24,178,"NARCOTIC ADDICTION TREATMENT AGENCY, INC.",4.283,2.661,0,1,4,8,34,0,1,2,8,34,130,"CRI-HELP, INC.",6.641,4.126,0,0,4,12,122,0,0,2,12,120,178,"NARCOTIC ADDICTION TREATMENT AGENCY, INC.",4.283,2.661,0,2,12,30,158,0,2,6,30,156,210,"PHOENIX HOUSES OF LOS ANGELES, INC.",5.209,3.237,0,0,8,14,54,0,0,4,14,54,130,"CRI-HELP, INC.",6.641,4.126,0,0,2,6,34,0,0,2,6,34,178,"NARCOTIC ADDICTION TREATMENT AGENCY, INC.",4.283,2.661,0,1,2,11,32,0,1,2,11,32,130,"CRI-HELP, INC.",6.641,4.126,0,0,4,8,98,0,0,2,8,96,130,"CRI-HELP, INC.",6.641,4.126,0,0,4,12,79,0,0,3,12,79,210,"PHOENIX HOUSES OF LOS ANGELES, INC.",5.209,3.237,0,0,1,3,14,0,0,1,3,14
220,91354,94055.51115991686,209706261.0360179,34.461328270791796,-118.555291423849,341,"ACTION FAMILY COUNSELING-SCV, INC.",4.869,3.025,0,2,8,8,16,0,0,4,8,14,332,"ALT RECOVERY GROUP 2, LLC",22.92,14.242,0,0,0,0,2,0,0,0,0,2,332,"ALT RECOVERY GROUP 2, LLC",22.92,14.242,0,0,0,0,1,0,0,0,0,1,257,SAN FERNANDO RECOVERY CENTER,22.528,13.998,0,0,0,0,2,0,0,0,0,2,339,NATIONAL COUNCIL ON ALCOHOLISM AND DRUG DEPENDENCE OF THE SAN FERNANDO VALLEY,9.268,5.759,0,0,2,2,6,0,0,0,2,6,341,"ACTION FAMILY COUNSELING-SCV, INC.",4.869,3.025,0,2,4,4,6,0,0,4,4,4,331,"RANCHO SAN ANTONIO BOYS HOME, INC.",24.529,15.242,0,0,0,0,2,0,0,0,0,0,341,"ACTION FAMILY COUNSELING-SCV, INC.",4.869,3.025,0,1,3,3,4,0,0,2,3,3,257,SAN FERNANDO RECOVERY CENTER,22.528,13.998,0,0,0,0,2,0,0,0,0,2,341,"ACTION FAMILY COUNSELING-SCV, INC.",4.869,3.025,0,1,1,1,3,0,0,1,1,2,341,"ACTION FAMILY COUNSELING-SCV, INC.",4.869,3.025,0,1,2,2,3,0,0,2,2,2
221,91355,158179.70251108817,401961136.88457084,34.42314298164735,-118.58133169414673,341,"ACTION FAMILY COUNSELING-SCV, INC.",4.375,2.719,0,2,8,8,30,0,2,8,8,24,332,"ALT RECOVERY GROUP 2, LLC",18.472,11.478,0,0,0,0,2,0,0,0,0,2,332,"ALT RECOVERY GROUP 2, LLC",18.472,11.478,0,0,0,0,2,0,0,0,0,2,257,SAN FERNANDO RECOVERY CENTER,20.585,12.791,0,0,0,0,4,0,0,0,0,2,339,NATIONAL COUNCIL ON ALCOHOLISM AND DRUG DEPENDENCE OF THE SAN FERNANDO VALLEY,5.299,3.293,0,0,2,2,8,0,0,2,2,6,341,"ACTION FAMILY COUNSELING-SCV, INC.",4.375,2.719,0,2,4,4,12,0,2,4,4,12,331,"RANCHO SAN ANTONIO BOYS HOME, INC.",20.088,12.482,0,0,0,0,4,0,0,0,0,4,341,"ACTION FAMILY COUNSELING-SCV, INC.",4.375,2.719,0,1,3,3,6,0,1,3,3,6,257,SAN FERNANDO RECOVERY CENTER,20.585,12.791,0,0,0,0,4,0,0,0,0,2,341,"ACTION FAMILY COUNSELING-SCV, INC.",4.375,2.719,0,1,1,1,5,0,1,1,1,5,341,"ACTION FAMILY COUNSELING-SCV, INC.",4.375,2.719,0,1,2,2,4,0,1,2,2,4
222,91356,72629.82381659282,208898447.38272688,34.15436110956513,-118.54782367003338,273,"TARZANA TREATMENT CENTERS, INC.",2.782,1.729,0,8,34,50,110,0,6,20,58,100,271,"TARZANA TREATMENT CENTERS, INC.",2.884,1.792,0,2,6,14,18,0,2,4,16,18,273,"TARZANA TREATMENT CENTERS, INC.",2.782,1.729,0,4,9,13,21,0,3,7,15,19,271,"TARZANA TREATMENT CENTERS, INC.",2.884,1.792,0,2,6,6,34,0,2,4,8,28,276,WESTERN PACIFIC MED-CORP,5.28,3.281,0,0,12,20,56,0,0,4,24,48,273,"TARZANA TREATMENT CENTERS, INC.",2.782,1.729,0,8,14,22,36,0,6,12,24,34,273,"TARZANA TREATMENT CENTERS, INC.",2.782,1.729,0,8,14,16,24,0,6,12,16,20,273,"TARZANA TREATMENT CENTERS, INC.",2.782,1.729,0,4,10,12,22,0,3,6,13,19,271,"TARZANA TREATMENT CENTERS, INC.",2.884,1.792,0,2,4,4,30,0,2,4,6,24,271,"TARZANA TREATMENT CENTERS, INC.",2.884,1.792,0,4,8,12,26,0,3,6,12,22,271,"TARZANA TREATMENT CENTERS, INC.",2.884,1.792,0,2,2,4,8,0,2,2,4,7
223,91361,63085.79132160167,147148236.5782054,34.13043197036458,-118.83251220817088,325,"TARZANA TREATMENT CENTERS, INC.",22.74,14.13,0,0,0,0,4,0,0,0,0,4,332,"ALT RECOVERY GROUP 2, LLC",26.414,16.413,0,0,0,0,0,0,0,0,0,0,325,"TARZANA TREATMENT CENTERS, INC.",22.74,14.13,0,0,0,0,1,0,0,0,0,1,323,"TARZANA TREATMENT CENTERS, INC.",25.309,15.727,0,0,0,0,0,0,0,0,0,0,323,"TARZANA TREATMENT CENTERS, INC.",25.309,15.727,0,0,0,0,0,0,0,0,0,0,325,"TARZANA TREATMENT CENTERS, INC.",22.74,14.13,0,0,0,0,2,0,0,0,0,2,325,"TARZANA TREATMENT CENTERS, INC.",22.74,14.13,0,0,0,0,2,0,0,0,0,2,325,"TARZANA TREATMENT CENTERS, INC.",22.74,14.13,0,0,0,0,1,0,0,0,0,1,323,"TARZANA TREATMENT CENTERS, INC.",25.309,15.727,0,0,0,0,0,0,0,0,0,0,325,"TARZANA TREATMENT CENTERS, INC.",22.74,14.13,0,0,0,0,1,0,0,0,0,1,331,"RANCHO SAN ANTONIO BOYS HOME, INC.",25.534,15.866,0,0,0,0,0,0,0,0,0,0
224,91362,24702.412674058756,28341041.342884097,34.155482348904954,-118.79882639006483,325,"TARZANA TREATMENT CENTERS, INC.",19.157,11.904,0,0,0,0,22,0,0,0,0,16,332,"ALT RECOVERY GROUP 2, LLC",22.316,13.867,0,0,0,0,6,0,0,0,0,4,325,"TARZANA TREATMENT CENTERS, INC.",19.157,11.904,0,0,0,0,7,0,0,0,0,5,323,"TARZANA TREATMENT CENTERS, INC.",21.56,13.397,0,0,0,0,4,0,0,0,0,4,323,"TARZANA TREATMENT CENTERS, INC.",21.56,13.397,0,0,0,0,6,0,0,0,0,4,325,"TARZANA TREATMENT CENTERS, INC.",19.157,11.904,0,0,0,0,12,0,0,0,0,10,325,"TARZANA TREATMENT CENTERS, INC.",19.157,11.904,0,0,0,0,12,0,0,0,0,10,325,"TARZANA TREATMENT CENTERS, INC.",19.157,11.904,0,0,0,0,6,0,0,0,0,5,323,"TARZANA TREATMENT CENTERS, INC.",21.56,13.397,0,0,0,0,4,0,0,0,0,4,325,"TARZANA TREATMENT CENTERS, INC.",19.157,11.904,0,0,0,0,7,0,0,0,0,6,331,"RANCHO SAN ANTONIO BOYS HOME, INC.",21.486,13.351,0,0,0,0,3,0,0,0,0,3
225,91364,75118.954669489,200193548.7279455,34.155817794359194,-118.59563841868629,325,"TARZANA TREATMENT CENTERS, INC.",2.675,1.662,0,2,22,44,94,0,2,18,48,84,271,"TARZANA TREATMENT CENTERS, INC.",5.766,3.583,0,0,4,12,18,0,0,4,12,18,325,"TARZANA TREATMENT CENTERS, INC.",2.675,1.662,0,1,7,12,19,0,1,6,12,18,323,"TARZANA TREATMENT CENTERS, INC.",5.54,3.443,0,0,4,6,24,0,0,4,6,18,323,"TARZANA TREATMENT CENTERS, INC.",5.54,3.443,0,0,4,18,44,0,0,4,18,36,325,"TARZANA TREATMENT CENTERS, INC.",2.675,1.662,0,2,14,18,32,0,2,10,22,30,325,"TARZANA TREATMENT CENTERS, INC.",2.675,1.662,0,2,14,16,20,0,2,10,16,20,325,"TARZANA TREATMENT CENTERS, INC.",2.675,1.662,0,1,7,12,18,0,1,5,12,15,323,"TARZANA TREATMENT CENTERS, INC.",5.54,3.443,0,0,4,4,20,0,0,4,4,14,325,"TARZANA TREATMENT CENTERS, INC.",2.675,1.662,0,1,7,10,18,0,1,5,11,18,274,"TARZANA TREATMENT CENTERS, INC.",5.716,3.552,0,0,3,4,5,0,0,2,4,4
226,91367,87120.85170061806,216470652.79367247,34.17728159522534,-118.61391766250816,325,"TARZANA TREATMENT CENTERS, INC.",1.973,1.226,0,6,26,32,82,0,6,20,46,78,271,"TARZANA TREATMENT CENTERS, INC.",6.817,4.236,0,0,6,8,18,0,0,4,12,18,325,"TARZANA TREATMENT CENTERS, INC.",1.973,1.226,0,1,8,9,18,0,1,6,12,18,323,"TARZANA TREATMENT CENTERS, INC.",4.759,2.957,0,2,4,4,16,0,2,4,6,14,323,"TARZANA TREATMENT CENTERS, INC.",4.759,2.957,0,2,6,10,36,0,2,4,18,34,325,"TARZANA TREATMENT CENTERS, INC.",1.973,1.226,0,2,14,16,28,0,2,12,20,28,325,"TARZANA TREATMENT CENTERS, INC.",1.973,1.226,0,2,14,14,20,0,2,12,16,18,325,"TARZANA TREATMENT CENTERS, INC.",1.973,1.226,0,1,7,10,16,0,1,6,12,16,323,"TARZANA TREATMENT CENTERS, INC.",4.759,2.957,0,2,4,4,12,0,2,4,4,10,325,"TARZANA TREATMENT CENTERS, INC.",1.973,1.226,0,1,8,8,16,0,1,6,10,16,274,"TARZANA TREATMENT CENTERS, INC.",6.726,4.179,0,0,3,4,4,0,0,3,4,4
227,91381,175729.5574597691,766642563.314674,34.3797422912724,-118.61061127567918,339,NATIONAL COUNCIL ON ALCOHOLISM AND DRUG DEPENDENCE OF THE SAN FERNANDO VALLEY,4.447,2.763,0,2,8,10,48,0,2,4,12,48,332,"ALT RECOVERY GROUP 2, LLC",13.766,8.554,0,0,0,2,8,0,0,0,2,8,332,"ALT RECOVERY GROUP 2, LLC",13.766,8.554,0,0,0,1,9,0,0,0,1,9,257,SAN FERNANDO RECOVERY CENTER,19.629,12.197,0,0,0,0,6,0,0,0,0,6,339,NATIONAL COUNCIL ON ALCOHOLISM AND DRUG DEPENDENCE OF THE SAN FERNANDO VALLEY,4.447,2.763,0,2,2,4,14,0,2,2,4,14,341,"ACTION FAMILY COUNSELING-SCV, INC.",8.438,5.243,0,0,4,4,24,0,0,0,6,24,331,"RANCHO SAN ANTONIO BOYS HOME, INC.",15.359,9.544,0,0,0,0,14,0,0,0,2,14,339,NATIONAL COUNCIL ON ALCOHOLISM AND DRUG DEPENDENCE OF THE SAN FERNANDO VALLEY,4.447,2.763,0,1,3,3,12,0,1,1,4,12,257,SAN FERNANDO RECOVERY CENTER,19.629,12.197,0,0,0,0,6,0,0,0,0,6,341,"ACTION FAMILY COUNSELING-SCV, INC.",8.438,5.243,0,0,1,2,10,0,0,0,3,10,341,"ACTION FAMILY COUNSELING-SCV, INC.",8.438,5.243,0,0,2,2,6,0,0,0,3,6
228,91382,113163.17330507103,283164508.5186597,34.36284077980643,-118.65212584899332,339,NATIONAL COUNCIL ON ALCOHOLISM AND DRUG DEPENDENCE OF THE SAN FERNANDO VALLEY,8.428,5.237,0,0,2,12,46,0,0,0,12,42,332,"ALT RECOVERY GROUP 2, LLC",13.079,8.127,0,0,0,2,6,0,0,0,2,6,332,"ALT RECOVERY GROUP 2, LLC",13.079,8.127,0,0,0,1,8,0,0,0,1,8,323,"TARZANA TREATMENT CENTERS, INC.",19.442,12.081,0,0,0,0,6,0,0,0,0,6,339,NATIONAL COUNCIL ON ALCOHOLISM AND DRUG DEPENDENCE OF THE SAN FERNANDO VALLEY,8.428,5.237,0,0,2,4,12,0,0,0,4,10,341,"ACTION FAMILY COUNSELING-SCV, INC.",12.666,7.87,0,0,0,6,24,0,0,0,6,22,331,"RANCHO SAN ANTONIO BOYS HOME, INC.",14.522,9.024,0,0,0,2,14,0,0,0,2,14,339,NATIONAL COUNCIL ON ALCOHOLISM AND DRUG DEPENDENCE OF THE SAN FERNANDO VALLEY,8.428,5.237,0,0,1,4,12,0,0,0,4,11,323,"TARZANA TREATMENT CENTERS, INC.",19.442,12.081,0,0,0,0,6,0,0,0,0,6,341,"ACTION FAMILY COUNSELING-SCV, INC.",12.666,7.87,0,0,0,3,10,0,0,0,3,10,341,"ACTION FAMILY COUNSELING-SCV, INC.",12.666,7.87,0,0,0,3,6,0,0,0,3,6
229,91384,459843.59140542,4655488363.237805,34.5612181271467,-118.65985814624534,341,"ACTION FAMILY COUNSELING-SCV, INC.",19.382,12.044,0,0,0,0,8,0,0,0,0,8,332,"ALT RECOVERY GROUP 2, LLC",34.419,21.387,0,0,0,0,0,0,0,0,0,0,332,"ALT RECOVERY GROUP 2, LLC",34.419,21.387,0,0,0,0,0,0,0,0,0,0,257,SAN FERNANDO RECOVERY CENTER,37.076,23.038,0,0,0,0,0,0,0,0,0,0,339,NATIONAL COUNCIL ON ALCOHOLISM AND DRUG DEPENDENCE OF THE SAN FERNANDO VALLEY,22.235,13.817,0,0,0,0,2,0,0,0,0,2,341,"ACTION FAMILY COUNSELING-SCV, INC.",19.382,12.044,0,0,0,0,4,0,0,0,0,4,331,"RANCHO SAN ANTONIO BOYS HOME, INC.",35.995,22.366,0,0,0,0,0,0,0,0,0,0,341,"ACTION FAMILY COUNSELING-SCV, INC.",19.382,12.044,0,0,0,0,3,0,0,0,0,3,257,SAN FERNANDO RECOVERY CENTER,37.076,23.038,0,0,0,0,0,0,0,0,0,0,341,"ACTION FAMILY COUNSELING-SCV, INC.",19.382,12.044,0,0,0,0,1,0,0,0,0,1,341,"ACTION FAMILY COUNSELING-SCV, INC.",19.382,12.044,0,0,0,0,2,0,0,0,0,2
230,91387,211760.65380532108,843673148.5635403,34.40151160816703,-118.40384546635191,335,CHILD & FAMILY CENTER,10.226,6.354,0,0,0,14,48,0,0,0,14,34,178,"NARCOTIC ADDICTION TREATMENT AGENCY, INC.",19.293,11.988,0,0,0,0,12,0,0,0,0,6,178,"NARCOTIC ADDICTION TREATMENT AGENCY, INC.",19.293,11.988,0,0,0,0,8,0,0,0,0,4,257,SAN FERNANDO RECOVERY CENTER,12.793,7.949,0,0,0,2,4,0,0,0,2,2,257,SAN FERNANDO RECOVERY CENTER,12.793,7.949,0,0,0,4,22,0,0,0,4,12,335,CHILD & FAMILY CENTER,10.226,6.354,0,0,0,6,18,0,0,0,6,16,310,"TARZANA TREATMENT CENTERS, INC.",23.417,14.551,0,0,0,0,6,0,0,0,0,2,335,CHILD & FAMILY CENTER,10.226,6.354,0,0,0,4,12,0,0,0,4,8,257,SAN FERNANDO RECOVERY CENTER,12.793,7.949,0,0,0,2,2,0,0,0,2,2,341,"ACTION FAMILY COUNSELING-SCV, INC.",12.113,7.527,0,0,0,1,8,0,0,0,1,4,335,CHILD & FAMILY CENTER,10.226,6.354,0,0,0,3,5,0,0,0,3,4
231,91390,574958.4170027224,6598045168.8336,34.5273955124302,-118.41576499855202,335,CHILD & FAMILY CENTER,15.55,9.662,0,0,0,0,8,0,0,0,4,8,354,"TARZANA TREATMENT CENTERS, INC.",27.317,16.974,0,0,0,0,0,0,0,0,0,0,354,"TARZANA TREATMENT CENTERS, INC.",27.317,16.974,0,0,0,0,0,0,0,0,0,0,257,SAN FERNANDO RECOVERY CENTER,26.622,16.542,0,0,0,0,0,0,0,0,0,0,339,NATIONAL COUNCIL ON ALCOHOLISM AND DRUG DEPENDENCE OF THE SAN FERNANDO VALLEY,21.344,13.263,0,0,0,0,2,0,0,0,0,2,335,CHILD & FAMILY CENTER,15.55,9.662,0,0,0,0,4,0,0,0,4,4,354,"TARZANA TREATMENT CENTERS, INC.",27.317,16.974,0,0,0,0,0,0,0,0,0,0,335,CHILD & FAMILY CENTER,15.55,9.662,0,0,0,0,3,0,0,0,2,3,257,SAN FERNANDO RECOVERY CENTER,26.622,16.542,0,0,0,0,0,0,0,0,0,0,341,"ACTION FAMILY COUNSELING-SCV, INC.",15.997,9.94,0,0,0,0,1,0,0,0,1,1,335,CHILD & FAMILY CENTER,15.55,9.662,0,0,0,0,2,0,0,0,2,2
232,91401,51563.82122044466,99335496.3798285,34.178121175966645,-118.43200034825543,186,WESTERN PACIFIC MED-CORP,1.53,0.95,0,22,38,70,252,2,22,30,78,218,186,WESTERN PACIFIC MED-CORP,1.53,0.95,0,8,14,14,24,2,8,10,14,20,186,WESTERN PACIFIC MED-CORP,1.53,0.95,0,5,9,13,33,1,5,6,14,31,190,"THE TEEN PROJECT, INC., D.B.A. FREEHAB",1.774,1.102,0,2,6,14,136,0,2,4,20,116,186,WESTERN PACIFIC MED-CORP,1.53,0.95,0,14,20,28,174,2,14,18,34,146,174,TWIN TOWN CORPORATION,2.467,1.533,0,6,14,28,52,0,6,10,30,48,190,"THE TEEN PROJECT, INC., D.B.A. FREEHAB",1.774,1.102,0,2,8,16,30,0,2,4,16,30,190,"THE TEEN PROJECT, INC., D.B.A. FREEHAB",1.774,1.102,0,4,8,15,33,0,4,6,16,31,130,"CRI-HELP, INC.",5.61,3.486,0,0,4,12,106,0,0,2,18,88,190,"THE TEEN PROJECT, INC., D.B.A. FREEHAB",1.774,1.102,0,3,9,16,84,0,3,6,16,79,228,PENNY LANE CENTERS,6.746,4.192,0,0,2,5,15,0,0,1,5,13
233,91402,57693.81724472143,104046169.99900287,34.22410010339279,-118.44508846866087,205,"BIENESTAR HUMAN SERVICES, INC",0.693,0.431,2,22,46,64,148,6,20,32,64,140,222,WESTERN PACIFIC MED-CORP,1.354,0.842,0,8,12,16,18,2,6,10,16,18,222,WESTERN PACIFIC MED-CORP,1.354,0.842,0,5,9,14,27,1,4,6,14,27,190,"THE TEEN PROJECT, INC., D.B.A. FREEHAB",4.415,2.743,0,2,6,10,56,0,2,4,10,52,222,WESTERN PACIFIC MED-CORP,1.354,0.842,0,14,22,26,80,2,12,18,26,76,205,"BIENESTAR HUMAN SERVICES, INC",0.693,0.431,2,6,16,26,44,4,6,10,26,42,190,"THE TEEN PROJECT, INC., D.B.A. FREEHAB",4.415,2.743,0,2,8,18,26,0,2,2,18,24,228,PENNY LANE CENTERS,2.095,1.302,0,6,9,14,30,0,5,6,14,28,257,SAN FERNANDO RECOVERY CENTER,7.3,4.536,0,0,4,8,40,0,0,2,8,38,217,EL PROYECTO DEL BARRIO,1.425,0.886,0,3,8,14,44,1,3,4,14,42,228,PENNY LANE CENTERS,2.095,1.302,0,1,2,5,11,0,1,1,5,11
234,91403,68597.94994765735,96843679.67102444,34.14758827867152,-118.4631724155351,174,TWIN TOWN CORPORATION,1.983,1.232,0,12,40,78,262,0,12,26,88,238,199,AMERICAN HEALTH SERVICES LLC,4.085,2.539,0,4,12,14,24,0,4,10,14,22,199,AMERICAN HEALTH SERVICES LLC,4.085,2.539,0,3,10,15,34,0,3,8,17,31,190,"THE TEEN PROJECT, INC., D.B.A. FREEHAB",4.297,2.67,0,2,6,22,140,0,2,4,26,124,188,NATIONAL COUNCIL ON ALCOHOLISM AND DRUG DEPENDENCE OF THE SAN FERNANDO VALLEY,4.022,2.499,0,8,18,36,176,0,8,14,40,158,174,TWIN TOWN CORPORATION,1.983,1.232,0,2,18,28,58,0,2,10,32,52,190,"THE TEEN PROJECT, INC., D.B.A. FREEHAB",4.297,2.67,0,2,12,16,30,0,2,8,18,28,188,NATIONAL COUNCIL ON ALCOHOLISM AND DRUG DEPENDENCE OF THE SAN FERNANDO VALLEY,4.022,2.499,0,3,9,15,34,0,3,7,18,31,271,"TARZANA TREATMENT CENTERS, INC.",7.895,4.906,0,0,4,20,104,0,0,2,22,98,190,"THE TEEN PROJECT, INC., D.B.A. FREEHAB",4.297,2.67,0,2,10,18,91,0,2,6,21,79,271,"TARZANA TREATMENT CENTERS, INC.",7.895,4.906,0,0,3,4,14,0,0,2,5,13
235,91405,49011.22049991003,92209259.52962656,34.20110104984376,-118.44812005064426,222,WESTERN PACIFIC MED-CORP,1.25,0.777,0,22,48,66,152,2,22,30,72,150,222,WESTERN PACIFIC MED-CORP,1.25,0.777,0,6,14,16,20,2,6,10,16,20,222,WESTERN PACIFIC MED-CORP,1.25,0.777,0,4,12,14,28,1,4,6,14,28,190,"THE TEEN PROJECT, INC., D.B.A. FREEHAB",1.843,1.145,0,2,8,10,58,0,2,4,14,58,222,WESTERN PACIFIC MED-CORP,1.25,0.777,0,12,22,26,86,2,12,18,30,86,205,"BIENESTAR HUMAN SERVICES, INC",1.948,1.211,0,8,20,28,42,0,8,10,30,40,190,"THE TEEN PROJECT, INC., D.B.A. FREEHAB",1.843,1.145,0,2,14,18,28,0,2,4,18,28,190,"THE TEEN PROJECT, INC., D.B.A. FREEHAB",1.843,1.145,0,5,11,14,29,0,5,6,16,28,130,"CRI-HELP, INC.",7.749,4.815,0,0,6,8,42,0,0,2,12,42,190,"THE TEEN PROJECT, INC., D.B.A. FREEHAB",1.843,1.145,0,3,11,14,43,0,3,6,18,43,228,PENNY LANE CENTERS,3.798,2.36,0,1,3,5,10,0,1,1,6,9
236,91406,68134.25626586145,189361101.65611064,34.202951227859536,-118.49128439895769,254,"SAN FERNANDO VALLEY COMMUNITY MENTAL HEALTH CENTER, INC.",1.648,1.024,0,26,50,64,126,0,26,40,64,120,199,AMERICAN HEALTH SERVICES LLC,3.102,1.927,0,8,14,16,20,0,8,10,16,20,199,AMERICAN HEALTH SERVICES LLC,3.102,1.927,0,7,13,14,25,0,7,10,14,24,190,"THE TEEN PROJECT, INC., D.B.A. FREEHAB",4.342,2.698,0,2,6,10,38,0,2,6,10,36,254,"SAN FERNANDO VALLEY COMMUNITY MENTAL HEALTH CENTER, INC.",1.648,1.024,0,14,20,26,64,0,14,16,26,60,228,PENNY LANE CENTERS,3.989,2.478,0,8,22,26,40,0,8,18,26,38,300,"TARZANA TREATMENT CENTERS, INC.",4.262,2.648,0,6,14,18,26,0,6,12,18,24,254,"SAN FERNANDO VALLEY COMMUNITY MENTAL HEALTH CENTER, INC.",1.648,1.024,0,7,12,14,28,0,7,10,14,25,271,"TARZANA TREATMENT CENTERS, INC.",5.176,3.216,0,0,4,8,32,0,0,4,8,32,300,"TARZANA TREATMENT CENTERS, INC.",4.262,2.648,0,4,10,14,31,0,4,8,14,28,228,PENNY LANE CENTERS,3.989,2.478,0,1,3,5,10,0,1,3,5,9
237,91411,43997.844785281406,53713776.096681155,34.178338986032045,-118.45961117231157,199,AMERICAN HEALTH SERVICES LLC,0.898,0.558,4,18,46,70,208,8,18,40,74,158,199,AMERICAN HEALTH SERVICES LLC,0.898,0.558,2,6,14,16,20,2,6,14,16,20,199,AMERICAN HEALTH SERVICES LLC,0.898,0.558,1,4,12,14,29,2,4,11,14,28,190,"THE TEEN PROJECT, INC., D.B.A. FREEHAB",1.15,0.715,0,2,6,10,106,2,2,4,14,64,199,AMERICAN HEALTH SERVICES LLC,0.898,0.558,4,12,20,26,138,6,12,18,30,94,174,TWIN TOWN CORPORATION,2.232,1.387,0,4,20,30,44,0,4,18,30,40,190,"THE TEEN PROJECT, INC., D.B.A. FREEHAB",1.15,0.715,0,2,14,18,28,2,2,10,18,28,199,AMERICAN HEALTH SERVICES LLC,0.898,0.558,2,4,11,15,30,3,4,10,16,29,271,"TARZANA TREATMENT CENTERS, INC.",7.383,4.587,0,0,4,8,82,0,0,2,12,46,190,"THE TEEN PROJECT, INC., D.B.A. FREEHAB",1.15,0.715,0,2,11,14,74,2,2,8,18,47,228,PENNY LANE CENTERS,5.991,3.722,0,0,3,6,12,0,0,3,6,10
238,91423,81059.16520712069,113253257.1327547,34.14939100686837,-118.4326838447711,174,TWIN TOWN CORPORATION,1.903,1.183,0,14,34,74,276,0,10,24,100,276,186,WESTERN PACIFIC MED-CORP,4.291,2.666,0,6,10,14,28,0,2,8,16,28,190,"THE TEEN PROJECT, INC., D.B.A. FREEHAB",4.211,2.617,0,4,6,15,37,0,2,5,21,37,190,"THE TEEN PROJECT, INC., D.B.A. FREEHAB",4.211,2.617,0,2,4,24,144,0,2,4,34,144,188,NATIONAL COUNCIL ON ALCOHOLISM AND DRUG DEPENDENCE OF THE SAN FERNANDO VALLEY,4.019,2.497,0,10,18,38,186,0,6,16,50,186,174,TWIN TOWN CORPORATION,1.903,1.183,0,2,12,26,60,0,2,6,34,60,190,"THE TEEN PROJECT, INC., D.B.A. FREEHAB",4.211,2.617,0,2,4,18,32,0,2,4,20,32,188,NATIONAL COUNCIL ON ALCOHOLISM AND DRUG DEPENDENCE OF THE SAN FERNANDO VALLEY,4.019,2.497,0,3,6,15,36,0,2,4,21,36,130,"CRI-HELP, INC.",6.181,3.841,0,0,2,22,108,0,0,2,30,108,190,"THE TEEN PROJECT, INC., D.B.A. FREEHAB",4.211,2.617,0,3,6,19,93,0,2,5,26,93,228,PENNY LANE CENTERS,9.674,6.011,0,0,1,4,15,0,0,0,6,15
239,91436,77816.53657036561,177689043.0944404,34.15908433138343,-118.48787512584472,199,AMERICAN HEALTH SERVICES LLC,3.431,2.132,0,14,46,62,182,0,10,30,70,154,199,AMERICAN HEALTH SERVICES LLC,3.431,2.132,0,4,12,16,20,0,2,10,16,20,199,AMERICAN HEALTH SERVICES LLC,3.431,2.132,0,3,12,14,28,0,2,9,15,28,190,"THE TEEN PROJECT, INC., D.B.A. FREEHAB",4.518,2.807,0,2,6,8,84,0,2,4,12,64,199,AMERICAN HEALTH SERVICES LLC,3.431,2.132,0,10,18,24,112,0,6,14,28,92,174,TWIN TOWN CORPORATION,3.639,2.261,0,2,22,26,44,0,2,12,28,40,190,"THE TEEN PROJECT, INC., D.B.A. FREEHAB",4.518,2.807,0,2,14,18,28,0,2,10,18,28,199,AMERICAN HEALTH SERVICES LLC,3.431,2.132,0,4,11,13,28,0,3,8,14,28,271,"TARZANA TREATMENT CENTERS, INC.",5.291,3.288,0,0,4,6,64,0,0,2,10,46,190,"THE TEEN PROJECT, INC., D.B.A. FREEHAB",4.518,2.807,0,2,10,14,50,0,2,6,14,47,271,"TARZANA TREATMENT CENTERS, INC.",5.291,3.288,0,0,3,4,11,0,0,2,5,10
240,91501,61337.30469235402,125232549.37748964,34.20144531400946,-118.29566806918731,106,"SAFETY EDUCATION CENTER, INC.",6.108,3.795,0,0,16,64,270,0,0,8,106,266,46,WESTERN PACIFIC MED-CORP,8.023,4.985,0,0,4,10,24,0,0,2,14,24,46,WESTERN PACIFIC MED-CORP,8.023,4.985,0,0,3,13,37,0,0,1,20,37,130,"CRI-HELP, INC.",7.689,4.778,0,0,4,30,148,0,0,2,50,148,130,"CRI-HELP, INC.",7.689,4.778,0,0,10,44,184,0,0,4,72,184,161,"I-ADARP, INC.",8.626,5.36,0,0,2,14,60,0,0,0,24,56,130,"CRI-HELP, INC.",7.689,4.778,0,0,4,16,34,0,0,2,16,34,49,DIDI HIRSCH PSYCHIATRIC SERVICE,8.875,5.515,0,0,2,11,37,0,0,0,17,36,130,"CRI-HELP, INC.",7.689,4.778,0,0,2,26,110,0,0,2,38,110,130,"CRI-HELP, INC.",7.689,4.778,0,0,5,18,105,0,0,2,31,103,210,"PHOENIX HOUSES OF LOS ANGELES, INC.",10.282,6.389,0,0,0,2,15,0,0,0,6,13
241,91502,35228.848810935764,39700624.10972949,34.177132140130404,-118.3097314019464,106,"SAFETY EDUCATION CENTER, INC.",3.555,2.209,0,2,22,90,330,0,2,16,176,280,46,WESTERN PACIFIC MED-CORP,6.399,3.976,0,0,4,12,32,0,0,4,16,24,46,WESTERN PACIFIC MED-CORP,6.399,3.976,0,0,3,17,45,0,0,2,24,38,130,"CRI-HELP, INC.",5.703,3.544,0,0,8,44,174,0,0,6,108,148,130,"CRI-HELP, INC.",5.703,3.544,0,0,14,62,222,0,0,10,134,188,161,"I-ADARP, INC.",7.259,4.511,0,0,4,20,74,0,0,2,32,64,130,"CRI-HELP, INC.",5.703,3.544,0,0,4,12,34,0,0,2,20,34,56,VAN NESS RECOVERY HOUSE,7.977,4.957,0,0,4,15,43,0,0,1,22,40,130,"CRI-HELP, INC.",5.703,3.544,0,0,6,30,132,0,0,6,84,110,130,"CRI-HELP, INC.",5.703,3.544,0,0,9,33,116,0,0,7,65,106,66,"BEHAVIORAL HEALTH SERVICES, INC.",9.225,5.732,0,0,1,5,19,0,0,0,9,17
242,91504,57507.808821194034,131446473.14117266,34.20438878343962,-118.32798883040962,106,"SAFETY EDUCATION CENTER, INC.",4.646,2.887,0,2,16,58,272,0,2,10,62,262,138,WESTERN PACIFIC MED-CORP,6.789,4.219,0,0,6,12,24,0,0,4,12,22,138,WESTERN PACIFIC MED-CORP,6.789,4.219,0,0,3,10,38,0,0,2,11,36,130,"CRI-HELP, INC.",5.362,3.332,0,0,2,16,150,0,0,2,18,150,130,"CRI-HELP, INC.",5.362,3.332,0,0,8,34,186,0,0,6,36,184,161,"I-ADARP, INC.",5.836,3.626,0,0,4,16,60,0,0,2,18,54,130,"CRI-HELP, INC.",5.362,3.332,0,0,2,10,36,0,0,2,10,32,178,"NARCOTIC ADDICTION TREATMENT AGENCY, INC.",7.098,4.41,0,0,2,12,37,0,0,1,14,34,130,"CRI-HELP, INC.",5.362,3.332,0,0,2,12,112,0,0,2,14,112,130,"CRI-HELP, INC.",5.362,3.332,0,0,3,14,105,0,0,3,16,101,210,"PHOENIX HOUSES OF LOS ANGELES, INC.",8.568,5.324,0,0,1,3,14,0,0,0,4,13
243,91505,93419.69057560433,143159286.74408942,34.177111988327106,-118.34759090905436,106,"SAFETY EDUCATION CENTER, INC.",1.335,0.829,0,8,30,92,322,2,8,10,100,308,138,WESTERN PACIFIC MED-CORP,4.522,2.81,0,2,8,12,30,0,2,4,12,26,138,WESTERN PACIFIC MED-CORP,4.522,2.81,0,1,5,16,44,0,1,2,16,42,130,"CRI-HELP, INC.",2.26,1.404,0,2,8,42,174,0,2,2,46,174,130,"CRI-HELP, INC.",2.26,1.404,0,4,18,62,220,0,4,6,66,216,161,"I-ADARP, INC.",3.85,2.392,0,2,6,22,70,0,2,2,24,64,130,"CRI-HELP, INC.",2.26,1.404,0,2,4,10,40,0,2,2,12,38,178,"NARCOTIC ADDICTION TREATMENT AGENCY, INC.",7.418,4.609,0,0,5,16,41,0,0,1,18,40,130,"CRI-HELP, INC.",2.26,1.404,0,2,6,30,132,0,2,2,32,132,130,"CRI-HELP, INC.",2.26,1.404,0,3,9,29,113,0,3,3,31,110,66,"BEHAVIORAL HEALTH SERVICES, INC.",8.841,5.494,0,0,1,6,17,0,0,0,6,16
244,91506,43789.75411363602,64866884.0981461,34.17153010797996,-118.32398281226396,106,"SAFETY EDUCATION CENTER, INC.",2.108,1.31,0,4,26,96,328,0,4,16,158,320,138,WESTERN PACIFIC MED-CORP,6.759,4.2,0,0,6,12,28,0,0,4,12,28,138,WESTERN PACIFIC MED-CORP,6.759,4.2,0,0,5,16,44,0,0,2,20,42,130,"CRI-HELP, INC.",4.367,2.713,0,2,10,44,174,0,2,6,96,172,130,"CRI-HELP, INC.",4.367,2.713,0,2,18,64,218,0,2,10,118,216,161,"I-ADARP, INC.",6.109,3.796,0,0,4,24,76,0,0,2,32,72,130,"CRI-HELP, INC.",4.367,2.713,0,2,6,12,38,0,2,2,16,34,56,VAN NESS RECOVERY HOUSE,7.284,4.526,0,0,5,18,43,0,0,1,21,41,130,"CRI-HELP, INC.",4.367,2.713,0,2,8,30,132,0,2,6,72,130,130,"CRI-HELP, INC.",4.367,2.713,0,2,11,31,115,0,2,7,65,113,66,"BEHAVIORAL HEALTH SERVICES, INC.",8.311,5.164,0,0,1,6,19,0,0,0,9,19
245,91521,5886.404824676933,2214252.251518196,34.15682841642519,-118.32506309500899,106,"SAFETY EDUCATION CENTER, INC.",2.107,1.309,0,4,30,160,348,0,4,18,176,334,46,WESTERN PACIFIC MED-CORP,6.23,3.871,0,0,4,16,38,0,0,4,16,30,46,WESTERN PACIFIC MED-CORP,6.23,3.871,0,0,6,21,49,0,0,2,21,44,130,"CRI-HELP, INC.",4.598,2.857,0,2,14,94,176,0,2,6,100,176,130,"CRI-HELP, INC.",4.598,2.857,0,2,20,122,230,0,2,10,130,222,161,"I-ADARP, INC.",6.663,4.14,0,0,6,30,80,0,0,4,34,76,130,"CRI-HELP, INC.",4.598,2.857,0,2,8,14,38,0,2,2,14,36,56,VAN NESS RECOVERY HOUSE,5.655,3.514,0,0,6,20,45,0,0,2,22,43,130,"CRI-HELP, INC.",4.598,2.857,0,2,12,70,134,0,2,6,76,134,130,"CRI-HELP, INC.",4.598,2.857,0,2,13,63,117,0,2,7,67,116,66,"BEHAVIORAL HEALTH SERVICES, INC.",6.685,4.154,0,0,1,8,20,0,0,1,10,19
246,91522,7381.80745885459,3462269.411936468,34.14807270048111,-118.33841612616592,106,"SAFETY EDUCATION CENTER, INC.",2.018,1.254,0,8,32,162,354,0,4,20,176,342,138,WESTERN PACIFIC MED-CORP,6.51,4.045,0,0,4,12,38,0,0,4,16,34,138,WESTERN PACIFIC MED-CORP,6.51,4.045,0,0,6,19,50,0,0,3,21,46,130,"CRI-HELP, INC.",4.056,2.52,0,6,14,96,178,0,2,8,100,176,130,"CRI-HELP, INC.",4.056,2.52,0,6,20,120,232,0,2,12,130,226,66,"BEHAVIORAL HEALTH SERVICES, INC.",5.581,3.468,0,0,8,32,82,0,0,6,34,76,130,"CRI-HELP, INC.",4.056,2.52,0,2,8,14,38,0,2,4,14,38,56,VAN NESS RECOVERY HOUSE,4.925,3.06,0,1,7,21,46,0,0,2,22,43,130,"CRI-HELP, INC.",4.056,2.52,0,6,12,72,136,0,2,8,76,134,130,"CRI-HELP, INC.",4.056,2.52,0,6,13,65,119,0,2,9,67,116,66,"BEHAVIORAL HEALTH SERVICES, INC.",5.581,3.468,0,0,2,9,21,0,0,1,10,19
247,91523,5292.816732185701,1815340.9048747793,34.15440543863317,-118.33326103709337,106,"SAFETY EDUCATION CENTER, INC.",1.653,1.027,0,4,30,148,352,0,4,18,176,332,138,WESTERN PACIFIC MED-CORP,6.551,4.071,0,0,4,12,38,0,0,4,16,30,138,WESTERN PACIFIC MED-CORP,6.551,4.071,0,0,6,18,49,0,0,2,21,44,130,"CRI-HELP, INC.",4.034,2.507,0,2,14,86,176,0,2,6,100,174,130,"CRI-HELP, INC.",4.034,2.507,0,2,20,110,230,0,2,10,130,220,161,"I-ADARP, INC.",6.175,3.837,0,0,6,30,82,0,0,4,34,76,130,"CRI-HELP, INC.",4.034,2.507,0,2,8,12,38,0,2,2,14,38,56,VAN NESS RECOVERY HOUSE,5.484,3.408,0,0,6,20,45,0,0,2,22,42,130,"CRI-HELP, INC.",4.034,2.507,0,2,12,66,134,0,2,6,76,132,130,"CRI-HELP, INC.",4.034,2.507,0,2,13,61,117,0,2,7,67,114,66,"BEHAVIORAL HEALTH SERVICES, INC.",6.31,3.921,0,0,1,8,21,0,0,1,10,19
248,91601,50023.40672062379,74137859.97371393,34.168274481714406,-118.37257719483121,130,"CRI-HELP, INC.",0.453,0.282,2,8,36,78,322,2,8,20,116,318,138,WESTERN PACIFIC MED-CORP,2.647,1.645,0,2,10,12,30,0,2,6,16,28,138,WESTERN PACIFIC MED-CORP,2.647,1.645,0,1,6,14,43,0,1,4,21,42,130,"CRI-HELP, INC.",0.453,0.282,2,2,8,26,174,2,2,4,50,174,130,"CRI-HELP, INC.",0.453,0.282,2,4,22,46,220,2,4,12,70,218,161,"I-ADARP, INC.",2.49,1.547,0,2,10,22,70,0,2,4,32,68,130,"CRI-HELP, INC.",0.453,0.282,2,2,4,10,38,2,2,4,20,38,178,"NARCOTIC ADDICTION TREATMENT AGENCY, INC.",7.098,4.41,0,0,7,16,39,0,0,3,22,39,130,"CRI-HELP, INC.",0.453,0.282,2,2,6,22,132,2,2,2,36,132,130,"CRI-HELP, INC.",0.453,0.282,2,3,9,19,111,2,3,5,37,111,66,"BEHAVIORAL HEALTH SERVICES, INC.",8.401,5.22,0,0,1,6,17,0,0,0,8,16
249,91602,42988.49871681829,58804795.456426844,34.15078583495166,-118.36621714775679,130,"CRI-HELP, INC.",2.433,1.512,0,8,34,100,342,0,8,18,118,326,138,WESTERN PACIFIC MED-CORP,4.41,2.741,0,2,10,12,36,0,2,2,12,30,138,WESTERN PACIFIC MED-CORP,4.41,2.741,0,1,7,16,47,0,1,1,16,43,130,"CRI-HELP, INC.",2.433,1.512,0,2,10,46,174,0,2,6,60,174,130,"CRI-HELP, INC.",2.433,1.512,0,4,22,66,226,0,4,8,82,220,161,"I-ADARP, INC.",4.469,2.777,0,2,8,24,78,0,2,8,26,72,130,"CRI-HELP, INC.",2.433,1.512,0,2,6,12,40,0,2,2,12,38,66,"BEHAVIORAL HEALTH SERVICES, INC.",6.379,3.964,0,0,6,18,43,0,0,2,18,40,130,"CRI-HELP, INC.",2.433,1.512,0,2,8,32,132,0,2,6,46,132,130,"CRI-HELP, INC.",2.433,1.512,0,3,11,33,116,0,3,7,41,112,66,"BEHAVIORAL HEALTH SERVICES, INC.",6.379,3.964,0,0,1,6,20,0,0,1,6,18
250,91604,76710.28620776371,139593615.1041363,34.13917389216138,-118.39375661669185,130,"CRI-HELP, INC.",4.211,2.617,0,4,38,106,336,0,4,26,120,318,138,WESTERN PACIFIC MED-CORP,4.72,2.933,0,2,10,16,34,0,2,4,16,28,138,WESTERN PACIFIC MED-CORP,4.72,2.933,0,1,7,20,45,0,1,3,23,41,130,"CRI-HELP, INC.",4.211,2.617,0,2,14,46,174,0,2,8,50,172,130,"CRI-HELP, INC.",4.211,2.617,0,4,26,64,224,0,4,14,72,214,161,"I-ADARP, INC.",5.325,3.309,0,0,8,30,74,0,0,8,34,70,130,"CRI-HELP, INC.",4.211,2.617,0,2,4,18,38,0,2,4,22,38,66,"BEHAVIORAL HEALTH SERVICES, INC.",6.791,4.22,0,0,7,19,40,0,0,4,23,39,130,"CRI-HELP, INC.",4.211,2.617,0,2,12,34,132,0,2,6,36,130,130,"CRI-HELP, INC.",4.211,2.617,0,3,9,35,112,0,3,9,38,110,66,"BEHAVIORAL HEALTH SERVICES, INC.",6.791,4.22,0,0,1,7,19,0,0,1,8,17
251,91605,70606.05308925832,147374305.53973004,34.206555940047906,-118.40095865804484,178,"NARCOTIC ADDICTION TREATMENT AGENCY, INC.",2.391,1.486,0,14,36,62,246,0,14,32,68,228,178,"NARCOTIC ADDICTION TREATMENT AGENCY, INC.",2.391,1.486,0,8,10,14,24,0,8,10,16,24,178,"NARCOTIC ADDICTION TREATMENT AGENCY, INC.",2.391,1.486,0,4,6,12,37,0,4,6,13,36,130,"CRI-HELP, INC.",4.683,2.91,0,2,6,12,132,0,2,4,14,122,178,"NARCOTIC ADDICTION TREATMENT AGENCY, INC.",2.391,1.486,0,10,20,26,168,0,10,18,30,154,161,"I-ADARP, INC.",2.509,1.559,0,4,12,26,50,0,4,10,26,48,130,"CRI-HELP, INC.",4.683,2.91,0,2,4,14,34,0,2,4,14,34,178,"NARCOTIC ADDICTION TREATMENT AGENCY, INC.",2.391,1.486,0,1,7,14,35,0,1,6,14,31,130,"CRI-HELP, INC.",4.683,2.91,0,2,4,10,104,0,2,2,12,96,138,WESTERN PACIFIC MED-CORP,2.81,1.746,0,3,6,15,85,0,3,6,15,77,228,PENNY LANE CENTERS,6.597,4.099,0,0,2,5,13,0,0,1,5,12
252,91606,56311.702523692715,91562088.71729174,34.18644106569606,-118.38862879106304,161,"I-ADARP, INC.",0.088,0.055,4,10,32,76,272,4,10,30,88,266,138,WESTERN PACIFIC MED-CORP,0.901,0.56,2,4,10,16,26,2,4,10,16,26,138,WESTERN PACIFIC MED-CORP,0.901,0.56,1,2,6,16,41,1,2,6,18,40,130,"CRI-HELP, INC.",2.235,1.389,0,2,4,22,144,0,2,4,26,142,138,WESTERN PACIFIC MED-CORP,0.901,0.56,2,6,18,38,186,2,6,18,44,182,161,"I-ADARP, INC.",0.088,0.055,2,2,10,26,58,2,2,8,30,56,130,"CRI-HELP, INC.",2.235,1.389,0,2,4,18,38,0,2,4,20,38,178,"NARCOTIC ADDICTION TREATMENT AGENCY, INC.",4.736,2.943,0,1,6,16,39,0,1,5,20,38,130,"CRI-HELP, INC.",2.235,1.389,0,2,2,20,108,0,2,2,22,108,138,WESTERN PACIFIC MED-CORP,0.901,0.56,1,3,6,17,94,1,3,6,21,92,228,PENNY LANE CENTERS,8.716,5.416,0,0,1,5,15,0,0,0,6,14
253,91607,43360.655013038195,69607233.28034407,34.16625096503559,-118.4002368750796,138,WESTERN PACIFIC MED-CORP,1.738,1.08,0,16,40,84,320,0,10,28,94,290,138,WESTERN PACIFIC MED-CORP,1.738,1.08,0,4,10,16,30,0,4,10,16,26,138,WESTERN PACIFIC MED-CORP,1.738,1.08,0,3,6,17,43,0,2,6,19,39,130,"CRI-HELP, INC.",2.732,1.697,0,4,8,24,174,0,2,4,30,158,138,WESTERN PACIFIC MED-CORP,1.738,1.08,0,10,22,40,220,0,6,18,50,198,161,"I-ADARP, INC.",2.557,1.589,0,4,14,30,68,0,4,6,30,60,130,"CRI-HELP, INC.",2.732,1.697,0,4,4,18,38,0,2,4,20,38,190,"THE TEEN PROJECT, INC., D.B.A. FREEHAB",4.98,3.094,0,2,8,18,39,0,0,5,21,37,130,"CRI-HELP, INC.",2.732,1.697,0,2,6,22,132,0,2,2,26,122,138,WESTERN PACIFIC MED-CORP,1.738,1.08,0,5,10,19,111,0,3,5,25,95,66,"BEHAVIORAL HEALTH SERVICES, INC.",9.441,5.867,0,0,2,6,16,0,0,0,7,15
254,91608,17061.40895321082,16240540.121463533,34.13833703001652,-118.35260403853367,106,"SAFETY EDUCATION CENTER, INC.",3.059,1.901,0,10,36,152,358,0,10,18,176,342,138,WESTERN PACIFIC MED-CORP,6.275,3.899,0,0,4,12,36,0,0,2,16,34,138,WESTERN PACIFIC MED-CORP,6.275,3.899,0,0,6,18,49,0,0,2,21,46,130,"CRI-HELP, INC.",4.149,2.578,0,6,18,88,182,0,6,8,100,174,130,"CRI-HELP, INC.",4.149,2.578,0,6,22,112,234,0,6,10,130,224,66,"BEHAVIORAL HEALTH SERVICES, INC.",4.659,2.895,0,2,10,28,84,0,2,6,32,78,130,"CRI-HELP, INC.",4.149,2.578,0,2,6,12,42,0,2,4,14,38,56,VAN NESS RECOVERY HOUSE,4.592,2.853,0,2,6,19,49,0,2,2,22,42,130,"CRI-HELP, INC.",4.149,2.578,0,6,18,68,138,0,6,8,76,132,130,"CRI-HELP, INC.",4.149,2.578,0,6,11,61,124,0,6,9,67,114,66,"BEHAVIORAL HEALTH SERVICES, INC.",4.659,2.895,0,1,2,7,22,0,1,1,9,20
255,91702,297423.49004979926,1640834282.8950207,34.22204332825342,-117.86563721651127,343,"SOCIAL MODEL RECOVERY SYSTEMS, INC.",10.471,6.506,0,0,0,16,62,0,0,0,20,58,320,TAVARUA MEDICAL REHABILITATION SERVICES D.B.A. AZUSA MEDICAL AND MENTAL HEALTH SERVICES,12.09,7.512,0,0,0,2,12,0,0,0,2,12,343,"SOCIAL MODEL RECOVERY SYSTEMS, INC.",10.471,6.506,0,0,0,3,17,0,0,0,4,15,343,"SOCIAL MODEL RECOVERY SYSTEMS, INC.",10.471,6.506,0,0,0,6,18,0,0,0,6,16,343,"SOCIAL MODEL RECOVERY SYSTEMS, INC.",10.471,6.506,0,0,0,10,38,0,0,0,12,36,196,"EGGLESTON YOUTH CENTERS, INC., D. B. A. EGGLESTON SUBSTANCE ABUSE AND EDUCATION PROGRAM",14.264,8.864,0,0,0,2,14,0,0,0,4,12,315,"SOCIAL MODEL RECOVERY SYSTEMS, INC.",14.458,8.984,0,0,0,4,16,0,0,0,4,14,343,"SOCIAL MODEL RECOVERY SYSTEMS, INC.",10.471,6.506,0,0,0,3,14,0,0,0,5,12,343,"SOCIAL MODEL RECOVERY SYSTEMS, INC.",10.471,6.506,0,0,0,2,12,0,0,0,2,10,343,"SOCIAL MODEL RECOVERY SYSTEMS, INC.",10.471,6.506,0,0,0,6,17,0,0,0,6,14,326,"NATIONAL COUNCIL ON ALCOHOLISM AND DRUG DEPENDENCE OF EAST SAN GABRIEL AND POMONA VALLEYS, INC.",13.037,8.101,0,0,0,2,6,0,0,0,3,6
256,91706,126744.98683660477,413467836.7907466,34.09811488401621,-117.96767935031139,196,"EGGLESTON YOUTH CENTERS, INC., D. B. A. EGGLESTON SUBSTANCE ABUSE AND EDUCATION PROGRAM",3.236,2.01,0,4,38,48,184,0,4,36,54,180,311,"AEGIS TREATMENT CENTERS, LLC",6.012,3.735,0,0,10,10,30,0,0,10,12,30,167,"SOCIAL MODEL RECOVERY SYSTEMS, INC.",5.69,3.536,0,0,10,11,35,0,0,10,12,34,167,"SOCIAL MODEL RECOVERY SYSTEMS, INC.",5.69,3.536,0,0,10,10,70,0,0,10,10,68,167,"SOCIAL MODEL RECOVERY SYSTEMS, INC.",5.69,3.536,0,0,26,26,116,0,0,24,30,112,196,"EGGLESTON YOUTH CENTERS, INC., D. B. A. EGGLESTON SUBSTANCE ABUSE AND EDUCATION PROGRAM",3.236,2.01,0,2,6,8,44,0,2,6,10,44,167,"SOCIAL MODEL RECOVERY SYSTEMS, INC.",5.69,3.536,0,0,8,8,30,0,0,8,8,28,196,"EGGLESTON YOUTH CENTERS, INC., D. B. A. EGGLESTON SUBSTANCE ABUSE AND EDUCATION PROGRAM",3.236,2.01,0,1,7,8,32,0,1,7,9,30,167,"SOCIAL MODEL RECOVERY SYSTEMS, INC.",5.69,3.536,0,0,6,6,46,0,0,6,6,46,314,"SOCIAL MODEL RECOVERY SYSTEMS, INC.",5.92,3.679,0,0,6,7,56,0,0,6,7,54,196,"EGGLESTON YOUTH CENTERS, INC., D. B. A. EGGLESTON SUBSTANCE ABUSE AND EDUCATION PROGRAM",3.236,2.01,0,1,5,5,20,0,1,4,7,20
259,91711,151110.1818453703,523420865.3465779,34.14133000576585,-117.70789422897678,357,INLAND VALLEY DRUG AND ALCOHOL RECOVERY SERVICES,7.331,4.556,0,0,10,20,44,0,0,6,22,44,347,"AEGIS TREATMENT CENTERS, LLC",9.084,5.644,0,0,2,2,6,0,0,0,2,6,357,INLAND VALLEY DRUG AND ALCOHOL RECOVERY SERVICES,7.331,4.556,0,0,3,6,11,0,0,2,6,11,358,INLAND VALLEY DRUG AND ALCOHOL RECOVERY SERVICES,7.331,4.556,0,0,2,8,14,0,0,2,8,14,358,INLAND VALLEY DRUG AND ALCOHOL RECOVERY SERVICES,7.331,4.556,0,0,6,12,26,0,0,2,14,26,357,INLAND VALLEY DRUG AND ALCOHOL RECOVERY SERVICES,7.331,4.556,0,0,2,6,10,0,0,2,6,10,358,INLAND VALLEY DRUG AND ALCOHOL RECOVERY SERVICES,7.331,4.556,0,0,2,8,12,0,0,2,8,12,357,INLAND VALLEY DRUG AND ALCOHOL RECOVERY SERVICES,7.331,4.556,0,0,2,6,11,0,0,2,6,11,358,INLAND VALLEY DRUG AND ALCOHOL RECOVERY SERVICES,7.331,4.556,0,0,2,6,8,0,0,2,6,8,357,INLAND VALLEY DRUG AND ALCOHOL RECOVERY SERVICES,7.331,4.556,0,0,3,10,16,0,0,3,10,16,345,"NATIONAL COUNCIL ON ALCOHOLISM AND DRUG DEPENDENCE OF EAST SAN GABRIEL AND POMONA VALLEYS, INC.",9.615,5.975,0,0,1,1,4,0,0,0,2,4
260,91722,83310.5711649018,114672133.25844261,34.09760528060407,-117.90630840132417,314,"SOCIAL MODEL RECOVERY SYSTEMS, INC.",0.331,0.206,4,22,28,56,128,6,22,22,58,122,311,"AEGIS TREATMENT CENTERS, LLC",2.251,1.399,0,4,8,12,24,0,4,4,12,22,314,"SOCIAL MODEL RECOVERY SYSTEMS, INC.",0.331,0.206,1,5,7,14,31,1,5,5,14,29,314,"SOCIAL MODEL RECOVERY SYSTEMS, INC.",0.331,0.206,4,6,6,16,38,4,6,6,16,38,314,"SOCIAL MODEL RECOVERY SYSTEMS, INC.",0.331,0.206,4,14,18,36,74,4,14,14,36,72,319,CENTER FOR INTEGRATED FAMILY AND HEALTH SERVICES,1.923,1.195,0,4,4,10,34,0,4,4,10,30,314,"SOCIAL MODEL RECOVERY SYSTEMS, INC.",0.331,0.206,4,4,4,14,24,4,4,4,14,22,315,"SOCIAL MODEL RECOVERY SYSTEMS, INC.",0.343,0.213,1,5,6,11,27,1,5,5,11,24,343,"SOCIAL MODEL RECOVERY SYSTEMS, INC.",4.034,2.506,0,2,2,10,28,0,2,2,10,28,314,"SOCIAL MODEL RECOVERY SYSTEMS, INC.",0.331,0.206,4,6,6,13,32,4,6,6,13,30,319,CENTER FOR INTEGRATED FAMILY AND HEALTH SERVICES,1.923,1.195,0,3,3,6,16,0,3,3,6,14
261,91723,45009.6833598195,64912802.80629412,34.0846735185825,-117.88691855389365,318,"SOCIAL MODEL RECOVERY SYSTEMS, INC.",0.402,0.25,4,16,28,56,108,4,16,22,56,98,311,"AEGIS TREATMENT CENTERS, LLC",2.052,1.275,0,4,8,12,22,0,4,4,12,20,318,"SOCIAL MODEL RECOVERY SYSTEMS, INC.",0.402,0.25,1,4,7,14,27,1,4,5,14,24,315,"SOCIAL MODEL RECOVERY SYSTEMS, INC.",1.95,1.212,0,4,6,16,24,0,4,6,16,22,318,"SOCIAL MODEL RECOVERY SYSTEMS, INC.",0.402,0.25,2,12,18,36,58,2,12,14,36,52,319,CENTER FOR INTEGRATED FAMILY AND HEALTH SERVICES,0.402,0.25,2,2,4,10,30,2,2,4,10,28,315,"SOCIAL MODEL RECOVERY SYSTEMS, INC.",1.95,1.212,0,4,4,14,16,0,4,4,14,16,318,"SOCIAL MODEL RECOVERY SYSTEMS, INC.",0.402,0.25,2,3,6,11,24,2,3,5,11,22,343,"SOCIAL MODEL RECOVERY SYSTEMS, INC.",5.735,3.564,0,0,2,10,14,0,0,2,10,12,315,"SOCIAL MODEL RECOVERY SYSTEMS, INC.",1.95,1.212,0,4,6,13,27,0,4,6,13,25,319,CENTER FOR INTEGRATED FAMILY AND HEALTH SERVICES,0.402,0.25,1,2,3,6,14,1,2,3,6,13
262,91724,117095.29518731243,173389972.08124676,34.08110388783652,-117.85533013764189,326,"NATIONAL COUNCIL ON ALCOHOLISM AND DRUG DEPENDENCE OF EAST SAN GABRIEL AND POMONA VALLEYS, INC.",3.088,1.919,0,16,40,48,82,0,12,22,48,78,311,"AEGIS TREATMENT CENTERS, LLC",4.813,2.99,0,4,6,10,16,0,2,4,10,14,318,"SOCIAL MODEL RECOVERY SYSTEMS, INC.",3.199,1.988,0,4,9,13,20,0,3,5,13,19,315,"SOCIAL MODEL RECOVERY SYSTEMS, INC.",4.709,2.926,0,4,12,16,20,0,4,6,16,20,326,"NATIONAL COUNCIL ON ALCOHOLISM AND DRUG DEPENDENCE OF EAST SAN GABRIEL AND POMONA VALLEYS, INC.",3.088,1.919,0,12,24,32,46,0,10,14,32,44,319,CENTER FOR INTEGRATED FAMILY AND HEALTH SERVICES,3.199,1.988,0,2,8,8,18,0,2,4,8,16,315,"SOCIAL MODEL RECOVERY SYSTEMS, INC.",4.709,2.926,0,4,10,14,16,0,4,4,14,16,318,"SOCIAL MODEL RECOVERY SYSTEMS, INC.",3.199,1.988,0,3,9,10,18,0,3,5,10,17,343,"SOCIAL MODEL RECOVERY SYSTEMS, INC.",7.474,4.644,0,0,6,10,12,0,0,2,10,12,315,"SOCIAL MODEL RECOVERY SYSTEMS, INC.",4.709,2.926,0,4,13,13,21,0,4,6,13,20,326,"NATIONAL COUNCIL ON ALCOHOLISM AND DRUG DEPENDENCE OF EAST SAN GABRIEL AND POMONA VALLEYS, INC.",3.088,1.919,0,2,4,4,11,0,2,3,4,10
263,91731,79394.97320424409,105982840.04683372,34.079282527770786,-118.04081209669317,148,TWIN PALMS RECOVERY CENTER,0.581,0.361,6,14,30,98,298,6,14,16,118,290,155,"AEGIS TREATMENT CENTERS, LLC",0.586,0.364,2,2,12,20,30,2,2,2,24,30,155,"AEGIS TREATMENT CENTERS, LLC",0.586,0.364,1,3,9,22,45,1,3,3,26,45,167,"SOCIAL MODEL RECOVERY SYSTEMS, INC.",2.6,1.615,0,4,4,30,148,0,4,4,34,148,155,"AEGIS TREATMENT CENTERS, LLC",0.586,0.364,2,8,18,58,200,2,8,8,70,200,153,"SOCIAL MODEL RECOVERY SYSTEMS, INC.",0.824,0.512,2,2,4,22,62,2,2,2,28,56,167,"SOCIAL MODEL RECOVERY SYSTEMS, INC.",2.6,1.615,0,4,4,16,34,0,4,4,16,34,149,SPIRITT FAMILY SERVICES,2.489,1.547,0,1,3,17,43,0,1,1,21,40,167,"SOCIAL MODEL RECOVERY SYSTEMS, INC.",2.6,1.615,0,4,4,24,100,0,4,4,26,100,133,HEALTHRIGHT 360,9.328,5.796,0,0,1,20,110,0,0,0,24,108,153,"SOCIAL MODEL RECOVERY SYSTEMS, INC.",0.824,0.512,1,2,2,9,27,1,2,2,15,25
264,91732,79277.78568177698,139826395.37502736,34.071887906772325,-118.01380624272481,167,"SOCIAL MODEL RECOVERY SYSTEMS, INC.",0.604,0.375,4,12,26,76,284,4,12,20,84,264,155,"AEGIS TREATMENT CENTERS, LLC",2.153,1.338,0,2,8,18,32,0,2,6,20,32,167,"SOCIAL MODEL RECOVERY SYSTEMS, INC.",0.604,0.375,2,3,6,16,44,2,3,5,18,41,167,"SOCIAL MODEL RECOVERY SYSTEMS, INC.",0.604,0.375,4,4,4,10,140,4,4,4,12,130,167,"SOCIAL MODEL RECOVERY SYSTEMS, INC.",0.604,0.375,4,8,14,36,192,4,8,12,42,182,153,"SOCIAL MODEL RECOVERY SYSTEMS, INC.",1.962,1.219,0,2,4,22,58,0,2,2,24,50,167,"SOCIAL MODEL RECOVERY SYSTEMS, INC.",0.604,0.375,4,4,4,10,34,4,4,4,10,28,149,SPIRITT FAMILY SERVICES,2.585,1.606,0,1,3,14,38,0,1,2,16,32,167,"SOCIAL MODEL RECOVERY SYSTEMS, INC.",0.604,0.375,4,4,4,6,96,4,4,4,6,90,314,"SOCIAL MODEL RECOVERY SYSTEMS, INC.",10.506,6.528,0,0,0,12,104,0,0,0,15,94,153,"SOCIAL MODEL RECOVERY SYSTEMS, INC.",1.962,1.219,0,2,3,10,25,0,2,2,13,24
265,91733,70074.3495096164,171378375.07538527,34.04863634413766,-118.0511106522433,149,SPIRITT FAMILY SERVICES,1.719,1.068,0,14,36,116,380,0,14,26,152,378,155,"AEGIS TREATMENT CENTERS, LLC",3.228,2.006,0,2,12,22,38,0,2,8,26,38,155,"AEGIS TREATMENT CENTERS, LLC",3.228,2.006,0,3,9,20,53,0,3,7,25,53,168,"SOCIAL MODEL RECOVERY SYSTEMS, INC.",3.761,2.337,0,4,4,34,212,0,4,4,54,212,149,SPIRITT FAMILY SERVICES,1.719,1.068,0,8,20,62,274,0,8,14,90,274,153,"SOCIAL MODEL RECOVERY SYSTEMS, INC.",3.152,1.959,0,2,6,34,68,0,2,4,40,68,168,"SOCIAL MODEL RECOVERY SYSTEMS, INC.",3.761,2.337,0,4,4,14,38,0,4,4,18,38,149,SPIRITT FAMILY SERVICES,1.719,1.068,0,1,4,19,48,0,1,2,24,48,168,"SOCIAL MODEL RECOVERY SYSTEMS, INC.",3.761,2.337,0,4,4,18,142,0,4,4,34,142,10,"HOMELESS HEALTH CARE LOS ANGELES, INC.",7.484,4.651,0,0,2,36,143,0,0,1,41,143,149,SPIRITT FAMILY SERVICES,1.719,1.068,0,2,4,15,30,0,2,2,18,30
266,91740,67672.67810521873,140126926.211366,34.1188117335923,-117.8533136047773,326,"NATIONAL COUNCIL ON ALCOHOLISM AND DRUG DEPENDENCE OF EAST SAN GABRIEL AND POMONA VALLEYS, INC.",2.348,1.459,0,10,24,44,72,0,10,22,44,70,320,TAVARUA MEDICAL REHABILITATION SERVICES D.B.A. AZUSA MEDICAL AND MENTAL HEALTH SERVICES,3.409,2.118,0,2,4,10,12,0,2,4,10,12,320,TAVARUA MEDICAL REHABILITATION SERVICES D.B.A. AZUSA MEDICAL AND MENTAL HEALTH SERVICES,3.409,2.118,0,2,5,11,17,0,2,5,11,17,343,"SOCIAL MODEL RECOVERY SYSTEMS, INC.",5.096,3.167,0,0,6,12,18,0,0,6,12,18,326,"NATIONAL COUNCIL ON ALCOHOLISM AND DRUG DEPENDENCE OF EAST SAN GABRIEL AND POMONA VALLEYS, INC.",2.348,1.459,0,6,14,28,40,0,6,14,28,40,319,CENTER FOR INTEGRATED FAMILY AND HEALTH SERVICES,4.771,2.965,0,2,4,8,14,0,2,4,8,14,315,"SOCIAL MODEL RECOVERY SYSTEMS, INC.",5.264,3.271,0,0,4,10,16,0,0,4,10,16,318,"SOCIAL MODEL RECOVERY SYSTEMS, INC.",4.771,2.965,0,2,5,10,15,0,2,5,10,15,343,"SOCIAL MODEL RECOVERY SYSTEMS, INC.",5.096,3.167,0,0,2,6,12,0,0,2,6,12,343,"SOCIAL MODEL RECOVERY SYSTEMS, INC.",5.096,3.167,0,0,6,13,17,0,0,6,13,17,326,"NATIONAL COUNCIL ON ALCOHOLISM AND DRUG DEPENDENCE OF EAST SAN GABRIEL AND POMONA VALLEYS, INC.",2.348,1.459,0,2,3,4,7,0,2,3,4,7
267,91741,134791.85553053088,655310422.6260294,34.16436691992624,-117.83348019289285,340,REHABILITATION ALCOHOL PROGRAM,6.714,4.172,0,0,18,38,64,0,0,8,38,60,320,TAVARUA MEDICAL REHABILITATION SERVICES D.B.A. AZUSA MEDICAL AND MENTAL HEALTH SERVICES,7.551,4.692,0,0,2,6,12,0,0,2,6,12,343,"SOCIAL MODEL RECOVERY SYSTEMS, INC.",7.453,4.631,0,0,4,9,17,0,0,2,9,16,343,"SOCIAL MODEL RECOVERY SYSTEMS, INC.",7.453,4.631,0,0,6,12,18,0,0,2,12,18,343,"SOCIAL MODEL RECOVERY SYSTEMS, INC.",7.453,4.631,0,0,12,24,38,0,0,6,24,38,319,CENTER FOR INTEGRATED FAMILY AND HEALTH SERVICES,9.936,6.174,0,0,2,8,14,0,0,0,8,12,315,"SOCIAL MODEL RECOVERY SYSTEMS, INC.",9.97,6.195,0,0,4,10,16,0,0,0,10,16,343,"SOCIAL MODEL RECOVERY SYSTEMS, INC.",7.453,4.631,0,0,4,9,14,0,0,1,9,13,343,"SOCIAL MODEL RECOVERY SYSTEMS, INC.",7.453,4.631,0,0,2,6,12,0,0,2,6,12,343,"SOCIAL MODEL RECOVERY SYSTEMS, INC.",7.453,4.631,0,0,6,13,17,0,0,2,13,16,326,"NATIONAL COUNCIL ON ALCOHOLISM AND DRUG DEPENDENCE OF EAST SAN GABRIEL AND POMONA VALLEYS, INC.",7.523,4.675,0,0,2,4,6,0,0,1,4,6
268,91744,114910.48353315357,248831048.28249037,34.02877563387691,-117.93756687033905,252,"ADDICTION RESEARCH AND TREATMENT, INC.",1.433,0.891,0,8,28,56,164,4,8,14,62,130,252,"ADDICTION RESEARCH AND TREATMENT, INC.",1.433,0.891,0,4,6,14,28,4,4,6,14,26,252,"ADDICTION RESEARCH AND TREATMENT, INC.",1.433,0.891,0,2,7,13,31,2,2,4,14,27,314,"SOCIAL MODEL RECOVERY SYSTEMS, INC.",8.089,5.026,0,0,8,12,58,0,0,0,14,32,252,"ADDICTION RESEARCH AND TREATMENT, INC.",1.433,0.891,0,4,18,34,98,4,4,8,36,70,319,CENTER FOR INTEGRATED FAMILY AND HEALTH SERVICES,7.936,4.931,0,0,4,8,42,0,0,2,12,38,314,"SOCIAL MODEL RECOVERY SYSTEMS, INC.",8.089,5.026,0,0,8,8,26,0,0,0,8,22,253,"BAART BEHAVIORAL HEALTH SERVICES, INC.",1.433,0.891,0,1,6,10,28,1,1,3,13,26,168,"SOCIAL MODEL RECOVERY SYSTEMS, INC.",8.446,5.248,0,0,4,6,36,0,0,0,6,14,314,"SOCIAL MODEL RECOVERY SYSTEMS, INC.",8.089,5.026,0,0,4,9,50,0,0,0,13,36,319,CENTER FOR INTEGRATED FAMILY AND HEALTH SERVICES,7.936,4.931,0,0,3,9,19,0,0,1,11,18
269,91745,124242.35709787419,405232415.7275407,33.997616120228074,-117.97527190486113,252,"ADDICTION RESEARCH AND TREATMENT, INC.",3.955,2.457,0,4,24,70,212,0,4,12,80,188,252,"ADDICTION RESEARCH AND TREATMENT, INC.",3.955,2.457,0,4,4,18,32,0,4,4,20,32,252,"ADDICTION RESEARCH AND TREATMENT, INC.",3.955,2.457,0,2,5,17,39,0,2,2,18,34,182,LOS ANGELES CENTERS FOR ALCOHOL AND DRUG ABUSE,8.551,5.313,0,0,6,12,76,0,0,0,16,60,252,"ADDICTION RESEARCH AND TREATMENT, INC.",3.955,2.457,0,4,14,36,126,0,4,6,44,108,192,"HELPLINE YOUTH COUNSELING, INC.",9.136,5.677,0,0,2,18,56,0,0,0,20,50,168,"SOCIAL MODEL RECOVERY SYSTEMS, INC.",8.609,5.349,0,0,4,8,30,0,0,0,12,24,253,"BAART BEHAVIORAL HEALTH SERVICES, INC.",3.955,2.457,0,1,5,15,37,0,1,2,15,30,168,"SOCIAL MODEL RECOVERY SYSTEMS, INC.",8.609,5.349,0,0,4,4,50,0,0,0,6,34,182,LOS ANGELES CENTERS FOR ALCOHOL AND DRUG ABUSE,8.551,5.313,0,0,3,13,62,0,0,0,16,57,166,SPIRITT FAMILY SERVICES,6.21,3.859,0,0,5,12,23,0,0,1,14,22
270,91746,115518.39665890996,179303778.75861704,34.04194292917923,-117.99070480088339,168,"SOCIAL MODEL RECOVERY SYSTEMS, INC.",3.678,2.285,0,10,32,74,254,0,10,20,80,246,252,"ADDICTION RESEARCH AND TREATMENT, INC.",3.794,2.357,0,4,8,18,32,0,4,6,20,30,168,"SOCIAL MODEL RECOVERY SYSTEMS, INC.",3.678,2.285,0,4,6,18,41,0,4,5,20,39,168,"SOCIAL MODEL RECOVERY SYSTEMS, INC.",3.678,2.285,0,4,4,14,120,0,4,4,14,118,168,"SOCIAL MODEL RECOVERY SYSTEMS, INC.",3.678,2.285,0,10,16,40,172,0,10,12,42,166,153,"SOCIAL MODEL RECOVERY SYSTEMS, INC.",5.393,3.351,0,0,4,18,52,0,0,2,22,52,168,"SOCIAL MODEL RECOVERY SYSTEMS, INC.",3.678,2.285,0,4,4,8,34,0,4,4,10,32,253,"BAART BEHAVIORAL HEALTH SERVICES, INC.",3.794,2.357,0,2,4,15,36,0,2,2,18,34,168,"SOCIAL MODEL RECOVERY SYSTEMS, INC.",3.678,2.285,0,4,4,6,86,0,4,4,6,86,314,"SOCIAL MODEL RECOVERY SYSTEMS, INC.",10.023,6.228,0,0,0,15,90,0,0,0,18,88,149,SPIRITT FAMILY SERVICES,4.48,2.784,0,1,4,13,23,0,1,2,14,23
272,91750,347602.15933757473,2170919762.706724,34.22739313007704,-117.74085895556756,340,REHABILITATION ALCOHOL PROGRAM,12.733,7.912,0,0,0,2,40,0,0,0,2,40,347,"AEGIS TREATMENT CENTERS, LLC",17.728,11.016,0,0,0,0,6,0,0,0,0,6,357,INLAND VALLEY DRUG AND ALCOHOL RECOVERY SERVICES,16.762,10.416,0,0,0,0,11,0,0,0,0,11,358,INLAND VALLEY DRUG AND ALCOHOL RECOVERY SERVICES,16.762,10.416,0,0,0,0,14,0,0,0,0,14,358,INLAND VALLEY DRUG AND ALCOHOL RECOVERY SERVICES,16.762,10.416,0,0,0,0,26,0,0,0,0,26,357,INLAND VALLEY DRUG AND ALCOHOL RECOVERY SERVICES,16.762,10.416,0,0,0,0,10,0,0,0,0,10,358,INLAND VALLEY DRUG AND ALCOHOL RECOVERY SERVICES,16.762,10.416,0,0,0,0,12,0,0,0,0,12,357,INLAND VALLEY DRUG AND ALCOHOL RECOVERY SERVICES,16.762,10.416,0,0,0,0,11,0,0,0,0,11,358,INLAND VALLEY DRUG AND ALCOHOL RECOVERY SERVICES,16.762,10.416,0,0,0,0,8,0,0,0,0,8,357,INLAND VALLEY DRUG AND ALCOHOL RECOVERY SERVICES,16.762,10.416,0,0,0,0,16,0,0,0,0,16,345,"NATIONAL COUNCIL ON ALCOHOLISM AND DRUG DEPENDENCE OF EAST SAN GABRIEL AND POMONA VALLEYS, INC.",18.212,11.317,0,0,0,0,4,0,0,0,0,4
273,91754,59277.12069331184,126477786.10651672,34.050981960126684,-118.14420339507683,87,ALHAMBRA SAFETY SERVICES,3.385,2.103,0,16,112,242,458,0,14,62,254,448,52,"NARCOTIC PREVENTION ASSOCIATION, INC.",3.748,2.329,0,6,12,18,44,0,6,12,18,42,52,"NARCOTIC PREVENTION ASSOCIATION, INC.",3.748,2.329,0,5,11,33,59,0,4,9,35,57,33,"SOCIAL MODEL RECOVERY SYSTEMS, INC.",4.97,3.088,0,2,68,134,254,0,0,28,138,252,52,"NARCOTIC PREVENTION ASSOCIATION, INC.",3.748,2.329,0,8,84,168,322,0,6,42,174,316,61,"MELA COUNSELING SERVICES CENTER, INC.",3.629,2.255,0,6,20,48,92,0,6,14,52,88,52,"NARCOTIC PREVENTION ASSOCIATION, INC.",3.748,2.329,0,2,4,28,44,0,2,4,28,42,52,"NARCOTIC PREVENTION ASSOCIATION, INC.",3.748,2.329,0,3,9,30,58,0,3,7,33,58,71,EXODUS RECOVERY INC.,6.116,3.8,0,0,52,98,178,0,0,18,100,176,61,"MELA COUNSELING SERVICES CENTER, INC.",3.629,2.255,0,6,54,91,165,0,4,26,97,163,61,"MELA COUNSELING SERVICES CENTER, INC.",3.629,2.255,0,2,7,18,35,0,2,5,19,33
274,91755,60163.6385207585,86913134.65309146,34.047837300208926,-118.11496309380912,87,ALHAMBRA SAFETY SERVICES,1.69,1.05,0,14,76,214,452,0,12,30,238,416,5,"ADDICTION RESEARCH AND TREATMENT, INC.",3.134,1.948,0,6,14,16,46,0,4,10,22,42,10,"HOMELESS HEALTH CARE LOS ANGELES, INC.",3.119,1.938,0,4,12,29,59,0,3,7,34,57,33,"SOCIAL MODEL RECOVERY SYSTEMS, INC.",7.382,4.587,0,0,32,120,248,0,0,4,130,228,5,"ADDICTION RESEARCH AND TREATMENT, INC.",3.134,1.948,0,6,50,148,318,0,4,16,166,294,10,"HOMELESS HEALTH CARE LOS ANGELES, INC.",3.119,1.938,0,4,16,42,88,0,4,8,48,80,52,"NARCOTIC PREVENTION ASSOCIATION, INC.",5.056,3.142,0,0,8,22,40,0,0,2,22,40,10,"HOMELESS HEALTH CARE LOS ANGELES, INC.",3.119,1.938,0,1,8,24,57,0,1,5,29,55,54,"THE SALVATION ARMY, A CALIFORNIA CORPORATION",7.825,4.863,0,0,22,88,172,0,0,2,90,156,10,"HOMELESS HEALTH CARE LOS ANGELES, INC.",3.119,1.938,0,2,26,82,159,0,2,8,92,153,61,"MELA COUNSELING SERVICES CENTER, INC.",4.448,2.764,0,1,7,18,34,0,1,4,20,32
275,91759,93434.03395821241,128649507.6015941,34.254242563455755,-117.66369400785531,357,INLAND VALLEY DRUG AND ALCOHOL RECOVERY SERVICES,17.485,10.865,0,0,0,0,20,0,0,0,0,20,347,"AEGIS TREATMENT CENTERS, LLC",22.22,13.807,0,0,0,0,2,0,0,0,0,2,357,INLAND VALLEY DRUG AND ALCOHOL RECOVERY SERVICES,17.485,10.865,0,0,0,0,6,0,0,0,0,6,358,INLAND VALLEY DRUG AND ALCOHOL RECOVERY SERVICES,17.485,10.865,0,0,0,0,8,0,0,0,0,8,358,INLAND VALLEY DRUG AND ALCOHOL RECOVERY SERVICES,17.485,10.865,0,0,0,0,12,0,0,0,0,12,357,INLAND VALLEY DRUG AND ALCOHOL RECOVERY SERVICES,17.485,10.865,0,0,0,0,6,0,0,0,0,6,358,INLAND VALLEY DRUG AND ALCOHOL RECOVERY SERVICES,17.485,10.865,0,0,0,0,8,0,0,0,0,8,357,INLAND VALLEY DRUG AND ALCOHOL RECOVERY SERVICES,17.485,10.865,0,0,0,0,6,0,0,0,0,6,358,INLAND VALLEY DRUG AND ALCOHOL RECOVERY SERVICES,17.485,10.865,0,0,0,0,6,0,0,0,0,6,357,INLAND VALLEY DRUG AND ALCOHOL RECOVERY SERVICES,17.485,10.865,0,0,0,0,10,0,0,0,0,10,345,"NATIONAL COUNCIL ON ALCOHOLISM AND DRUG DEPENDENCE OF EAST SAN GABRIEL AND POMONA VALLEYS, INC.",22.748,14.135,0,0,0,0,1,0,0,0,0,1
278,91767,81779.08878063496,158861312.0128841,34.081295646880854,-117.73861931389283,347,"AEGIS TREATMENT CENTERS, LLC",1.901,1.181,0,14,20,28,48,0,14,16,36,48,347,"AEGIS TREATMENT CENTERS, LLC",1.901,1.181,0,2,2,4,10,0,2,2,6,10,347,"AEGIS TREATMENT CENTERS, LLC",1.901,1.181,0,4,6,8,13,0,4,4,10,13,336,"BEHAVIORAL HEALTH SERVICES, INC.",3.125,1.942,0,6,8,8,14,0,6,6,12,14,347,"AEGIS TREATMENT CENTERS, LLC",1.901,1.181,0,10,12,18,30,0,10,10,24,30,337,"BEHAVIORAL HEALTH SERVICES, INC.",3.125,1.942,0,4,6,8,10,0,4,4,8,10,336,"BEHAVIORAL HEALTH SERVICES, INC.",3.125,1.942,0,6,8,8,12,0,6,6,12,12,336,"BEHAVIORAL HEALTH SERVICES, INC.",3.125,1.942,0,4,6,8,12,0,4,4,9,12,336,"BEHAVIORAL HEALTH SERVICES, INC.",3.125,1.942,0,4,6,6,8,0,4,4,6,8,336,"BEHAVIORAL HEALTH SERVICES, INC.",3.125,1.942,0,7,10,10,16,0,7,7,14,16,345,"NATIONAL COUNCIL ON ALCOHOLISM AND DRUG DEPENDENCE OF EAST SAN GABRIEL AND POMONA VALLEYS, INC.",2.423,1.506,0,1,1,3,4,0,1,1,3,4
279,91768,101774.94119080793,208656331.8566268,34.06430048030538,-117.78762184141577,345,"NATIONAL COUNCIL ON ALCOHOLISM AND DRUG DEPENDENCE OF EAST SAN GABRIEL AND POMONA VALLEYS, INC.",3.04,1.889,0,14,22,44,64,0,14,16,48,60,347,"AEGIS TREATMENT CENTERS, LLC",3.316,2.061,0,2,2,6,12,0,2,2,10,12,347,"AEGIS TREATMENT CENTERS, LLC",3.316,2.061,0,4,5,11,16,0,4,4,13,16,336,"BEHAVIORAL HEALTH SERVICES, INC.",3.45,2.144,0,6,6,14,18,0,6,6,14,18,345,"NATIONAL COUNCIL ON ALCOHOLISM AND DRUG DEPENDENCE OF EAST SAN GABRIEL AND POMONA VALLEYS, INC.",3.04,1.889,0,10,14,26,40,0,10,10,30,38,337,"BEHAVIORAL HEALTH SERVICES, INC.",3.45,2.144,0,4,6,10,12,0,4,4,10,12,336,"BEHAVIORAL HEALTH SERVICES, INC.",3.45,2.144,0,6,6,12,16,0,6,6,12,16,336,"BEHAVIORAL HEALTH SERVICES, INC.",3.45,2.144,0,4,6,11,14,0,4,4,12,13,336,"BEHAVIORAL HEALTH SERVICES, INC.",3.45,2.144,0,4,4,8,12,0,4,4,8,12,336,"BEHAVIORAL HEALTH SERVICES, INC.",3.45,2.144,0,7,7,16,16,0,7,7,16,16,345,"NATIONAL COUNCIL ON ALCOHOLISM AND DRUG DEPENDENCE OF EAST SAN GABRIEL AND POMONA VALLEYS, INC.",3.04,1.889,0,1,3,4,7,0,1,1,4,6
280,91770,88629.67293944502,181762195.88009548,34.06441662448105,-118.0835953678811,129,ABC TRAFFIC SAFETY PROGRAM,1.34,0.833,0,12,36,184,396,2,12,26,192,388,155,"AEGIS TREATMENT CENTERS, LLC",4.468,2.777,0,2,10,20,36,0,2,8,20,36,155,"AEGIS TREATMENT CENTERS, LLC",4.468,2.777,0,1,9,25,53,0,1,7,27,52,168,"SOCIAL MODEL RECOVERY SYSTEMS, INC.",6.159,3.827,0,0,4,96,228,0,0,4,100,222,155,"AEGIS TREATMENT CENTERS, LLC",4.468,2.777,0,4,16,126,288,0,4,14,132,282,153,"SOCIAL MODEL RECOVERY SYSTEMS, INC.",4.592,2.853,0,2,12,40,72,0,2,6,42,70,168,"SOCIAL MODEL RECOVERY SYSTEMS, INC.",6.159,3.827,0,0,6,18,38,0,0,4,22,38,149,SPIRITT FAMILY SERVICES,4.486,2.788,0,1,5,22,52,0,1,2,26,51,168,"SOCIAL MODEL RECOVERY SYSTEMS, INC.",6.159,3.827,0,0,4,74,156,0,0,4,76,150,10,"HOMELESS HEALTH CARE LOS ANGELES, INC.",6.157,3.826,0,0,5,67,152,0,0,2,70,151,149,SPIRITT FAMILY SERVICES,4.486,2.788,0,2,5,17,31,0,2,3,18,31
281,91773,172742.66598343992,422199601.34484756,34.10558823653003,-117.80801747524866,340,REHABILITATION ALCOHOL PROGRAM,2.561,1.591,0,2,34,44,62,0,2,24,48,60,347,"AEGIS TREATMENT CENTERS, LLC",6.628,4.119,0,0,6,6,12,0,0,4,10,12,347,"AEGIS TREATMENT CENTERS, LLC",6.628,4.119,0,0,9,11,16,0,0,6,13,16,336,"BEHAVIORAL HEALTH SERVICES, INC.",7.617,4.733,0,0,12,14,18,0,0,6,14,18,326,"NATIONAL COUNCIL ON ALCOHOLISM AND DRUG DEPENDENCE OF EAST SAN GABRIEL AND POMONA VALLEYS, INC.",5.942,3.692,0,0,24,26,38,0,0,16,30,38,337,"BEHAVIORAL HEALTH SERVICES, INC.",7.617,4.733,0,0,6,10,12,0,0,6,10,12,336,"BEHAVIORAL HEALTH SERVICES, INC.",7.617,4.733,0,0,10,12,16,0,0,6,12,16,336,"BEHAVIORAL HEALTH SERVICES, INC.",7.617,4.733,0,0,8,11,13,0,0,6,12,13,336,"BEHAVIORAL HEALTH SERVICES, INC.",7.617,4.733,0,0,6,8,12,0,0,4,8,12,336,"BEHAVIORAL HEALTH SERVICES, INC.",7.617,4.733,0,0,13,16,16,0,0,7,16,16,326,"NATIONAL COUNCIL ON ALCOHOLISM AND DRUG DEPENDENCE OF EAST SAN GABRIEL AND POMONA VALLEYS, INC.",5.942,3.692,0,0,3,4,6,0,0,3,4,6
282,91775,59531.214595008096,85444295.7285204,34.114819151010614,-118.08921731946862,133,HEALTHRIGHT 360,3.934,2.444,0,2,46,94,310,0,2,34,138,296,155,"AEGIS TREATMENT CENTERS, LLC",6.535,4.061,0,0,4,16,34,0,0,4,20,30,133,HEALTHRIGHT 360,3.934,2.444,0,1,9,19,47,0,1,4,22,45,100,"GRANDVIEW FOUNDATION, INC.",7.798,4.846,0,0,20,36,150,0,0,10,64,150,155,"AEGIS TREATMENT CENTERS, LLC",6.535,4.061,0,0,28,60,206,0,0,16,92,202,133,HEALTHRIGHT 360,3.934,2.444,0,2,10,22,66,0,2,10,30,60,104,"GRANDVIEW FOUNDATION, INC.",7.798,4.846,0,0,10,16,32,0,0,2,16,32,133,HEALTHRIGHT 360,3.934,2.444,0,1,5,13,45,0,1,3,17,43,100,"GRANDVIEW FOUNDATION, INC.",7.798,4.846,0,0,20,28,106,0,0,10,52,106,133,HEALTHRIGHT 360,3.934,2.444,0,1,5,19,112,0,1,1,42,110,101,"SOCIAL MODEL RECOVERY SYSTEMS, INC.",5.055,3.141,0,0,3,8,29,0,0,2,9,27
283,91776,61588.03207618759,97127615.6285211,34.09005363673094,-118.09548275621215,129,ABC TRAFFIC SAFETY PROGRAM,3.092,1.921,0,4,54,168,394,0,4,26,176,386,155,"AEGIS TREATMENT CENTERS, LLC",5.648,3.51,0,0,12,20,36,0,0,2,20,36,155,"AEGIS TREATMENT CENTERS, LLC",5.648,3.51,0,0,11,23,52,0,0,4,24,52,168,"SOCIAL MODEL RECOVERY SYSTEMS, INC.",7.688,4.777,0,0,14,90,228,0,0,4,92,222,155,"AEGIS TREATMENT CENTERS, LLC",5.648,3.51,0,0,30,122,288,0,0,8,124,282,153,"SOCIAL MODEL RECOVERY SYSTEMS, INC.",5.861,3.642,0,0,16,32,68,0,0,10,34,68,168,"SOCIAL MODEL RECOVERY SYSTEMS, INC.",7.688,4.777,0,0,8,16,38,0,0,4,18,38,149,SPIRITT FAMILY SERVICES,6.605,4.104,0,0,7,19,51,0,0,3,21,50,168,"SOCIAL MODEL RECOVERY SYSTEMS, INC.",7.688,4.777,0,0,14,72,156,0,0,4,74,152,133,HEALTHRIGHT 360,6.642,4.127,0,0,5,61,150,0,0,1,62,146,153,"SOCIAL MODEL RECOVERY SYSTEMS, INC.",5.861,3.642,0,0,5,12,31,0,0,3,13,31
284,91780,67491.96280432206,106549055.94689307,34.101506641610435,-118.05575624280988,148,TWIN PALMS RECOVERY CENTER,3.395,2.11,0,8,26,90,300,0,8,18,118,286,155,"AEGIS TREATMENT CENTERS, LLC",3.408,2.118,0,2,2,22,30,0,2,2,24,30,155,"AEGIS TREATMENT CENTERS, LLC",3.408,2.118,0,1,4,22,45,0,1,4,25,45,167,"SOCIAL MODEL RECOVERY SYSTEMS, INC.",5.252,3.263,0,0,4,28,154,0,0,4,42,144,155,"AEGIS TREATMENT CENTERS, LLC",3.408,2.118,0,2,8,56,206,0,2,8,76,196,153,"SOCIAL MODEL RECOVERY SYSTEMS, INC.",3.64,2.262,0,2,10,20,58,0,2,4,24,58,167,"SOCIAL MODEL RECOVERY SYSTEMS, INC.",5.252,3.263,0,0,4,16,34,0,0,4,18,32,149,SPIRITT FAMILY SERVICES,5.252,3.263,0,0,3,13,42,0,0,2,18,41,167,"SOCIAL MODEL RECOVERY SYSTEMS, INC.",5.252,3.263,0,0,4,22,106,0,0,4,32,100,133,HEALTHRIGHT 360,6.508,4.044,0,0,1,17,114,0,0,1,25,104,153,"SOCIAL MODEL RECOVERY SYSTEMS, INC.",3.64,2.262,0,1,3,8,26,0,1,2,10,26
285,91789,142110.2364552929,440377794.12982553,34.02161041645479,-117.85324930256942,262,TWIN PALMS RECOVERY CENTER,5.989,3.722,0,0,20,44,94,0,0,4,48,88,311,"AEGIS TREATMENT CENTERS, LLC",7.959,4.945,0,0,6,10,22,0,0,2,10,16,311,"AEGIS TREATMENT CENTERS, LLC",7.959,4.945,0,0,5,11,24,0,0,1,13,21,315,"SOCIAL MODEL RECOVERY SYSTEMS, INC.",9.45,5.872,0,0,4,12,22,0,0,0,16,22,311,"AEGIS TREATMENT CENTERS, LLC",7.959,4.945,0,0,14,28,54,0,0,2,32,48,319,CENTER FOR INTEGRATED FAMILY AND HEALTH SERVICES,8.067,5.013,0,0,2,8,22,0,0,0,8,22,315,"SOCIAL MODEL RECOVERY SYSTEMS, INC.",9.45,5.872,0,0,4,10,16,0,0,0,14,16,318,"SOCIAL MODEL RECOVERY SYSTEMS, INC.",8.067,5.013,0,0,4,10,21,0,0,0,10,21,336,"BEHAVIORAL HEALTH SERVICES, INC.",10.078,6.262,0,0,0,6,12,0,0,0,10,12,315,"SOCIAL MODEL RECOVERY SYSTEMS, INC.",9.45,5.872,0,0,4,13,24,0,0,0,13,24,319,CENTER FOR INTEGRATED FAMILY AND HEALTH SERVICES,8.067,5.013,0,0,2,4,14,0,0,0,4,14
286,91790,89120.32008447431,161400603.15550283,34.06743529381713,-117.93780651209103,258,"SAFETY EDUCATION CENTER, INC.",0.378,0.235,2,14,40,48,146,2,14,32,54,142,311,"AEGIS TREATMENT CENTERS, LLC",3.012,1.871,0,6,10,10,26,0,6,8,12,26,311,"AEGIS TREATMENT CENTERS, LLC",3.012,1.871,0,4,10,10,31,0,4,9,11,31,314,"SOCIAL MODEL RECOVERY SYSTEMS, INC.",4.468,2.776,0,4,10,10,44,0,4,10,10,44,311,"AEGIS TREATMENT CENTERS, LLC",3.012,1.871,0,10,26,28,82,0,10,22,30,82,196,"EGGLESTON YOUTH CENTERS, INC., D. B. A. EGGLESTON SUBSTANCE ABUSE AND EDUCATION PROGRAM",4.411,2.741,0,2,6,6,40,0,2,4,6,38,314,"SOCIAL MODEL RECOVERY SYSTEMS, INC.",4.468,2.776,0,4,8,8,26,0,4,8,8,26,196,"EGGLESTON YOUTH CENTERS, INC., D. B. A. EGGLESTON SUBSTANCE ABUSE AND EDUCATION PROGRAM",4.411,2.741,0,3,7,8,28,0,3,6,8,28,167,"SOCIAL MODEL RECOVERY SYSTEMS, INC.",7.273,4.519,0,0,6,6,30,0,0,6,6,30,314,"SOCIAL MODEL RECOVERY SYSTEMS, INC.",4.468,2.776,0,4,6,6,36,0,4,6,6,36,196,"EGGLESTON YOUTH CENTERS, INC., D. B. A. EGGLESTON SUBSTANCE ABUSE AND EDUCATION PROGRAM",4.411,2.741,0,1,5,6,19,0,1,3,6,18
287,91791,92119.3066964718,183942689.9975584,34.06124387086943,-117.89420669129395,311,"AEGIS TREATMENT CENTERS, LLC",2.167,1.346,0,12,28,56,112,0,12,26,58,100,311,"AEGIS TREATMENT CENTERS, LLC",2.167,1.346,0,2,8,12,24,0,2,8,12,20,311,"AEGIS TREATMENT CENTERS, LLC",2.167,1.346,0,3,7,14,27,0,3,6,14,25,315,"SOCIAL MODEL RECOVERY SYSTEMS, INC.",3.933,2.444,0,4,6,16,22,0,4,4,16,22,311,"AEGIS TREATMENT CENTERS, LLC",2.167,1.346,0,8,18,36,56,0,8,16,36,52,319,CENTER FOR INTEGRATED FAMILY AND HEALTH SERVICES,2.989,1.857,0,2,4,10,36,0,2,4,10,30,315,"SOCIAL MODEL RECOVERY SYSTEMS, INC.",3.933,2.444,0,4,4,14,18,0,4,4,14,16,318,"SOCIAL MODEL RECOVERY SYSTEMS, INC.",2.989,1.857,0,3,6,11,26,0,3,5,11,23,343,"SOCIAL MODEL RECOVERY SYSTEMS, INC.",8.144,5.061,0,0,2,10,12,0,0,0,10,12,315,"SOCIAL MODEL RECOVERY SYSTEMS, INC.",3.933,2.444,0,4,6,13,29,0,4,4,13,27,319,CENTER FOR INTEGRATED FAMILY AND HEALTH SERVICES,2.989,1.857,0,1,3,6,17,0,1,3,6,16
288,91792,77710.47592945558,107174555.73242122,34.02585977585134,-117.89987711565132,262,TWIN PALMS RECOVERY CENTER,2.331,1.448,0,6,26,62,116,0,2,18,64,108,252,"ADDICTION RESEARCH AND TREATMENT, INC.",4.911,3.051,0,4,8,12,24,0,0,6,12,24,252,"ADDICTION RESEARCH AND TREATMENT, INC.",4.911,3.051,0,2,6,14,27,0,0,5,15,25,315,"SOCIAL MODEL RECOVERY SYSTEMS, INC.",7.784,4.837,0,0,4,16,28,0,0,4,18,24,252,"ADDICTION RESEARCH AND TREATMENT, INC.",4.911,3.051,0,4,16,38,62,0,0,12,40,58,319,CENTER FOR INTEGRATED FAMILY AND HEALTH SERVICES,6.958,4.323,0,0,4,10,34,0,0,2,10,30,315,"SOCIAL MODEL RECOVERY SYSTEMS, INC.",7.784,4.837,0,0,4,14,22,0,0,4,14,20,253,"BAART BEHAVIORAL HEALTH SERVICES, INC.",4.911,3.051,0,1,5,12,27,0,0,4,13,23,168,"SOCIAL MODEL RECOVERY SYSTEMS, INC.",11.703,7.272,0,0,0,10,16,0,0,0,10,12,315,"SOCIAL MODEL RECOVERY SYSTEMS, INC.",7.784,4.837,0,0,4,13,33,0,0,4,15,28,319,CENTER FOR INTEGRATED FAMILY AND HEALTH SERVICES,6.958,4.323,0,0,3,7,17,0,0,1,9,16
289,91801,68390.93148648347,120767478.50096136,34.090695224481664,-118.12786915551933,87,ALHAMBRA SAFETY SERVICES,3.531,2.194,0,2,82,190,408,0,2,20,206,400,5,"ADDICTION RESEARCH AND TREATMENT, INC.",7.909,4.914,0,0,16,18,36,0,0,4,18,36,133,HEALTHRIGHT 360,7.206,4.478,0,0,16,27,52,0,0,4,30,52,71,EXODUS RECOVERY INC.,8.421,5.233,0,0,30,112,232,0,0,0,122,228,5,"ADDICTION RESEARCH AND TREATMENT, INC.",7.909,4.914,0,0,52,140,294,0,0,4,152,288,101,"SOCIAL MODEL RECOVERY SYSTEMS, INC.",6.048,3.758,0,0,20,34,76,0,0,10,34,74,52,"NARCOTIC PREVENTION ASSOCIATION, INC.",8.414,5.228,0,0,10,20,40,0,0,0,26,38,94,CASA DE LAS AMIGAS,6.544,4.066,0,0,10,18,52,0,0,3,22,51,71,EXODUS RECOVERY INC.,8.421,5.233,0,0,24,84,160,0,0,0,92,156,133,HEALTHRIGHT 360,7.206,4.478,0,0,17,76,155,0,0,2,80,151,101,"SOCIAL MODEL RECOVERY SYSTEMS, INC.",6.048,3.758,0,0,7,11,32,0,0,1,12,31
290,91803,53937.89715481829,89705275.09443715,34.07483406681695,-118.14617502836711,87,ALHAMBRA SAFETY SERVICES,3.586,2.228,0,2,122,222,444,0,2,46,244,436,11,"ADDICTION RESEARCH AND TREATMENT, INC.",6.029,3.746,0,0,12,18,42,0,0,10,18,40,11,"ADDICTION RESEARCH AND TREATMENT, INC.",6.029,3.746,0,0,12,32,56,0,0,8,33,55,71,EXODUS RECOVERY INC.,6.193,3.848,0,0,68,130,252,0,0,14,136,250,11,"ADDICTION RESEARCH AND TREATMENT, INC.",6.029,3.746,0,0,84,162,318,0,0,26,170,314,14,CLINICA MONSENOR OSCAR A. ROMERO,5.951,3.698,0,0,28,38,84,0,0,12,48,82,52,"NARCOTIC PREVENTION ASSOCIATION, INC.",6.282,3.903,0,0,4,26,40,0,0,4,28,40,9,EXODUS RECOVERY INC.,6.193,3.848,0,0,11,25,55,0,0,5,30,53,71,EXODUS RECOVERY INC.,6.193,3.848,0,0,52,94,176,0,0,8,100,176,71,EXODUS RECOVERY INC.,6.193,3.848,0,0,55,88,162,0,0,12,93,160,14,CLINICA MONSENOR OSCAR A. ROMERO,5.951,3.698,0,0,8,13,33,0,0,5,18,32
291,92397,141863.52617238412,995790778.9280801,34.35016125806872,-117.69363079081732,340,REHABILITATION ALCOHOL PROGRAM,27.055,16.812,0,0,0,0,0,0,0,0,0,0,320,TAVARUA MEDICAL REHABILITATION SERVICES D.B.A. AZUSA MEDICAL AND MENTAL HEALTH SERVICES,31.76,19.735,0,0,0,0,0,0,0,0,0,0,357,INLAND VALLEY DRUG AND ALCOHOL RECOVERY SERVICES,28.4,17.647,0,0,0,0,0,0,0,0,0,0,358,INLAND VALLEY DRUG AND ALCOHOL RECOVERY SERVICES,28.4,17.647,0,0,0,0,0,0,0,0,0,0,358,INLAND VALLEY DRUG AND ALCOHOL RECOVERY SERVICES,28.4,17.647,0,0,0,0,0,0,0,0,0,0,357,INLAND VALLEY DRUG AND ALCOHOL RECOVERY SERVICES,28.4,17.647,0,0,0,0,0,0,0,0,0,0,358,INLAND VALLEY DRUG AND ALCOHOL RECOVERY SERVICES,28.4,17.647,0,0,0,0,0,0,0,0,0,0,357,INLAND VALLEY DRUG AND ALCOHOL RECOVERY SERVICES,28.4,17.647,0,0,0,0,0,0,0,0,0,0,358,INLAND VALLEY DRUG AND ALCOHOL RECOVERY SERVICES,28.4,17.647,0,0,0,0,0,0,0,0,0,0,357,INLAND VALLEY DRUG AND ALCOHOL RECOVERY SERVICES,28.4,17.647,0,0,0,0,0,0,0,0,0,0,326,"NATIONAL COUNCIL ON ALCOHOLISM AND DRUG DEPENDENCE OF EAST SAN GABRIEL AND POMONA VALLEYS, INC.",31.845,19.788,0,0,0,0,0,0,0,0,0,0
294,93243,241837.32327395186,1636536728.344987,34.74312622662873,-118.80956911417094,341,"ACTION FAMILY COUNSELING-SCV, INC.",43.798,27.215,0,0,0,0,0,0,0,0,0,0,332,"ALT RECOVERY GROUP 2, LLC",57.674,35.837,0,0,0,0,0,0,0,0,0,0,332,"ALT RECOVERY GROUP 2, LLC",57.674,35.837,0,0,0,0,0,0,0,0,0,0,367,"TARZANA TREATMENT CENTERS, INC.",60.733,37.738,0,0,0,0,0,0,0,0,0,0,339,NATIONAL COUNCIL ON ALCOHOLISM AND DRUG DEPENDENCE OF THE SAN FERNANDO VALLEY,46.475,28.879,0,0,0,0,0,0,0,0,0,0,341,"ACTION FAMILY COUNSELING-SCV, INC.",43.798,27.215,0,0,0,0,0,0,0,0,0,0,331,"RANCHO SAN ANTONIO BOYS HOME, INC.",59.168,36.766,0,0,0,0,0,0,0,0,0,0,341,"ACTION FAMILY COUNSELING-SCV, INC.",43.798,27.215,0,0,0,0,0,0,0,0,0,0,368,"TARZANA TREATMENT CENTERS, INC.",60.733,37.738,0,0,0,0,0,0,0,0,0,0,341,"ACTION FAMILY COUNSELING-SCV, INC.",43.798,27.215,0,0,0,0,0,0,0,0,0,0,341,"ACTION FAMILY COUNSELING-SCV, INC.",43.798,27.215,0,0,0,0,0,0,0,0,0,0
295,93510,306567.67307370837,2217365259.3532443,34.45038242581846,-118.21166336497886,354,"TARZANA TREATMENT CENTERS, INC.",16.463,10.23,0,0,0,0,8,0,0,0,0,8,354,"TARZANA TREATMENT CENTERS, INC.",16.463,10.23,0,0,0,0,4,0,0,0,0,4,354,"TARZANA TREATMENT CENTERS, INC.",16.463,10.23,0,0,0,0,3,0,0,0,0,3,257,SAN FERNANDO RECOVERY CENTER,26.813,16.661,0,0,0,0,0,0,0,0,0,0,356,AMERICAN HEALTH SERVICES LLC,16.751,10.408,0,0,0,0,2,0,0,0,0,2,354,"TARZANA TREATMENT CENTERS, INC.",16.463,10.23,0,0,0,0,6,0,0,0,0,6,354,"TARZANA TREATMENT CENTERS, INC.",16.463,10.23,0,0,0,0,2,0,0,0,0,2,354,"TARZANA TREATMENT CENTERS, INC.",16.463,10.23,0,0,0,0,3,0,0,0,0,3,257,SAN FERNANDO RECOVERY CENTER,26.813,16.661,0,0,0,0,0,0,0,0,0,0,354,"TARZANA TREATMENT CENTERS, INC.",16.463,10.23,0,0,0,0,1,0,0,0,0,1,210,"PHOENIX HOUSES OF LOS ANGELES, INC.",23.721,14.74,0,0,0,0,1,0,0,0,0,1
296,93523,303643.882886555,2101976938.9753027,34.79577041049691,-117.95495041643392,376,WESTERN PACIFIC MED-CORP,19.466,12.096,0,0,0,0,26,0,0,0,0,26,376,WESTERN PACIFIC MED-CORP,19.466,12.096,0,0,0,0,2,0,0,0,0,2,376,WESTERN PACIFIC MED-CORP,19.466,12.096,0,0,0,0,9,0,0,0,0,9,367,"TARZANA TREATMENT CENTERS, INC.",21.151,13.143,0,0,0,0,4,0,0,0,0,4,376,WESTERN PACIFIC MED-CORP,19.466,12.096,0,0,0,0,6,0,0,0,0,6,373,"TARZANA TREATMENT CENTERS, INC.",20.683,12.852,0,0,0,0,16,0,0,0,0,16,373,"TARZANA TREATMENT CENTERS, INC.",20.683,12.852,0,0,0,0,12,0,0,0,0,12,373,"TARZANA TREATMENT CENTERS, INC.",20.683,12.852,0,0,0,0,9,0,0,0,0,9,368,"TARZANA TREATMENT CENTERS, INC.",21.151,13.143,0,0,0,0,2,0,0,0,0,2,373,"TARZANA TREATMENT CENTERS, INC.",20.683,12.852,0,0,0,0,8,0,0,0,0,8,359,PENNY LANE CENTERS,20.971,13.031,0,0,0,0,5,0,0,0,0,5
297,93532,456162.71266807313,3140227508.548606,34.695967781562025,-118.60395230356359,341,"ACTION FAMILY COUNSELING-SCV, INC.",31.208,19.392,0,0,0,0,0,0,0,0,0,0,376,WESTERN PACIFIC MED-CORP,42.578,26.457,0,0,0,0,0,0,0,0,0,0,369,"TARZANA TREATMENT CENTERS, INC.",41.678,25.898,0,0,0,0,0,0,0,0,0,0,367,"TARZANA TREATMENT CENTERS, INC.",41.678,25.898,0,0,0,0,0,0,0,0,0,0,339,NATIONAL COUNCIL ON ALCOHOLISM AND DRUG DEPENDENCE OF THE SAN FERNANDO VALLEY,35.543,22.086,0,0,0,0,0,0,0,0,0,0,341,"ACTION FAMILY COUNSELING-SCV, INC.",31.208,19.392,0,0,0,0,0,0,0,0,0,0,369,"TARZANA TREATMENT CENTERS, INC.",41.678,25.898,0,0,0,0,0,0,0,0,0,0,341,"ACTION FAMILY COUNSELING-SCV, INC.",31.208,19.392,0,0,0,0,0,0,0,0,0,0,368,"TARZANA TREATMENT CENTERS, INC.",41.678,25.898,0,0,0,0,0,0,0,0,0,0,341,"ACTION FAMILY COUNSELING-SCV, INC.",31.208,19.392,0,0,0,0,0,0,0,0,0,0,341,"ACTION FAMILY COUNSELING-SCV, INC.",31.208,19.392,0,0,0,0,0,0,0,0,0,0
298,93534,206885.83178392387,614822601.353738,34.726839435046884,-118.15032858742647,376,WESTERN PACIFIC MED-CORP,2.491,1.548,0,24,26,26,32,0,24,26,26,32,376,WESTERN PACIFIC MED-CORP,2.491,1.548,0,2,2,2,6,0,2,2,2,6,376,WESTERN PACIFIC MED-CORP,2.491,1.548,0,9,9,9,12,0,9,9,9,12,367,"TARZANA TREATMENT CENTERS, INC.",3.995,2.482,0,4,4,4,4,0,4,4,4,4,376,WESTERN PACIFIC MED-CORP,2.491,1.548,0,6,6,6,8,0,6,6,6,8,373,"TARZANA TREATMENT CENTERS, INC.",3.274,2.034,0,14,16,16,20,0,14,16,16,20,373,"TARZANA TREATMENT CENTERS, INC.",3.274,2.034,0,12,12,12,14,0,12,12,12,14,373,"TARZANA TREATMENT CENTERS, INC.",3.274,2.034,0,8,9,9,11,0,8,9,9,11,368,"TARZANA TREATMENT CENTERS, INC.",3.995,2.482,0,2,2,2,2,0,2,2,2,2,373,"TARZANA TREATMENT CENTERS, INC.",3.274,2.034,0,8,8,8,9,0,8,8,8,9,365,"TARZANA TREATMENT CENTERS, INC.",3.995,2.482,0,4,5,5,5,0,4,5,5,5
299,93535,508434.9343654893,7116859743.251458,34.712853019450044,-117.87493299045913,359,PENNY LANE CENTERS,23.697,14.725,0,0,0,0,10,0,0,0,0,6,376,WESTERN PACIFIC MED-CORP,24.091,14.969,0,0,0,0,2,0,0,0,0,2,376,WESTERN PACIFIC MED-CORP,24.091,14.969,0,0,0,0,2,0,0,0,0,1,367,"TARZANA TREATMENT CENTERS, INC.",25.092,15.592,0,0,0,0,0,0,0,0,0,0,376,WESTERN PACIFIC MED-CORP,24.091,14.969,0,0,0,0,2,0,0,0,0,2,359,PENNY LANE CENTERS,23.697,14.725,0,0,0,0,4,0,0,0,0,2,373,"TARZANA TREATMENT CENTERS, INC.",24.943,15.499,0,0,0,0,2,0,0,0,0,0,359,PENNY LANE CENTERS,23.697,14.725,0,0,0,0,2,0,0,0,0,1,368,"TARZANA TREATMENT CENTERS, INC.",25.092,15.592,0,0,0,0,0,0,0,0,0,0,373,"TARZANA TREATMENT CENTERS, INC.",24.943,15.499,0,0,0,0,1,0,0,0,0,0,359,PENNY LANE CENTERS,23.697,14.725,0,0,0,0,1,0,0,0,0,1
300,93536,630966.1313518147,7768524289.79312,34.75050751460596,-118.40143577914546,362,"NEW DIRECTIONS ALCOHOL AND DRUG SERVICES, INC.",23.534,14.623,0,0,0,0,24,0,0,0,0,18,376,WESTERN PACIFIC MED-CORP,24.528,15.241,0,0,0,0,2,0,0,0,0,0,373,"TARZANA TREATMENT CENTERS, INC.",23.975,14.897,0,0,0,0,9,0,0,0,0,8,367,"TARZANA TREATMENT CENTERS, INC.",24.08,14.963,0,0,0,0,4,0,0,0,0,4,367,"TARZANA TREATMENT CENTERS, INC.",24.08,14.963,0,0,0,0,6,0,0,0,0,4,362,"NEW DIRECTIONS ALCOHOL AND DRUG SERVICES, INC.",23.534,14.623,0,0,0,0,14,0,0,0,0,14,373,"TARZANA TREATMENT CENTERS, INC.",23.975,14.897,0,0,0,0,12,0,0,0,0,12,373,"TARZANA TREATMENT CENTERS, INC.",23.975,14.897,0,0,0,0,8,0,0,0,0,8,368,"TARZANA TREATMENT CENTERS, INC.",24.08,14.963,0,0,0,0,2,0,0,0,0,2,373,"TARZANA TREATMENT CENTERS, INC.",23.975,14.897,0,0,0,0,8,0,0,0,0,8,365,"TARZANA TREATMENT CENTERS, INC.",24.08,14.963,0,0,0,0,4,0,0,0,0,4
301,93543,317055.08577920333,2031257904.758537,34.46838131521944,-117.96144388503073,355,"TARZANA TREATMENT CENTERS, INC.",18.422,11.447,0,0,0,0,6,0,0,0,0,6,356,AMERICAN HEALTH SERVICES LLC,18.855,11.716,0,0,0,0,4,0,0,0,0,4,355,"TARZANA TREATMENT CENTERS, INC.",18.422,11.447,0,0,0,0,3,0,0,0,0,3,367,"TARZANA TREATMENT CENTERS, INC.",30.077,18.689,0,0,0,0,0,0,0,0,0,0,356,AMERICAN HEALTH SERVICES LLC,18.855,11.716,0,0,0,0,2,0,0,0,0,2,355,"TARZANA TREATMENT CENTERS, INC.",18.422,11.447,0,0,0,0,4,0,0,0,0,4,354,"TARZANA TREATMENT CENTERS, INC.",19.394,12.051,0,0,0,0,2,0,0,0,0,2,355,"TARZANA TREATMENT CENTERS, INC.",18.422,11.447,0,0,0,0,2,0,0,0,0,2,368,"TARZANA TREATMENT CENTERS, INC.",30.077,18.689,0,0,0,0,0,0,0,0,0,0,354,"TARZANA TREATMENT CENTERS, INC.",19.394,12.051,0,0,0,0,1,0,0,0,0,1,359,PENNY LANE CENTERS,27.52,17.1,0,0,0,0,0,0,0,0,0,0
302,93544,353049.1404817307,2659727640.4762397,34.4914766157947,-117.75500023314262,355,"TARZANA TREATMENT CENTERS, INC.",34.001,21.127,0,0,0,0,0,0,0,0,0,0,356,AMERICAN HEALTH SERVICES LLC,34.577,21.486,0,0,0,0,0,0,0,0,0,0,355,"TARZANA TREATMENT CENTERS, INC.",34.001,21.127,0,0,0,0,0,0,0,0,0,0,343,"SOCIAL MODEL RECOVERY SYSTEMS, INC.",42.101,26.16,0,0,0,0,0,0,0,0,0,0,356,AMERICAN HEALTH SERVICES LLC,34.577,21.486,0,0,0,0,0,0,0,0,0,0,355,"TARZANA TREATMENT CENTERS, INC.",34.001,21.127,0,0,0,0,0,0,0,0,0,0,354,"TARZANA TREATMENT CENTERS, INC.",35.227,21.889,0,0,0,0,0,0,0,0,0,0,355,"TARZANA TREATMENT CENTERS, INC.",34.001,21.127,0,0,0,0,0,0,0,0,0,0,343,"SOCIAL MODEL RECOVERY SYSTEMS, INC.",42.101,26.16,0,0,0,0,0,0,0,0,0,0,354,"TARZANA TREATMENT CENTERS, INC.",35.227,21.889,0,0,0,0,0,0,0,0,0,0,359,PENNY LANE CENTERS,39.825,24.747,0,0,0,0,0,0,0,0,0,0
303,93550,496142.27218454465,4497844914.678674,34.427169618686165,-118.08271383318447,355,"TARZANA TREATMENT CENTERS, INC.",17.144,10.653,0,0,0,0,6,0,0,0,0,6,356,AMERICAN HEALTH SERVICES LLC,17.209,10.693,0,0,0,0,4,0,0,0,0,4,355,"TARZANA TREATMENT CENTERS, INC.",17.144,10.653,0,0,0,0,3,0,0,0,0,3,128,LOS ANGELES CENTERS FOR ALCOHOL AND DRUG ABUSE,28.014,17.407,0,0,0,0,0,0,0,0,0,0,356,AMERICAN HEALTH SERVICES LLC,17.209,10.693,0,0,0,0,2,0,0,0,0,2,355,"TARZANA TREATMENT CENTERS, INC.",17.144,10.653,0,0,0,0,4,0,0,0,0,4,354,"TARZANA TREATMENT CENTERS, INC.",17.392,10.807,0,0,0,0,2,0,0,0,0,2,355,"TARZANA TREATMENT CENTERS, INC.",17.144,10.653,0,0,0,0,2,0,0,0,0,2,128,LOS ANGELES CENTERS FOR ALCOHOL AND DRUG ABUSE,28.014,17.407,0,0,0,0,0,0,0,0,0,0,354,"TARZANA TREATMENT CENTERS, INC.",17.392,10.807,0,0,0,0,1,0,0,0,0,1,359,PENNY LANE CENTERS,27.724,17.227,0,0,0,0,0,0,0,0,0,0
304,93551,335153.49758270034,2243155701.1116366,34.59768400473997,-118.22894276947919,354,"TARZANA TREATMENT CENTERS, INC.",9.781,6.077,0,0,2,32,32,0,0,0,32,32,354,"TARZANA TREATMENT CENTERS, INC.",9.781,6.077,0,0,2,6,6,0,0,0,6,6,354,"TARZANA TREATMENT CENTERS, INC.",9.781,6.077,0,0,1,12,12,0,0,0,12,12,367,"TARZANA TREATMENT CENTERS, INC.",12.737,7.915,0,0,0,4,4,0,0,0,4,4,356,AMERICAN HEALTH SERVICES LLC,10.439,6.487,0,0,0,8,8,0,0,0,8,8,354,"TARZANA TREATMENT CENTERS, INC.",9.781,6.077,0,0,2,20,20,0,0,0,20,20,354,"TARZANA TREATMENT CENTERS, INC.",9.781,6.077,0,0,2,14,14,0,0,0,14,14,354,"TARZANA TREATMENT CENTERS, INC.",9.781,6.077,0,0,1,11,11,0,0,0,11,11,368,"TARZANA TREATMENT CENTERS, INC.",12.737,7.915,0,0,0,2,2,0,0,0,2,2,354,"TARZANA TREATMENT CENTERS, INC.",9.781,6.077,0,0,1,9,9,0,0,0,9,9,359,PENNY LANE CENTERS,12.391,7.7,0,0,0,5,5,0,0,0,5,5
305,93552,283082.9408143084,1905736606.6398747,34.54878136740483,-118.02276136398376,355,"TARZANA TREATMENT CENTERS, INC.",8.73,5.425,0,0,6,6,32,0,0,0,6,32,356,AMERICAN HEALTH SERVICES LLC,9.282,5.768,0,0,4,4,6,0,0,0,4,6,355,"TARZANA TREATMENT CENTERS, INC.",8.73,5.425,0,0,3,3,12,0,0,0,3,12,367,"TARZANA TREATMENT CENTERS, INC.",19.533,12.137,0,0,0,0,4,0,0,0,0,4,356,AMERICAN HEALTH SERVICES LLC,9.282,5.768,0,0,2,2,8,0,0,0,2,8,355,"TARZANA TREATMENT CENTERS, INC.",8.73,5.425,0,0,4,4,20,0,0,0,4,20,354,"TARZANA TREATMENT CENTERS, INC.",9.919,6.163,0,0,2,2,14,0,0,0,2,14,355,"TARZANA TREATMENT CENTERS, INC.",8.73,5.425,0,0,2,2,11,0,0,0,2,11,368,"TARZANA TREATMENT CENTERS, INC.",19.533,12.137,0,0,0,0,2,0,0,0,0,2,354,"TARZANA TREATMENT CENTERS, INC.",9.919,6.163,0,0,1,1,9,0,0,0,1,9,359,PENNY LANE CENTERS,16.97,10.545,0,0,0,0,5,0,0,0,0,5
306,93553,304651.75984994654,1590361973.247238,34.40813945990811,-117.89655366799958,355,"TARZANA TREATMENT CENTERS, INC.",27.347,16.993,0,0,0,0,0,0,0,0,0,0,356,AMERICAN HEALTH SERVICES LLC,27.764,17.252,0,0,0,0,0,0,0,0,0,0,355,"TARZANA TREATMENT CENTERS, INC.",27.347,16.993,0,0,0,0,0,0,0,0,0,0,343,"SOCIAL MODEL RECOVERY SYSTEMS, INC.",30.508,18.957,0,0,0,0,0,0,0,0,0,0,356,AMERICAN HEALTH SERVICES LLC,27.764,17.252,0,0,0,0,0,0,0,0,0,0,355,"TARZANA TREATMENT CENTERS, INC.",27.347,16.993,0,0,0,0,0,0,0,0,0,0,354,"TARZANA TREATMENT CENTERS, INC.",28.284,17.575,0,0,0,0,0,0,0,0,0,0,355,"TARZANA TREATMENT CENTERS, INC.",27.347,16.993,0,0,0,0,0,0,0,0,0,0,343,"SOCIAL MODEL RECOVERY SYSTEMS, INC.",30.508,18.957,0,0,0,0,0,0,0,0,0,0,354,"TARZANA TREATMENT CENTERS, INC.",28.284,17.575,0,0,0,0,0,0,0,0,0,0,196,"EGGLESTON YOUTH CENTERS, INC., D. B. A. EGGLESTON SUBSTANCE ABUSE AND EDUCATION PROGRAM",33.664,20.918,0,0,0,0,0,0,0,0,0,0
307,93563,288369.0529102124,2074198599.9389539,34.37706144330899,-117.81030299339506,343,"SOCIAL MODEL RECOVERY SYSTEMS, INC.",28.424,17.662,0,0,0,0,0,0,0,0,0,0,320,TAVARUA MEDICAL REHABILITATION SERVICES D.B.A. AZUSA MEDICAL AND MENTAL HEALTH SERVICES,30.025,18.657,0,0,0,0,0,0,0,0,0,0,343,"SOCIAL MODEL RECOVERY SYSTEMS, INC.",28.424,17.662,0,0,0,0,0,0,0,0,0,0,343,"SOCIAL MODEL RECOVERY SYSTEMS, INC.",28.424,17.662,0,0,0,0,0,0,0,0,0,0,343,"SOCIAL MODEL RECOVERY SYSTEMS, INC.",28.424,17.662,0,0,0,0,0,0,0,0,0,0,196,"EGGLESTON YOUTH CENTERS, INC., D. B. A. EGGLESTON SUBSTANCE ABUSE AND EDUCATION PROGRAM",32.118,19.957,0,0,0,0,0,0,0,0,0,0,315,"SOCIAL MODEL RECOVERY SYSTEMS, INC.",32.421,20.146,0,0,0,0,0,0,0,0,0,0,343,"SOCIAL MODEL RECOVERY SYSTEMS, INC.",28.424,17.662,0,0,0,0,0,0,0,0,0,0,343,"SOCIAL MODEL RECOVERY SYSTEMS, INC.",28.424,17.662,0,0,0,0,0,0,0,0,0,0,343,"SOCIAL MODEL RECOVERY SYSTEMS, INC.",28.424,17.662,0,0,0,0,0,0,0,0,0,0,326,"NATIONAL COUNCIL ON ALCOHOLISM AND DRUG DEPENDENCE OF EAST SAN GABRIEL AND POMONA VALLEYS, INC.",30.795,19.135,0,0,0,0,0,0,0,0,0,0
308,93591,426758.8416478447,2604197956.9659543,34.59313564754555,-117.80796650999622,355,"TARZANA TREATMENT CENTERS, INC.",27.728,17.23,0,0,0,0,0,0,0,0,0,0,356,AMERICAN HEALTH SERVICES LLC,28.342,17.611,0,0,0,0,0,0,0,0,0,0,355,"TARZANA TREATMENT CENTERS, INC.",27.728,17.23,0,0,0,0,0,0,0,0,0,0,367,"TARZANA TREATMENT CENTERS, INC.",32.965,20.483,0,0,0,0,0,0,0,0,0,0,356,AMERICAN HEALTH SERVICES LLC,28.342,17.611,0,0,0,0,0,0,0,0,0,0,355,"TARZANA TREATMENT CENTERS, INC.",27.728,17.23,0,0,0,0,0,0,0,0,0,0,354,"TARZANA TREATMENT CENTERS, INC.",29.0,18.02,0,0,0,0,0,0,0,0,0,0,355,"TARZANA TREATMENT CENTERS, INC.",27.728,17.23,0,0,0,0,0,0,0,0,0,0,368,"TARZANA TREATMENT CENTERS, INC.",32.965,20.483,0,0,0,0,0,0,0,0,0,0,354,"TARZANA TREATMENT CENTERS, INC.",29.0,18.02,0,0,0,0,0,0,0,0,0,0,359,PENNY LANE CENTERS,30.759,19.113,0,0,0,0,0,0,0,0,0,0
309,90704,672527.5212724218,3661301104.0084677,33.17500984155375,-118.4555817704215,163,"FRED BROWN'S RECOVERY SERVICES, INC.",63.923,39.72,0,0,0,0,0,0,0,0,0,0,223,"TRANSCULTURAL HEALTH DEVELOPMENT, INC.",68.714,42.697,0,0,0,0,0,0,0,0,0,0,223,"TRANSCULTURAL HEALTH DEVELOPMENT, INC.",68.714,42.697,0,0,0,0,0,0,0,0,0,0,163,"FRED BROWN'S RECOVERY SERVICES, INC.",63.923,39.72,0,0,0,0,0,0,0,0,0,0,163,"FRED BROWN'S RECOVERY SERVICES, INC.",63.923,39.72,0,0,0,0,0,0,0,0,0,0,270,BEACON HOUSE ASSOCIATION OF SAN PEDRO (THE),64.253,39.926,0,0,0,0,0,0,0,0,0,0,208,"BEHAVIORAL HEALTH SERVICES, INC.",72.415,44.997,0,0,0,0,0,0,0,0,0,0,296,"FRED BROWN'S RECOVERY SERVICES, INC.",63.923,39.72,0,0,0,0,0,0,0,0,0,0,177,"FRED BROWN'S RECOVERY SERVICES, INC.",63.923,39.72,0,0,0,0,0,0,0,0,0,0,163,"FRED BROWN'S RECOVERY SERVICES, INC.",63.923,39.72,0,0,0,0,0,0,0,0,0,0,266,"BEHAVIORAL HEALTH SERVICES, INC.",64.358,39.991,0,0,0,0,0,0,0,0,0,0
310,90802,3122.780185063203,485596.910410273,33.75939505457852,-118.18153145687879,200,AMERICAN INDIAN CHANGING SPIRITS,1.418,0.881,0,64,136,162,304,20,64,70,172,300,223,"TRANSCULTURAL HEALTH DEVELOPMENT, INC.",7.506,4.664,0,0,4,10,20,0,0,4,10,20,208,"BEHAVIORAL HEALTH SERVICES, INC.",3.605,2.24,0,2,5,10,24,0,2,5,11,24,200,AMERICAN INDIAN CHANGING SPIRITS,1.418,0.881,0,50,110,112,192,14,50,50,114,192,200,AMERICAN INDIAN CHANGING SPIRITS,1.418,0.881,0,48,112,118,212,14,48,52,122,212,207,"BEHAVIORAL HEALTH SERVICES, INC.",1.418,0.881,0,12,20,32,66,4,12,14,34,64,208,"BEHAVIORAL HEALTH SERVICES, INC.",3.605,2.24,0,4,4,8,18,0,4,4,8,18,200,AMERICAN INDIAN CHANGING SPIRITS,1.418,0.881,0,5,8,11,30,2,5,6,13,30,200,AMERICAN INDIAN CHANGING SPIRITS,1.418,0.881,0,40,74,74,122,12,40,40,74,122,200,AMERICAN INDIAN CHANGING SPIRITS,1.418,0.881,0,33,63,67,119,11,33,33,70,119,221,"HELPLINE YOUTH COUNSELING, INC.",1.418,0.881,0,1,4,6,24,1,1,1,7,23
311,90803,3263.754249259444,569833.5078467113,33.75277648087787,-118.15952066227109,239,SAFE REFUGE,2.548,1.583,0,58,68,160,296,0,58,64,162,294,223,"TRANSCULTURAL HEALTH DEVELOPMENT, INC.",9.646,5.994,0,0,2,10,20,0,0,0,10,20,208,"BEHAVIORAL HEALTH SERVICES, INC.",5.31,3.299,0,0,4,10,24,0,0,2,10,24,239,SAFE REFUGE,2.548,1.583,0,46,50,112,190,0,46,50,114,190,249,SAFE REFUGE,2.548,1.583,0,44,50,118,210,0,44,48,120,210,239,SAFE REFUGE,2.548,1.583,0,10,14,32,62,0,10,12,32,60,208,"BEHAVIORAL HEALTH SERVICES, INC.",5.31,3.299,0,0,4,8,16,0,0,4,8,16,200,AMERICAN INDIAN CHANGING SPIRITS,3.472,2.158,0,2,6,11,28,0,2,5,11,28,239,SAFE REFUGE,2.548,1.583,0,36,40,74,120,0,36,40,74,120,239,SAFE REFUGE,2.548,1.583,0,28,33,67,116,0,28,33,69,116,221,"HELPLINE YOUTH COUNSELING, INC.",3.472,2.158,0,1,1,6,22,0,1,1,6,21
312,90803,3729.233159448693,655606.0766537843,33.74148927303774,-118.16249337349626,239,SAFE REFUGE,3.831,2.38,0,58,66,158,294,0,58,64,158,278,223,"TRANSCULTURAL HEALTH DEVELOPMENT, INC.",9.733,6.048,0,0,2,10,20,0,0,0,10,16,208,"BEHAVIORAL HEALTH SERVICES, INC.",6.179,3.839,0,0,3,10,24,0,0,2,10,21,239,SAFE REFUGE,3.831,2.38,0,46,50,110,190,0,46,50,110,186,249,SAFE REFUGE,3.831,2.381,0,44,50,116,210,0,44,48,116,202,239,SAFE REFUGE,3.831,2.38,0,10,12,32,60,0,10,12,32,56,208,"BEHAVIORAL HEALTH SERVICES, INC.",6.179,3.839,0,0,4,6,16,0,0,4,6,16,200,AMERICAN INDIAN CHANGING SPIRITS,4.076,2.533,0,2,6,11,28,0,2,5,11,24,239,SAFE REFUGE,3.831,2.38,0,36,40,74,120,0,36,40,74,120,239,SAFE REFUGE,3.831,2.38,0,28,33,65,116,0,28,33,65,110,221,"HELPLINE YOUTH COUNSELING, INC.",4.076,2.533,0,1,1,6,21,0,1,1,6,17
313,90803,3207.853050631956,529034.7394256709,33.73983858138238,-118.13908730991453,250,SAFE REFUGE,4.229,2.628,0,34,64,158,284,0,34,60,160,280,223,"TRANSCULTURAL HEALTH DEVELOPMENT, INC.",11.843,7.359,0,0,0,10,16,0,0,0,10,16,208,"BEHAVIORAL HEALTH SERVICES, INC.",7.644,4.75,0,0,2,10,22,0,0,1,10,21,249,SAFE REFUGE,4.23,2.628,0,30,50,110,188,0,30,48,112,186,249,SAFE REFUGE,4.23,2.628,0,28,48,116,204,0,28,46,118,202,250,SAFE REFUGE,4.229,2.628,0,6,12,32,60,0,6,10,32,58,208,"BEHAVIORAL HEALTH SERVICES, INC.",7.644,4.75,0,0,4,6,16,0,0,2,8,16,200,AMERICAN INDIAN CHANGING SPIRITS,5.839,3.629,0,0,5,11,27,0,0,3,11,25,249,SAFE REFUGE,4.23,2.628,0,24,40,74,120,0,24,38,74,118,250,SAFE REFUGE,4.229,2.628,0,15,33,65,114,0,15,30,67,112,221,"HELPLINE YOUTH COUNSELING, INC.",5.839,3.629,0,0,1,6,21,0,0,1,6,20
314,91321,227772.1004757293,756479348.9406911,34.36380305904992,-118.51041365137641,334,"SAFETY CONSULTANT SERVICES, INC.",2.483,1.543,0,2,8,16,70,0,2,8,24,68,332,"ALT RECOVERY GROUP 2, LLC",13.911,8.644,0,0,0,2,16,0,0,0,2,16,332,"ALT RECOVERY GROUP 2, LLC",13.911,8.644,0,0,0,1,14,0,0,0,2,14,257,SAN FERNANDO RECOVERY CENTER,11.323,7.036,0,0,0,2,10,0,0,0,2,8,339,NATIONAL COUNCIL ON ALCOHOLISM AND DRUG DEPENDENCE OF THE SAN FERNANDO VALLEY,5.014,3.116,0,0,2,6,28,0,0,2,6,26,335,CHILD & FAMILY CENTER,5.548,3.447,0,0,4,4,30,0,0,4,12,30,331,"RANCHO SAN ANTONIO BOYS HOME, INC.",15.342,9.533,0,0,0,0,18,0,0,0,4,16,339,NATIONAL COUNCIL ON ALCOHOLISM AND DRUG DEPENDENCE OF THE SAN FERNANDO VALLEY,5.014,3.116,0,0,3,3,17,0,0,3,6,17,257,SAN FERNANDO RECOVERY CENTER,11.323,7.036,0,0,0,2,8,0,0,0,2,6,341,"ACTION FAMILY COUNSELING-SCV, INC.",6.744,4.191,0,0,1,2,15,0,0,1,5,13,335,CHILD & FAMILY CENTER,5.548,3.447,0,0,2,2,7,0,0,2,4,7
315,90013,27153.272523699306,18667346.7699582,34.04460412612803,-118.24082021572315,1,LOS ANGELES CENTERS FOR ALCOHOL AND DRUG ABUSE,0.185,0.115,32,120,156,328,474,48,120,144,342,456,11,"ADDICTION RESEARCH AND TREATMENT, INC.",3.441,2.138,0,4,6,22,42,0,4,4,24,38,1,LOS ANGELES CENTERS FOR ALCOHOL AND DRUG ABUSE,0.185,0.115,2,10,16,32,60,2,10,15,33,55,2,LOS ANGELES CENTERS FOR ALCOHOL AND DRUG ABUSE,0.231,0.143,26,90,106,212,258,40,90,104,214,256,2,LOS ANGELES CENTERS FOR ALCOHOL AND DRUG ABUSE,0.231,0.143,28,98,120,248,324,42,98,116,254,316,1,LOS ANGELES CENTERS FOR ALCOHOL AND DRUG ABUSE,0.185,0.115,4,16,28,56,98,6,16,20,62,94,21,"CRI-HELP, INC.",2.995,1.861,0,6,12,20,44,0,6,10,22,42,1,LOS ANGELES CENTERS FOR ALCOHOL AND DRUG ABUSE,0.185,0.115,2,7,18,32,57,2,7,13,33,54,3,LOS ANGELES CENTERS FOR ALCOHOL AND DRUG ABUSE,0.231,0.143,20,64,74,150,182,34,64,72,152,182,1,LOS ANGELES CENTERS FOR ALCOHOL AND DRUG ABUSE,0.185,0.115,20,61,80,134,165,28,61,74,134,162,181,LOS ANGELES CENTERS FOR ALCOHOL AND DRUG ABUSE,0.231,0.143,2,5,11,19,36,2,5,7,21,35
316,90090,7248.507955514754,684133.0645282386,34.07353871872319,-118.24062849142217,43,"PRINCIPLES, INC.",2.216,1.377,0,100,158,240,462,0,98,140,254,446,11,"ADDICTION RESEARCH AND TREATMENT, INC.",3.14,1.951,0,4,8,18,44,0,4,6,20,38,21,"CRI-HELP, INC.",2.804,1.742,0,10,18,29,58,0,9,16,32,53,50,"SPECIAL SERVICE FOR GROUPS, INC.",2.216,1.377,0,74,110,142,256,0,72,100,146,254,50,"SPECIAL SERVICE FOR GROUPS, INC.",2.216,1.377,0,82,128,172,326,0,80,116,180,318,43,"PRINCIPLES, INC.",2.216,1.377,0,14,22,46,88,0,14,18,50,84,21,"CRI-HELP, INC.",2.804,1.742,0,4,14,20,42,0,2,12,20,42,21,"CRI-HELP, INC.",2.804,1.742,0,6,18,28,55,0,6,13,31,51,50,"SPECIAL SERVICE FOR GROUPS, INC.",2.216,1.377,0,54,76,106,180,0,52,72,110,180,50,"SPECIAL SERVICE FOR GROUPS, INC.",2.216,1.377,0,51,81,98,162,0,49,69,101,158,31,"BEHAVIORAL HEALTH SERVICES, INC.",2.804,1.742,0,5,8,14,32,0,5,7,15,29
317,91709,13364.561098783834,3787999.5465445905,34.0227971890596,-117.75623026672665,336,"BEHAVIORAL HEALTH SERVICES, INC.",3.647,2.266,0,12,14,28,52,0,12,14,36,48,347,"AEGIS TREATMENT CENTERS, LLC",5.067,3.149,0,0,2,2,10,0,0,2,6,10,338,"BEHAVIORAL HEALTH SERVICES, INC.",3.647,2.266,0,3,4,7,15,0,3,4,10,13,336,"BEHAVIORAL HEALTH SERVICES, INC.",3.647,2.266,0,6,6,8,18,0,6,6,12,14,336,"BEHAVIORAL HEALTH SERVICES, INC.",3.647,2.266,0,8,10,16,34,0,8,10,24,30,337,"BEHAVIORAL HEALTH SERVICES, INC.",3.647,2.266,0,4,4,8,10,0,4,4,8,10,336,"BEHAVIORAL HEALTH SERVICES, INC.",3.647,2.266,0,6,6,8,16,0,6,6,12,12,336,"BEHAVIORAL HEALTH SERVICES, INC.",3.647,2.266,0,4,4,8,12,0,4,4,9,12,336,"BEHAVIORAL HEALTH SERVICES, INC.",3.647,2.266,0,4,4,6,12,0,4,4,6,8,336,"BEHAVIORAL HEALTH SERVICES, INC.",3.647,2.266,0,7,7,10,16,0,7,7,14,16,345,"NATIONAL COUNCIL ON ALCOHOLISM AND DRUG DEPENDENCE OF EAST SAN GABRIEL AND POMONA VALLEYS, INC.",4.584,2.848,0,1,1,3,4,0,1,1,3,4
318,91748,105409.0041945982,405594866.5428588,33.97612742588053,-117.89714021379552,262,TWIN PALMS RECOVERY CENTER,4.205,2.613,0,2,6,40,120,0,2,6,54,110,252,"ADDICTION RESEARCH AND TREATMENT, INC.",7.743,4.811,0,0,4,8,26,0,0,4,10,24,252,"ADDICTION RESEARCH AND TREATMENT, INC.",7.743,4.811,0,0,2,9,25,0,0,2,13,24,182,LOS ANGELES CENTERS FOR ALCOHOL AND DRUG ABUSE,13.294,8.26,0,0,0,10,30,0,0,0,16,28,252,"ADDICTION RESEARCH AND TREATMENT, INC.",7.743,4.811,0,0,4,24,66,0,0,4,34,62,319,CENTER FOR INTEGRATED FAMILY AND HEALTH SERVICES,12.439,7.729,0,0,0,6,32,0,0,0,10,26,315,"SOCIAL MODEL RECOVERY SYSTEMS, INC.",13.32,8.277,0,0,0,8,22,0,0,0,14,20,253,"BAART BEHAVIORAL HEALTH SERVICES, INC.",7.743,4.811,0,0,1,8,24,0,0,1,13,20,168,"SOCIAL MODEL RECOVERY SYSTEMS, INC.",14.955,9.293,0,0,0,4,14,0,0,0,8,12,192,"HELPLINE YOUTH COUNSELING, INC.",13.286,8.256,0,0,0,7,33,0,0,0,14,29,319,CENTER FOR INTEGRATED FAMILY AND HEALTH SERVICES,12.439,7.729,0,0,0,7,18,0,0,0,8,15
319,91765,135366.72486416297,523003124.3196605,33.98746958932341,-117.81493184488833,336,"BEHAVIORAL HEALTH SERVICES, INC.",9.536,5.925,0,0,12,36,78,0,0,0,40,78,347,"AEGIS TREATMENT CENTERS, LLC",10.693,6.645,0,0,0,8,14,0,0,0,10,14,338,"BEHAVIORAL HEALTH SERVICES, INC.",9.536,5.925,0,0,3,9,19,0,0,0,10,19,336,"BEHAVIORAL HEALTH SERVICES, INC.",9.536,5.925,0,0,6,10,22,0,0,0,10,22,336,"BEHAVIORAL HEALTH SERVICES, INC.",9.536,5.925,0,0,6,24,46,0,0,0,26,46,337,"BEHAVIORAL HEALTH SERVICES, INC.",9.536,5.925,0,0,4,6,18,0,0,0,6,18,336,"BEHAVIORAL HEALTH SERVICES, INC.",9.536,5.925,0,0,6,10,16,0,0,0,10,16,336,"BEHAVIORAL HEALTH SERVICES, INC.",9.536,5.925,0,0,4,8,19,0,0,0,8,19,336,"BEHAVIORAL HEALTH SERVICES, INC.",9.536,5.925,0,0,4,4,12,0,0,0,4,12,336,"BEHAVIORAL HEALTH SERVICES, INC.",9.536,5.925,0,0,7,11,23,0,0,0,11,23,345,"NATIONAL COUNCIL ON ALCOHOLISM AND DRUG DEPENDENCE OF EAST SAN GABRIEL AND POMONA VALLEYS, INC.",10.164,6.316,0,0,0,3,12,0,0,0,3,12
320,91766,74134.46605543316,271002027.26511675,34.04158794494482,-117.75890020881013,336,"BEHAVIORAL HEALTH SERVICES, INC.",1.669,1.037,0,14,16,38,52,0,14,14,38,52,347,"AEGIS TREATMENT CENTERS, LLC",3.031,1.883,0,2,2,6,10,0,2,2,6,10,338,"BEHAVIORAL HEALTH SERVICES, INC.",1.669,1.037,0,4,4,10,15,0,4,4,10,15,336,"BEHAVIORAL HEALTH SERVICES, INC.",1.669,1.037,0,6,6,12,18,0,6,6,12,18,336,"BEHAVIORAL HEALTH SERVICES, INC.",1.669,1.037,0,10,10,24,34,0,10,10,24,34,337,"BEHAVIORAL HEALTH SERVICES, INC.",1.669,1.037,0,4,4,8,10,0,4,4,8,10,336,"BEHAVIORAL HEALTH SERVICES, INC.",1.669,1.037,0,6,6,12,16,0,6,6,12,16,336,"BEHAVIORAL HEALTH SERVICES, INC.",1.669,1.037,0,4,4,9,12,0,4,4,9,12,336,"BEHAVIORAL HEALTH SERVICES, INC.",1.669,1.037,0,4,4,6,12,0,4,4,6,12,336,"BEHAVIORAL HEALTH SERVICES, INC.",1.669,1.037,0,7,7,14,16,0,7,7,14,16,345,"NATIONAL COUNCIL ON ALCOHOLISM AND DRUG DEPENDENCE OF EAST SAN GABRIEL AND POMONA VALLEYS, INC.",2.523,1.568,0,1,1,3,4,0,1,1,3,4
