OBJECTID,CT20,LABEL,ShapeSTArea,ShapeSTLength,centroid_lat,centroid_lon,nearest_facility_id,nearest_facility_name,nearest_facility_distance_km,nearest_facility_distance_miles,count_within_1km,count_within_5km,count_within_10km,count_within_15km,count_within_25km,count_within_1mi,count_within_3mi,count_within_5mi,count_within_10mi,count_within_15mi
4992,101110,1011.10,12295621.353339376,15083.854287367758,34.25947853591936,-118.29299910773922,782,"CALIFORNIA WELLNESS RETREAT, INC.",2.107,1.309,0,3,24,81,343,0,2,16,101,310
4993,101122,1011.22,28457743.575427715,31671.455843553864,34.26772617143315,-118.29015868135495,782,"CALIFORNIA WELLNESS RETREAT, INC.",1.895,1.178,0,2,22,75,318,0,2,10,85,294
4994,101220,1012.20,7522092.633087869,12698.783810231038,34.2516131395811,-118.28164497009206,729,RISE WELLNESS CENTER III,1.537,0.955,0,3,25,82,328,1,3,15,104,305
4995,101221,1012.21,3811999.6702340813,9161.710543244892,34.25433386989916,-118.29258890417314,782,"CALIFORNIA WELLNESS RETREAT, INC.",2.548,1.584,0,3,26,88,347,0,3,18,109,318
4996,101222,1012.22,3191370.8544584266,9980.600461083694,34.25135679129439,-118.28853834468164,729,RISE WELLNESS CENTER III,2.124,1.32,0,3,25,89,345,0,3,16,107,314
4997,101300,1013.00,27773766.076139838,29384.86060157467,34.24878260613529,-118.27101118325328,729,RISE WELLNESS CENTER III,0.528,0.328,1,3,24,80,316,1,3,11,99,294
4998,101400,1014.00,67915323.05888298,42668.928985777464,34.24285698502715,-118.29417342516513,729,RISE WELLNESS CENTER III,2.581,1.604,0,3,36,100,362,0,3,21,134,342
4999,102103,1021.03,12770232.65694983,16349.935001961798,34.225084103655185,-118.35420017182696,540,"S V RECOVERY, INC.",0.832,0.517,1,22,87,179,452,2,22,58,209,431
5000,102104,1021.04,17851202.53053955,27555.466359485115,34.21619219522854,-118.34541028940349,912,REFORM RECOVERY CENTER INC. ,1.394,0.866,0,28,85,173,455,2,22,60,200,436
5001,102105,1021.05,5303654.196848134,9962.251126453337,34.209880817279114,-118.34927747083388,912,REFORM RECOVERY CENTER INC. ,0.669,0.416,1,29,97,184,462,4,28,60,211,448
5002,102107,1021.07,139083341.10495937,63679.43426946343,34.240478174871534,-118.33802050333547,691,REGGIE'S RECOVERY ,1.061,0.659,0,15,62,143,424,1,14,42,165,401
5003,103101,1031.01,21846686.86044897,25422.127636915837,34.27324561906331,-118.30789961619375,782,"CALIFORNIA WELLNESS RETREAT, INC.",0.237,0.147,1,4,22,82,340,1,3,13,96,313
5004,103102,1031.02,13357089.84417399,16530.394260844285,34.26338921375632,-118.30740047633623,782,"CALIFORNIA WELLNESS RETREAT, INC.",1.001,0.622,0,5,31,88,359,1,5,17,115,334
5005,103201,1032.01,21039344.777620792,18231.16937560696,34.265649517994774,-118.32363889040043,782,"CALIFORNIA WELLNESS RETREAT, INC.",1.438,0.894,0,7,33,109,381,1,6,20,122,343
5006,103202,1032.02,50999127.734168455,45719.36855244339,34.27494055120328,-118.3435117791042,680,CATALAYA RECOVERY,1.11,0.69,0,10,39,112,375,1,9,20,137,347
5007,103300,1033.00,66105765.827515356,37338.68631657402,34.257383503421316,-118.35549072188324,627,ANANDA TREATMENT,0.411,0.255,1,11,62,150,408,3,10,33,168,386
5008,103401,1034.01,15085817.311547711,20468.599514876587,34.253973640273344,-118.3183969299367,782,"CALIFORNIA WELLNESS RETREAT, INC.",2.157,1.34,0,8,42,114,386,0,7,23,132,358
5009,103402,1034.02,11829767.980315603,14650.197628715025,34.25594541798619,-118.30836046993647,782,"CALIFORNIA WELLNESS RETREAT, INC.",1.805,1.122,0,5,36,99,365,0,4,19,125,345
5010,104103,1041.03,10215165.991945658,13241.192064088014,34.28210415936999,-118.39258860669398,339,PHOENIX HOUSE OUTPATIENT CENTER,0.886,0.55,1,12,52,153,366,2,12,31,175,355
5011,104105,1041.05,6292902.130144351,11640.19023094931,34.27615287994012,-118.40469814856891,640,SCA RECOVERY CENTER LLC,0.402,0.25,1,11,62,178,381,1,11,39,202,362
5012,104108,1041.08,11803024.887549728,18965.773270421323,34.27315461375715,-118.39858213773711,640,SCA RECOVERY CENTER LLC,1.037,0.644,0,11,65,173,389,1,11,39,199,366
5013,104124,1041.24,48221678.20697704,39589.7121911457,34.2872877581451,-118.37484375494064,339,PHOENIX HOUSE OUTPATIENT CENTER,1.022,0.635,0,9,41,134,360,1,8,18,148,342
5014,104201,1042.01,11732587.448173553,14811.353616133018,34.28650537580619,-118.41611203274763,203,SAN FERNANDO RECOVERY CENTER,1.102,0.685,0,6,61,168,364,2,6,33,193,353
5015,104203,1042.03,7620036.268527892,11052.528498280986,34.27906277037776,-118.41156641378606,640,SCA RECOVERY CENTER LLC,0.389,0.242,1,10,67,178,374,1,9,42,204,361
5016,104204,1042.04,28675847.315137956,30208.005178380296,34.28935433411511,-118.39545294654933,339,PHOENIX HOUSE OUTPATIENT CENTER,1.467,0.911,0,10,47,141,361,2,10,25,168,346
5017,104310,1043.10,16237239.888237996,19099.518165801783,34.27637794178013,-118.42929377216254,203,SAN FERNANDO RECOVERY CENTER,1.263,0.785,0,10,83,202,377,1,10,52,231,363
5018,104321,1043.21,5595200.693854222,10641.69844696781,34.27166303101677,-118.41809612509742,640,SCA RECOVERY CENTER LLC,1.285,0.798,0,13,85,194,385,1,10,46,227,369
5019,104322,1043.22,7451302.5366430655,14607.562846115556,34.27424421561647,-118.42188735046524,640,SCA RECOVERY CENTER LLC,1.44,0.895,0,12,80,193,381,2,11,46,229,366
5020,104401,1044.01,7330831.845296077,12432.05345151911,34.2670436676264,-118.43273398177281,203,SAN FERNANDO RECOVERY CENTER,2.336,1.452,0,11,101,220,386,0,10,58,254,375
5021,104403,1044.03,7459610.768986814,16071.533404970167,34.258799460182495,-118.4345054373555,760,SUN AND MOON REHABILITATION,1.906,1.184,0,15,110,238,406,0,14,73,261,386
5022,104404,1044.04,5807918.47478888,10935.709464709578,34.26392551933208,-118.4287038069914,640,SCA RECOVERY CENTER LLC,2.585,1.606,0,14,104,220,399,0,12,60,252,382
5023,104500,1045.00,5715190.493765263,11300.665193115226,34.255515713200026,-118.42576010647267,760,SUN AND MOON REHABILITATION,2.202,1.368,0,20,113,237,415,0,17,61,253,400
5024,104610,1046.10,6373155.815260041,11599.538067893576,34.260440385443246,-118.41900493882827,640,SCA RECOVERY CENTER LLC,2.33,1.448,0,19,102,217,410,0,16,57,243,389
5025,104620,1046.20,5716992.303002924,11300.43661273783,34.25790919934389,-118.42247688395712,760,SUN AND MOON REHABILITATION,2.602,1.617,0,19,108,224,413,0,17,59,247,393
5026,104701,1047.01,5925044.8694201745,11097.877343997372,34.26847935225775,-118.41522619147973,640,SCA RECOVERY CENTER LLC,1.38,0.858,0,13,91,198,395,1,11,49,227,375
5027,104703,1047.03,12573746.219412839,15301.049664019276,34.25522986185417,-118.40060063017798,655,TRANQUILITY RECOVERY CENTER,2.078,1.291,0,22,89,201,421,0,19,54,222,405
5028,104704,1047.04,17900181.912392087,16925.988722807193,34.26253539354287,-118.4088743611491,640,SCA RECOVERY CENTER LLC,1.841,1.144,0,15,89,201,407,0,11,49,224,391
5029,104821,1048.21,5723796.180689906,11302.24103665927,34.24657535273808,-118.41630768009752,760,SUN AND MOON REHABILITATION,2.691,1.672,0,27,118,227,431,0,26,69,255,413
5030,104822,1048.22,6504668.796487946,13769.433283916642,34.24587518924362,-118.42095687883878,760,SUN AND MOON REHABILITATION,2.258,1.403,0,29,124,238,431,0,26,70,259,415
5031,104823,1048.23,5718767.150614671,11300.803639721833,34.248970046760135,-118.41302139510255,760,SUN AND MOON REHABILITATION,3.026,1.881,0,25,118,222,428,0,25,66,245,413
5032,104824,1048.24,6371995.352077764,11599.983838265987,34.25150197374895,-118.4095489251252,655,TRANQUILITY RECOVERY CENTER,2.904,1.804,0,24,107,216,424,0,24,61,239,407
5033,106010,1060.10,27098616.76612809,23979.49373879733,34.325346331218746,-118.44341559002251,948,RISE AND RENEW INC,1.57,0.976,0,7,30,115,322,1,7,19,143,311
5034,106020,1060.20,21718323.772582337,23226.02919903939,34.321282102997415,-118.4283919942709,759,PATHWAY TO PEACE TREATMENT CENTER,0.866,0.538,1,7,32,112,328,1,7,16,143,316
5035,106111,1061.11,29992030.231507067,28008.80001576516,34.318911300722405,-118.40990964662917,759,PATHWAY TO PEACE TREATMENT CENTER,1.832,1.138,0,7,27,106,327,0,6,13,134,314
5036,106112,1061.12,34747532.189712614,49778.508986791545,34.305546789051185,-118.41240633783245,759,PATHWAY TO PEACE TREATMENT CENTER,1.742,1.082,0,7,41,133,343,0,7,21,158,329
5037,106113,1061.13,15535764.40878641,19829.407025291363,34.30615946485293,-118.42221927996347,759,PATHWAY TO PEACE TREATMENT CENTER,1.013,0.629,0,9,42,138,344,2,8,21,162,330
5038,106114,1061.14,10918013.307688257,17233.45519135153,34.3027312237243,-118.42700169346101,764,NEW BEGINNINGS DETOX & RECOVERY,0.992,0.616,1,9,43,147,347,3,9,25,177,334
5039,106403,1064.03,11899848.719861014,14300.566400215816,34.3060234625063,-118.44128638859026,764,NEW BEGINNINGS DETOX & RECOVERY,0.554,0.344,1,10,43,150,343,3,9,24,171,333
5040,106405,1064.05,12611159.795039251,14491.75196985276,34.31469106150548,-118.44829792490525,948,RISE AND RENEW INC,1.11,0.69,0,10,37,140,333,1,8,24,164,322
5041,106406,1064.06,21673389.523864087,21131.507999525435,34.322245643820786,-118.45984936859199,948,RISE AND RENEW INC,0.325,0.202,1,11,34,132,323,2,9,22,154,317
5042,106407,1064.07,2498435.384745963,6355.671933495234,34.310578981366795,-118.4365694830803,759,PATHWAY TO PEACE TREATMENT CENTER,0.788,0.49,2,8,36,141,338,2,8,22,164,329
5043,106408,1064.08,2465456.70492946,6295.678784055023,34.31326764970349,-118.44008867978505,759,PATHWAY TO PEACE TREATMENT CENTER,1.042,0.647,0,8,35,137,335,2,7,22,164,326
5044,106510,1065.10,62320912.97368311,37019.917763757156,34.323590607201766,-118.48485043640294,880,HARMONY HILLS RECOVERY INC,1.263,0.785,0,11,42,135,321,1,9,26,155,317
5045,106520,1065.20,23741526.45626874,19779.300711994267,34.30886224907985,-118.46136456641304,565,SAVING MY TOMORROW,0.94,0.584,1,14,41,155,332,3,14,26,174,325
5046,106603,1066.03,111084787.80695872,48440.46366269288,34.31263722842062,-118.52046074219902,942,RECOVERY OASIS INC,1.844,1.146,0,13,64,140,316,0,13,39,181,312
5047,106604,1066.04,28203053.593531895,26326.170550129285,34.30443689773167,-118.47369536395585,565,SAVING MY TOMORROW,0.397,0.247,1,17,56,159,332,2,17,35,192,326
5048,106641,1066.41,12221119.866895674,19091.784707100498,34.29847395147874,-118.50844534589869,940,GRANADA LUXURY RECOVERY INC,0.232,0.144,4,16,77,181,325,6,16,51,219,324
5049,106642,1066.42,16979505.964645747,20368.879151594843,34.28632728179824,-118.50702587636164,856,NIRVANA RECOVERY CENTER,0.949,0.589,1,25,86,221,331,5,22,61,253,325
5050,106643,1066.43,46699507.12448002,32813.78063065663,34.28947054966685,-118.52204748879402,952,MY2CENTS RECOVERY INC,0.372,0.231,1,22,86,210,326,5,21,60,241,325
5051,106645,1066.45,27207863.29931875,30208.29293910037,34.29056761513264,-118.49418472867613,629,DBA SPARK RECOVERY,0.524,0.326,1,19,78,205,333,5,19,51,241,326
5052,106646,1066.46,15888375.274253853,23434.587143297573,34.27974271423454,-118.49395689488067,690,FREEDOM DRUG AND ALCOHOL RECOVERY INC,0.487,0.302,2,25,94,234,346,3,25,65,268,333
5053,106648,1066.48,8534183.944797993,13655.966391321166,34.293103138031874,-118.45584676867037,903,ENTRUST RECOVERY CENTER INC.,1.816,1.128,0,15,68,182,351,0,15,36,224,343
5054,106649,1066.49,11975572.944817299,20764.180514610645,34.28925446380048,-118.46066727046455,565,SAVING MY TOMORROW,2.258,1.403,0,18,73,196,352,0,18,38,239,344
5055,107010,1070.10,7369001.026150662,12974.118645869752,34.30208520990448,-118.44673260560602,764,NEW BEGINNINGS DETOX & RECOVERY,0.824,0.512,1,12,48,160,344,2,11,27,185,336
5056,107020,1070.20,10697864.209571095,14666.268806816703,34.297559797665734,-118.450493904445,764,NEW BEGINNINGS DETOX & RECOVERY,1.269,0.789,0,15,56,165,350,2,12,30,204,339
5057,108101,1081.01,12147387.643247752,14665.58443060663,34.279310683238606,-118.54166466355116,572,ROYAL RECOVERY AND TREATMENT CENTER,1.544,0.959,0,35,95,221,328,1,29,68,249,322
5058,108102,1081.02,23504175.049987666,18955.338226101296,34.280463271785656,-118.55507875696365,572,ROYAL RECOVERY AND TREATMENT CENTER,0.947,0.589,1,29,86,215,324,2,26,64,234,321
5059,108103,1081.03,27606102.290992156,36634.53328983984,34.28643081304728,-118.54001184773334,572,ROYAL RECOVERY AND TREATMENT CENTER,1.296,0.805,0,25,87,212,326,1,25,64,238,318
5060,108104,1081.04,8890331.618982568,14765.739207920187,34.29431839344447,-118.54602054887035,572,ROYAL RECOVERY AND TREATMENT CENTER,0.933,0.58,1,18,77,182,320,1,16,56,218,313
5061,108202,1082.02,64352782.13318992,35898.23141529327,34.286739760423366,-118.58161868783428,766,DELCO DETOX,2.409,1.497,0,15,75,178,318,0,14,51,202,312
5062,108203,1082.03,14770769.89095371,16693.565075726467,34.29308792006804,-118.5616673522377,572,ROYAL RECOVERY AND TREATMENT CENTER,0.859,0.534,1,18,77,177,319,1,16,54,216,313
5063,108204,1082.04,15420095.886617256,22338.876859889577,34.28091028034539,-118.56671621340747,261,ATLAS RECOVERY CENTER,1.385,0.861,0,23,85,202,325,3,20,64,222,318
5064,109100,1091.00,29123462.708499603,26332.22837800942,34.277167255814426,-118.46317221606824,926,"EXCLUSIVE RECOVERY CENTER, INC. ",1.548,0.962,0,20,102,238,365,1,18,54,262,352
5065,109200,1092.00,10945273.360979864,16021.05116754994,34.27743363218338,-118.47450282080801,758,1ST CHOICE DETOX TREATMENT CENTER,1.105,0.686,0,25,96,238,361,1,22,55,265,348
5066,109300,1093.00,13271683.354187662,17491.54953661986,34.27120307052883,-118.48044551040962,758,1ST CHOICE DETOX TREATMENT CENTER,1.326,0.824,0,28,109,253,363,2,27,67,274,352
5067,109400,1094.00,13893160.900266174,17559.401825368834,34.26872012941139,-118.45571309207078,926,"EXCLUSIVE RECOVERY CENTER, INC. ",1.173,0.729,0,16,113,242,376,1,16,63,267,365
5068,109500,1095.00,12856453.765456198,20586.126591065797,34.273843503409125,-118.44404825125206,203,SAN FERNANDO RECOVERY CENTER,2.13,1.324,0,12,96,225,374,0,12,58,248,363
5069,109601,1096.01,24194049.10428571,20083.17612576456,34.25862988743987,-118.4514621012786,542,CONCLUSIONS TREATMENT,1.475,0.917,0,16,119,250,397,2,14,83,271,381
5070,109603,1096.03,10751114.556609083,13424.284340359762,34.25365667466369,-118.4654279762487,542,CONCLUSIONS TREATMENT,0.28,0.174,1,23,130,265,401,2,18,92,280,379
5071,109604,1096.04,12645174.24973559,14357.469587841231,34.261549402795644,-118.46536404957439,926,"EXCLUSIVE RECOVERY CENTER, INC. ",0.266,0.165,2,20,123,263,383,2,19,76,273,368
5072,109700,1097.00,17079329.347584516,17939.90535256411,34.26193911334079,-118.48090034696251,965,WELLIX RECOVERY CENTER,1.21,0.752,0,30,126,266,373,3,27,81,280,363
5073,109800,1098.00,15061830.264791707,16580.229375829273,34.25371639013069,-118.48160959870539,965,WELLIX RECOVERY CENTER,1.334,0.829,0,32,137,275,386,2,31,94,284,371
5074,111100,1111.00,11400603.074704345,13561.965144141326,34.268314719626524,-118.49508167490583,965,WELLIX RECOVERY CENTER,0.917,0.57,1,30,113,259,360,2,26,73,278,347
5075,111201,1112.01,20587432.426262848,25205.245882681997,34.27483868050108,-118.51016118612607,856,NIRVANA RECOVERY CENTER,0.4,0.249,2,30,103,244,341,5,26,72,270,331
5076,111202,1112.02,20091109.9988464,20759.95878984923,34.268448101475926,-118.51483939414483,579,BELIEVE DETOX CENTER INC,0.233,0.145,2,40,107,255,347,4,39,81,275,335
5077,111204,1112.04,35639243.48908375,25934.648265831285,34.26205329373518,-118.54889536024763,735,DELIGHT RECOVERY CENTER LLC,0.966,0.6,1,48,112,237,341,4,45,82,258,325
5078,111205,1112.05,12474960.660094814,14717.270328646127,34.25350899541088,-118.53528027234998,608,ELEVATIONS SUBSTANCE ABUSE FACILITY LLC,0.657,0.408,2,48,136,259,359,4,45,88,271,339
5079,111206,1112.06,28228463.083514903,24118.123972104397,34.26755239298907,-118.53451039976771,727,SIMONDS DETOX,1.488,0.925,0,44,108,246,341,1,40,80,261,330
5080,111302,1113.02,16712782.272246929,17844.482438084004,34.253955979004495,-118.51285475644139,813,PASSAGE TO RECOVERY  DBA: BRIGHT PATHS RECOVERY,0.225,0.14,3,47,143,271,369,8,42,93,284,354
5081,111303,1113.03,16832231.593705263,18129.870064097784,34.261212699905,-118.51285814654547,882,GOLDEN PATH RECOVERY CENTER,0.387,0.24,3,45,119,266,358,4,42,87,277,342
5082,111304,1113.04,4708175.119199815,8773.516305795967,34.26085156457116,-118.5262388348299,882,GOLDEN PATH RECOVERY CENTER,1.178,0.732,0,45,117,258,351,5,42,88,274,337
5083,111401,1114.01,9049528.946333049,12356.94057931747,34.253934130186714,-118.49670356086703,965,WELLIX RECOVERY CENTER,0.736,0.457,1,37,137,274,378,2,33,92,286,364
5084,111402,1114.02,10453334.449788043,13233.102888358215,34.26117748907308,-118.49575330695959,965,WELLIX RECOVERY CENTER,0.208,0.129,1,36,128,267,368,1,35,83,281,356
5085,113101,1131.01,24410142.120957192,21415.065661863104,34.2645927048123,-118.58690402510773,702,LOS ANGELES COUNTY ADDICTION TREATMENT CENTER INC.,0.351,0.218,7,23,94,202,329,8,23,66,219,321
5086,113102,1131.02,39509556.776469395,24896.242981352127,34.26530175575833,-118.5685955696138,476,"RESTORE HEALTH AND WELLNESS CENTER, LLC",0.548,0.34,3,31,103,221,332,5,29,72,231,324
5087,113211,1132.11,78395455.10379793,37917.3610190564,34.2660820959524,-118.61527302153564,761,CLEAR CONSCIENCE TREATMENT CENTER LLC,1.8,1.118,0,17,72,177,316,0,16,39,192,304
5088,113212,1132.12,10747373.640844852,14207.139901965425,34.260687911688954,-118.60243865019697,909,HEALING AND RECOVERY WELLNESS CENTER,0.847,0.526,1,21,87,195,323,6,21,55,204,316
5089,113213,1132.13,14001134.386183364,16855.513728837814,34.253396335844215,-118.60720510832648,761,CLEAR CONSCIENCE TREATMENT CENTER LLC,0.209,0.13,2,21,104,194,325,4,21,55,205,316
5090,113231,1132.31,44571715.7535245,42865.93668670954,34.2266622776566,-118.65067090103312,258,VERITAS DETOX,0.449,0.279,2,11,77,171,307,2,8,49,186,287
5091,113232,1132.32,22234493.918592863,23602.890602800802,34.22583086001648,-118.61255748045153,838,MALDEN RECOVERY CENTER,0.531,0.33,3,29,136,197,336,3,25,91,216,321
5092,113234,1132.34,11009759.111702166,16791.607731331995,34.2261774646678,-118.59388400784609,922,"HEALING MINDS, INC. ",1.15,0.714,0,41,148,211,345,1,36,120,226,338
5093,113235,1132.35,15356123.05578802,28934.931760768915,34.23824471172769,-118.65166429374108,258,VERITAS DETOX,1.7,1.056,0,8,65,161,295,0,8,38,182,285
5094,113237,1132.37,51094986.59006501,36475.001367819365,34.24418145640123,-118.6127204178163,534,GOLDEN ROAD RECOVERY,0.83,0.516,1,25,117,187,324,3,22,64,203,316
5095,113238,1132.38,7638426.461108192,10875.52834912893,34.22389020586834,-118.60167644843183,922,"HEALING MINDS, INC. ",0.394,0.245,1,36,143,210,343,2,32,109,225,334
5096,113239,1132.39,4673877.340190538,9752.947394088364,34.231995225209694,-118.60050687156492,781,EMPOWERMENT HEALTH HUB,1.165,0.724,0,34,140,209,339,3,33,102,220,329
5097,113301,1133.01,24263386.436084025,22624.962374821862,34.24405056100537,-118.55831608259255,701,MOMENTOUS RECOVERY GROUP,0.334,0.208,4,54,153,245,353,7,51,101,258,340
5098,113303,1133.03,44083459.163402155,31068.5549459757,34.243830178282245,-118.5787612833462,883,RANCHO SAN ANTONIO,1.155,0.718,0,44,146,223,341,3,42,97,240,333
5099,113322,1133.22,19231486.848601844,20151.453828676775,34.25368306945196,-118.57214873425436,660,OASIS DETOX ,0.5,0.311,1,40,130,225,339,8,38,79,241,331
5100,113323,1133.23,7791572.474380615,11024.008775334883,34.253560072668,-118.59345489845306,909,HEALING AND RECOVERY WELLNESS CENTER,0.426,0.265,4,29,119,202,332,10,29,68,218,322
5101,113324,1133.24,3492170.48998631,7928.509929953636,34.25361784884109,-118.5863848529276,352,THE HOLLYWOOD AND VINE RECOVERY CENTER,0.543,0.338,4,31,125,214,334,8,29,72,225,328
5102,113423,1134.23,7649036.116885614,11075.113964054957,34.22424730992946,-118.56669342890811,777,DELUXE TREATMENT CENTER INC.,0.687,0.427,3,54,172,244,373,4,50,134,251,355
5103,113424,1134.24,18739915.45323062,20657.89412640651,34.22845038951552,-118.56107831212205,889,MY LIFE RECOVERY,0.612,0.38,2,56,176,246,376,5,51,132,257,356
5104,113425,1134.25,3651865.3334342344,7977.653944274561,34.231679472934715,-118.59083940213449,883,RANCHO SAN ANTONIO,1.109,0.689,0,39,143,212,342,2,38,114,230,336
5105,113426,1134.26,20084002.26870573,21380.911174130684,34.23346064251895,-118.58153233428567,901,PEACEFUL LIFE RECOVERY INC.,1.111,0.69,0,45,153,222,348,2,44,118,241,339
5106,113427,1134.27,2790247.363642131,9033.410818892382,34.22569963275364,-118.58865360430421,901,PEACEFUL LIFE RECOVERY INC.,1.247,0.775,0,42,152,221,352,3,40,126,235,341
5107,113428,1134.28,13674399.84619401,15162.191322892451,34.22415085209952,-118.57873431512785,901,PEACEFUL LIFE RECOVERY INC.,0.346,0.215,1,48,165,230,356,3,45,133,245,348
5108,115101,1151.01,41786208.75331787,26402.177229248537,34.23944396463298,-118.5112426952144,746,1 LIFE RECOVERY CENTERS,0.425,0.264,4,48,178,280,392,10,46,108,289,374
5109,115103,1151.03,16345329.90108226,22256.531732229185,34.243832771099534,-118.52746249233154,608,ELEVATIONS SUBSTANCE ABUSE FACILITY LLC,0.693,0.431,4,46,167,268,376,11,42,104,279,365
5110,115104,1151.04,10980251.06932336,20303.802988514526,34.23749582681796,-118.52265827096609,645,SHERWOOD DETOX LLC,0.599,0.372,4,52,178,271,382,15,48,121,287,372
5111,115202,1152.02,18742318.795971405,18760.630155375984,34.23384252655717,-118.53778760217766,792,WELLNESS HAVEN,0.335,0.208,6,56,181,264,381,12,51,127,275,372
5112,115203,1152.03,6509085.229580714,13182.139525323177,34.2461994928919,-118.53241010272507,608,ELEVATIONS SUBSTANCE ABUSE FACILITY LLC,0.467,0.29,3,46,157,264,373,8,45,102,275,352
5113,115204,1152.04,8295903.275279482,12905.267222442324,34.24301209690153,-118.5404432717643,495,MIRACLES IN ACTION,0.63,0.391,2,53,162,259,373,8,52,109,273,351
5114,115301,1153.01,17664625.863683183,21878.470721864665,34.24266847114151,-118.54848833847954,855,ADVANCED DETOX AND REHABILITATION CENTER INC,0.267,0.166,3,54,165,255,362,7,51,114,265,348
5115,115302,1153.02,9017482.490621462,12561.948474461235,34.22606787502169,-118.54996242401924,864,EVOLUTIONS DETOX,0.579,0.36,5,53,183,256,386,10,51,139,265,372
5116,115401,1154.01,20505497.26499034,20433.094250885963,34.224812715644326,-118.51513918871589,938,IRELY DETOX & RESIDENTIAL RECOVERY HEALTHCARE,0.302,0.187,3,55,202,279,407,9,55,142,291,393
5117,115403,1154.03,7574458.0157017065,11112.59698127841,34.224739102898404,-118.53174214060412,295,"TARZANA TREATMENT CENTERS , INC. ",0.499,0.31,7,53,194,269,394,13,53,147,282,382
5118,115404,1154.04,10260635.439381069,13012.076259938991,34.22530569132963,-118.54133450792635,749,APOLLO RECOVERY CENTER,0.073,0.046,6,51,194,262,388,13,49,142,271,375
5119,117101,1171.01,8389682.487163398,11700.728607481737,34.23921236248733,-118.4622012492049,528,PENNY LANE CENTERS,0.846,0.526,1,25,167,273,417,3,23,104,285,404
5120,117102,1171.02,11180019.318405489,13727.986646605379,34.2465527927215,-118.46033356482573,542,CONCLUSIONS TREATMENT,1.198,0.745,0,20,140,267,413,3,17,98,282,401
5121,117201,1172.01,8520574.344511589,13684.255636850543,34.24268572457862,-118.47010795746331,797,WISDOM,1.23,0.764,0,30,156,273,412,3,27,105,285,400
5122,117202,1172.02,19522776.15710005,18091.28222200597,34.242913736125935,-118.47888622320512,797,WISDOM,1.156,0.718,0,36,163,275,406,1,33,105,288,390
5123,117301,1173.01,14335348.948294219,16182.375505781898,34.24216353019756,-118.48966342892818,797,WISDOM,1.628,1.012,0,41,170,279,398,0,40,103,291,380
5124,117302,1173.02,22083821.59269504,26192.587015292313,34.23814785837642,-118.49875461330475,551,WISH RECOVERY,1.004,0.624,0,48,182,282,401,4,45,113,293,377
5125,117303,1173.03,19379948.17869039,18107.47861992561,34.228114530689666,-118.49129362120898,797,WISDOM,1.493,0.928,0,49,200,287,418,2,47,126,294,405
5126,117404,1174.04,19003850.086563088,17700.65265948875,34.228483639885184,-118.47908921678284,797,WISDOM,0.553,0.344,1,41,194,284,424,2,38,118,294,412
5127,117405,1174.05,2172354.1244259565,5943.240609227429,34.233735964773246,-118.47024334869505,528,PENNY LANE CENTERS,0.449,0.279,2,36,182,279,420,2,32,107,288,407
5128,117407,1174.07,2134618.8558946652,5893.742738418897,34.23011074946204,-118.47032387722824,528,PENNY LANE CENTERS,0.481,0.299,2,38,188,280,425,2,36,112,291,413
5129,117408,1174.08,4052431.763421532,8246.916114475333,34.22485122539689,-118.47038317361063,528,PENNY LANE CENTERS,0.921,0.572,1,46,194,281,430,3,39,118,294,418
5130,117510,1175.10,3606833.320783558,8181.3060605515675,34.23374549314038,-118.46298561331606,528,PENNY LANE CENTERS,0.306,0.19,1,37,177,278,422,4,27,104,288,413
5131,117520,1175.20,3505710.38625784,7772.563954309187,34.23004512198415,-118.46327793693547,528,PENNY LANE CENTERS,0.328,0.204,1,42,182,280,429,5,37,106,289,415
5132,117530,1175.30,5993764.562026627,9950.76044500429,34.224858635664404,-118.46370234326675,528,PENNY LANE CENTERS,0.836,0.519,1,45,187,283,434,5,43,112,293,418
5133,119001,1190.01,11551196.37655044,13964.984200789568,34.232315587619595,-118.41810387226515,665,5 STAR CARE,1.542,0.958,0,31,129,248,437,2,29,89,270,431
5134,119003,1190.03,9166982.644244729,12879.89298016365,34.25037249369678,-118.43284221687429,760,SUN AND MOON REHABILITATION,1.345,0.835,0,22,122,245,418,1,20,82,263,407
5135,119004,1190.04,9143478.716641514,12940.1039618594,34.24141358477319,-118.42335371365465,760,SUN AND MOON REHABILITATION,2.055,1.277,0,29,130,245,431,0,28,75,262,420
5136,119201,1192.01,10248164.647228217,12948.107565425931,34.24660577465487,-118.44135838574844,760,SUN AND MOON REHABILITATION,0.459,0.285,1,22,134,255,418,2,21,84,273,408
5137,119202,1192.02,10437023.758926574,16864.12432665896,34.255433033793615,-118.4425668636542,760,SUN AND MOON REHABILITATION,1.273,0.791,0,16,118,245,410,1,14,85,266,392
5138,119310,1193.10,4615163.0072701685,10049.05078414411,34.24539519666642,-118.45051705197704,760,SUN AND MOON REHABILITATION,0.484,0.301,2,20,143,262,416,2,18,94,281,406
5139,119320,1193.20,5345155.580398069,9352.133116763289,34.23892202698445,-118.4536219011605,359,OUTPATIENT AND INTENSIVE OUTPATIENT TREATMENT ALCOHOL AND OR OTHER DRUG SERVICES,0.43,0.267,2,24,157,266,421,4,21,96,287,411
5140,119340,1193.40,1314702.0231037186,4632.278681625603,34.233613898526016,-118.45191310676758,359,OUTPATIENT AND INTENSIVE OUTPATIENT TREATMENT ALCOHOL AND OR OTHER DRUG SERVICES,0.383,0.238,2,30,169,272,428,5,25,97,289,416
5141,119341,1193.41,3512711.1795135536,8359.542262009576,34.237171476204466,-118.44588782910482,359,OUTPATIENT AND INTENSIVE OUTPATIENT TREATMENT ALCOHOL AND OR OTHER DRUG SERVICES,0.37,0.23,2,25,159,265,427,3,24,92,284,415
5142,119342,1193.42,2358167.7271913616,6104.94540636161,34.24077346508057,-118.44727940996519,760,SUN AND MOON REHABILITATION,0.42,0.261,2,22,152,263,423,2,20,90,281,411
5143,119400,1194.00,12071383.078916596,14163.224516273172,34.240102384036405,-118.43586014124767,760,SUN AND MOON REHABILITATION,0.994,0.618,1,26,143,257,428,2,23,88,275,415
5144,119700,1197.00,14103382.143612789,20314.17549530465,34.22135797847689,-118.42646286980012,665,5 STAR CARE,0.105,0.065,2,43,147,262,448,7,42,100,282,437
5145,119801,1198.01,6590353.77050248,11988.802114165977,34.23536196175297,-118.43165017603025,760,SUN AND MOON REHABILITATION,1.607,0.998,0,30,150,258,433,1,30,88,274,423
5146,119802,1198.02,6778131.05251827,12322.604998698549,34.23227499578977,-118.42867709359906,665,5 STAR CARE,1.29,0.802,0,34,145,260,438,1,30,92,273,426
5147,119900,1199.00,11324965.76296739,14653.142244734372,34.22784172922738,-118.441292477956,459,BIENESTAR DRUG TREATMENT PROGRAM,0.863,0.536,1,41,167,270,439,4,36,103,284,426
5148,120010,1200.10,6087626.434058557,10236.161215254455,34.21789430609733,-118.46263491174291,674,RISE WELLNESS CENTER,0.84,0.522,1,43,196,283,441,4,43,127,296,429
5149,120020,1200.20,5737369.794350879,12182.627456546265,34.21860141702453,-118.45482678006937,644,CIVANA HEALTH AND WELLNESS,0.542,0.337,3,44,189,282,444,4,41,123,293,431
5150,120030,1200.30,4065310.821689173,8102.2070880290785,34.21511262831568,-118.45188061642568,633,INNOVATE RECOVERY LLC,0.583,0.362,2,44,188,283,448,5,43,118,299,434
5151,120103,1201.03,1490376.1916390208,5636.211204030715,34.2297249004747,-118.45181088938995,459,BIENESTAR DRUG TREATMENT PROGRAM,0.41,0.255,3,33,180,276,431,4,30,99,289,419
5152,120104,1201.04,4885243.288403458,10176.552287169196,34.22396783887868,-118.44937881724283,459,BIENESTAR DRUG TREATMENT PROGRAM,0.268,0.167,2,40,179,277,439,4,38,111,291,429
5153,120105,1201.05,5929585.807965533,15758.590529851588,34.23107532875205,-118.44654469383819,459,BIENESTAR DRUG TREATMENT PROGRAM,0.651,0.404,2,33,172,273,432,4,30,97,287,422
5154,120106,1201.06,2220341.0784839815,6072.528208329014,34.22311368095742,-118.45667650709183,644,CIVANA HEALTH AND WELLNESS,0.661,0.411,2,41,186,283,437,4,40,115,291,427
5155,120107,1201.07,2231008.495194633,6075.286749614152,34.22639792121976,-118.45656286821759,459,BIENESTAR DRUG TREATMENT PROGRAM,0.561,0.348,2,40,181,283,432,4,38,107,291,421
5156,120108,1201.08,4164596.8948510117,8449.484232650117,34.231647987501304,-118.45616037025012,459,BIENESTAR DRUG TREATMENT PROGRAM,0.8,0.497,3,33,175,274,429,4,31,102,290,415
5157,120300,1203.00,18498149.961357813,18531.095568450364,34.21529626520752,-118.4408521390776,803,MORE LIFE DRUG & ALCOHOL TREATMENT CENTER,0.945,0.587,1,47,172,275,448,6,45,114,298,439
5158,120400,1204.00,11471575.827239815,17339.858463364013,34.21888699917537,-118.43235184268447,665,5 STAR CARE,0.507,0.315,2,44,163,268,447,6,43,102,291,436
5159,121010,1210.10,21950722.970313683,19497.91067040762,34.223359689071344,-118.40369256395431,550,SOUL DETOX AND RECOVERY INC,0.567,0.352,3,39,119,246,456,8,35,91,274,437
5160,121020,1210.20,8874538.57779908,13130.16940649197,34.21212729188677,-118.40207425294206,559,WHITE OAK RECOVERY,0.457,0.284,5,41,125,257,466,11,37,98,281,454
5161,121101,1211.01,5082880.937961113,10732.457361631305,34.22442189614935,-118.36544155411805,540,"S V RECOVERY, INC.",1.061,0.66,0,26,98,196,457,1,25,63,227,438
5162,121102,1211.02,81152096.00072522,37632.866416766796,34.2423641535674,-118.38144415591647,875,HELPING HANDS RECOVERY CENTER,1.101,0.684,0,25,90,195,436,3,21,60,220,416
5163,121210,1212.10,21817534.974554956,18371.989127518707,34.23942760790867,-118.40465148553389,869,ELEVATE WELLNESS CENTER,1.917,1.191,0,26,109,228,436,0,26,75,250,425
5164,121221,1212.21,5427461.150306466,11054.163578054453,34.227622344027786,-118.39557471365575,869,ELEVATE WELLNESS CENTER,0.389,0.242,2,32,112,234,449,6,29,84,261,431
5165,121222,1212.22,14367773.741328672,18211.070431817716,34.23215677091619,-118.39196087917531,869,ELEVATE WELLNESS CENTER,0.932,0.579,1,25,105,222,442,2,24,79,247,429
5166,121600,1216.00,12264569.020578887,16346.074858864717,34.21107294242838,-118.41060285432324,815,UPLIFT RECOVERY NOHO. LLC,0.726,0.451,4,47,131,262,465,9,43,101,289,450
5167,121801,1218.01,5227512.5572240595,10560.213659323705,34.211491942007925,-118.39288929444119,825,RADWOOD REHAB LLC,0.087,0.054,4,42,118,252,474,8,40,90,274,456
5168,121802,1218.02,10232438.891059794,14912.813901026904,34.21921898814292,-118.39137582175059,814,LOVE & LIGHT RECOVERY CENTER,0.373,0.232,7,38,116,245,468,7,36,87,263,446
5169,121900,1219.00,18163072.288455144,20093.950541513354,34.21787131399559,-118.38321260720758,385,"I-ADARP, (INTER-AGENCY DRUG ABUSE RECOVERY PROGRAM)",0.614,0.381,3,40,115,229,473,6,40,86,259,453
5170,122000,1220.00,35118997.75625338,30499.592223736003,34.21478275055712,-118.41844179831534,573,GOD'S ARMY WELLNESS HOME,0.316,0.197,6,45,143,267,453,8,44,101,283,445
5171,122120,1221.20,7747578.485793699,13365.762216088266,34.210780547030886,-118.37192160845426,928,ROAD TO RECOVERY,0.916,0.569,1,41,107,213,470,1,39,83,255,459
5172,122121,1221.21,4433980.595250115,12008.044492463647,34.21421914283499,-118.37056779298295,928,ROAD TO RECOVERY,1.147,0.713,0,38,107,210,468,1,38,82,246,455
5173,122122,1221.22,11114633.399059206,15332.01702986795,34.219858341019865,-118.37338965545999,385,"I-ADARP, (INTER-AGENCY DRUG ABUSE RECOVERY PROGRAM)",1.328,0.825,0,38,103,212,468,1,34,74,248,448
5174,122200,1222.00,18349521.769431364,19428.00161737637,34.21432171889194,-118.35946127948567,928,ROAD TO RECOVERY,1.127,0.701,0,34,97,194,461,2,31,64,221,444
5175,122410,1224.10,7609489.689875069,11117.462505614278,34.2044880612571,-118.39198614329771,867,HELP IS HERE REHABILITATION,0.428,0.266,2,42,122,251,481,5,42,94,280,463
5176,122420,1224.20,9285646.478547554,12386.804476443425,34.203614830773155,-118.38329640152584,867,HELP IS HERE REHABILITATION,0.449,0.279,1,45,117,244,477,3,42,90,275,467
5177,123010,1230.10,10933643.692257714,13636.394308263183,34.202748498268235,-118.37458384461594,928,ROAD TO RECOVERY,0.951,0.591,1,41,112,221,475,2,40,89,263,463
5178,123020,1230.20,6088161.9738845555,9872.882888652079,34.20474169575001,-118.3665068116318,928,ROAD TO RECOVERY,0.176,0.109,1,40,107,211,473,1,35,82,242,459
5179,123103,1231.03,9712010.118034612,13419.05320505288,34.190875898166,-118.36546287363882,715,LEGACY HEALING CENTER CALIFORNIA,0.347,0.216,1,38,116,216,486,4,36,85,261,467
5180,123104,1231.04,8413572.184276985,11537.864782102068,34.182895420131885,-118.36501500653146,740,HAPPENING RECOVERY,0.53,0.329,5,36,119,230,488,10,35,88,269,475
5181,123203,1232.03,6324538.125795667,12755.872962247795,34.19624655617406,-118.3911417900781,867,HELP IS HERE REHABILITATION,0.755,0.469,1,47,123,255,488,4,44,97,294,473
5182,123204,1232.04,3489507.862494978,7926.034559769329,34.193940822811584,-118.39434172431503,637,STUDIO 64 RECOVERY,0.79,0.491,1,55,125,259,487,5,48,99,296,469
5183,123205,1232.05,8155654.961713049,11532.586929211726,34.19456851236011,-118.38357363593607,734,LANDALE RECOVERY CENTER,0.853,0.53,3,47,125,251,486,7,45,98,282,473
5184,123206,1232.06,6488594.389215139,10269.807147517531,34.19371233078797,-118.37487875340545,734,LANDALE RECOVERY CENTER,0.664,0.412,2,42,116,229,484,8,41,93,276,471
5185,123301,1233.01,14029676.38109086,17682.86308932284,34.20031440695822,-118.40013415472697,906,THE BEST TREATMENT LOS ANGELES LLC,1.085,0.674,0,53,126,267,479,6,49,102,289,467
5186,123303,1233.03,6817488.249743496,13030.057162728412,34.19727990264376,-118.41161590132333,906,THE BEST TREATMENT LOS ANGELES LLC,0.349,0.217,3,62,137,274,475,6,58,108,300,465
5187,123304,1233.04,9461746.252352603,13423.346683185511,34.19654377803797,-118.40610043293469,720,BELLAIRE RECOVERY ,0.661,0.411,2,60,130,271,475,5,56,103,300,469
5188,123410,1234.10,5350547.048154603,9501.506576638938,34.19797236462356,-118.42164408684573,721,A1 TREATMENT CENTER,0.712,0.442,3,59,146,279,471,8,57,109,299,460
5189,123420,1234.20,8467590.22515626,14727.1048177952,34.19358001345802,-118.41662631830246,835,AMBIENCE RECOVERY CENTER,0.28,0.174,3,64,142,282,473,5,60,109,301,463
5190,123510,1235.10,8594011.615476783,12270.673720152048,34.19511042967953,-118.42751662708294,721,A1 TREATMENT CENTER,0.464,0.289,3,60,150,281,468,4,59,109,306,460
5191,123520,1235.20,5498246.878269499,12490.875055247416,34.188723273327874,-118.42470703020021,835,AMBIENCE RECOVERY CENTER,0.676,0.42,1,63,146,285,472,5,62,107,311,465
5192,123601,1236.01,16494226.634890188,18301.282857831913,34.17795141929397,-118.4179932859261,921,"A NEW VISION TREATMENT CENTER, LLC",0.831,0.517,1,69,141,286,483,3,64,107,331,468
5193,123602,1236.02,9985609.134839319,14187.456703587075,34.18122479462788,-118.42633773758166,558,WHITE OAK RECOVERY CENTER LLC,1.28,0.795,0,65,149,285,472,5,58,112,323,465
5194,123700,1237.00,10250472.04137497,13103.936437515471,34.18486441121601,-118.40952912024522,921,"A NEW VISION TREATMENT CENTER, LLC",0.282,0.175,2,67,137,277,482,4,63,105,318,470
5195,123800,1238.00,13884988.855243593,17448.997470852944,34.17974383901362,-118.40144802353711,637,STUDIO 64 RECOVERY,0.944,0.587,1,62,134,276,486,5,58,103,315,476
5196,123901,1239.01,13897463.024692494,15030.35455120857,34.18545922001648,-118.39380987774993,637,STUDIO 64 RECOVERY,0.271,0.168,2,58,128,273,491,6,53,99,308,476
5197,123902,1239.02,7151226.427602453,11695.19721799944,34.1758831668043,-118.39224099787376,414,NOHO RECOVERY,0.805,0.5,2,49,137,280,494,7,47,99,308,482
5198,124000,1240.00,14531311.736291861,16693.340711682293,34.162507156559414,-118.40494836045438,611,MAGNOLIA RECOVERY LLC,0.288,0.179,3,53,146,299,490,7,50,100,326,485
5199,124102,1241.02,6987656.394380351,10573.06295521589,34.17578726317131,-118.38341103051276,920,GATEWAY LA INC,0.594,0.369,2,46,137,264,492,11,40,98,306,484
5200,124103,1241.03,3486761.9966342403,7921.977729089202,34.18849676054734,-118.38342437404383,805,ATMOSPHERE TREATMENT CENTER LLC,0.298,0.185,4,48,124,251,486,7,46,95,290,479
5201,124104,1241.04,3492065.212914939,7927.118497100601,34.18486613232706,-118.38342223230798,927,NEW START NEW LIFE INC,0.174,0.108,4,48,127,256,489,7,46,97,293,480
5202,124105,1241.05,3493113.8088014983,7929.03926551355,34.181233684435895,-118.38341826578997,920,GATEWAY LA INC,0.106,0.066,4,49,128,260,489,9,44,97,297,480
5203,124201,1242.01,10468289.927607186,13209.638229011141,34.184871239369755,-118.37468855123105,734,LANDALE RECOVERY CENTER,0.5,0.311,5,42,123,238,487,9,40,95,282,479
5204,124203,1242.03,3490019.013865153,7927.100645206667,34.17760895395865,-118.3746772143095,843,TITAN RECOVERY CENTER INC,0.533,0.331,6,39,131,246,491,12,39,95,286,483
5205,124204,1242.04,3491073.757091084,7925.264192388318,34.17397738004595,-118.37466756708119,316,"CRI-HELP, PFLEGER RESIDENTIAL",0.326,0.203,5,40,133,246,491,9,36,94,292,483
5206,124300,1243.00,9590065.301893855,12560.90800107424,34.17574261542206,-118.36430847731246,610,ETERNAL PURPOSE RECOVERY CENTER LLC,0.383,0.238,6,35,127,231,494,7,34,92,265,477
5207,124400,1244.00,10500728.150029251,13194.515347622713,34.173977744601586,-118.4095591523892,921,"A NEW VISION TREATMENT CENTER, LLC",1.114,0.692,0,63,140,292,483,5,59,106,327,477
5208,124500,1245.00,8695824.57175791,14054.898760455786,34.17227893700771,-118.42678256303623,546,SPARK TO RECOVERY ,0.512,0.318,2,60,148,298,481,6,55,113,338,469
5209,124600,1246.00,12055244.0381722,14291.048268105022,34.16207405778532,-118.42694428029881,816,1ST HAVEN RECOVERY,0.27,0.168,7,54,147,307,480,8,52,112,339,476
5210,124700,1247.00,14659153.195822697,17855.509967639253,34.16185746056118,-118.41654837316896,603,REFINE RECOVERY,0.22,0.137,2,55,143,306,486,7,51,106,333,479
5211,124902,1249.02,3644289.5060963235,8062.469727018315,34.170248785735495,-118.4008867905716,414,NOHO RECOVERY,0.371,0.23,3,57,144,290,493,5,53,102,322,479
5212,124903,1249.03,3351724.2335503884,7812.200916864503,34.16661476049386,-118.40087973261184,611,MAGNOLIA RECOVERY LLC,0.304,0.189,4,52,146,290,494,5,45,102,326,481
5213,125101,1251.01,6993797.274367082,10577.594763349696,34.168514311877175,-118.39214366193828,852,11:11 RECOVERY,0.37,0.23,2,46,141,281,495,5,45,100,317,487
5214,125102,1251.02,6984254.144381817,10570.906722694914,34.16125268321302,-118.39213102272414,852,11:11 RECOVERY,0.854,0.531,1,44,139,285,498,7,40,102,320,488
5215,125200,1252.00,14032632.246596295,15860.723076078264,34.164903305554944,-118.38337695264875,679,SOLACE COUNSELING CENTER,0.682,0.424,1,41,133,274,493,4,39,104,313,490
5216,125310,1253.10,11344368.79594952,19251.093850750745,34.169521679145866,-118.36604134512534,957,QUEST WELLNESS CENTER,0.28,0.174,4,34,132,241,497,7,34,94,281,482
5217,125321,1253.21,2790573.451047953,6882.614225339492,34.16670928030844,-118.36506444563868,957,QUEST WELLNESS CENTER,0.577,0.359,2,34,132,239,497,6,33,92,272,481
5218,125322,1253.22,4016990.463358236,8863.782487810617,34.16666194651907,-118.3737789591605,679,SOLACE COUNSELING CENTER,0.296,0.184,3,36,133,251,492,6,34,97,292,487
5219,125402,1254.02,7889271.706314236,11288.354035733448,34.15659109194139,-118.37423103133902,679,SOLACE COUNSELING CENTER,0.917,0.57,1,33,133,262,497,3,31,104,294,490
5220,125403,1254.03,1811797.3064604185,6036.3952419634525,34.16305284011455,-118.37687713329893,679,SOLACE COUNSELING CENTER,0.203,0.126,1,35,134,264,495,3,34,101,300,488
5221,125404,1254.04,2469661.9580294886,8591.643310191077,34.162287564432404,-118.372438613717,679,SOLACE COUNSELING CENTER,0.422,0.262,1,34,134,260,496,6,33,98,291,487
5222,125501,1255.01,4995201.973937029,9227.603633894962,34.16229852310448,-118.3657977022872,679,SOLACE COUNSELING CENTER,0.974,0.605,1,33,133,251,497,6,29,92,279,481
5223,125502,1255.02,5628290.556008441,9622.55792102862,34.15663317074008,-118.36555666560366,597,EMPOWER RECOVERY CENTER,0.685,0.426,1,30,133,253,499,2,29,93,277,483
5224,125600,1256.00,11003262.23623889,14763.873615046421,34.157900320908894,-118.35687580256659,597,EMPOWER RECOVERY CENTER,0.746,0.464,1,29,129,241,493,2,28,81,269,479
5225,127102,1271.02,9248440.216101095,12299.365030022953,34.20601205733495,-118.44453735022087,803,MORE LIFE DRUG & ALCOHOL TREATMENT CENTER,0.221,0.138,2,52,182,286,455,5,47,121,305,445
5226,127103,1271.03,3078754.6006270116,7541.247234802971,34.20450220853044,-118.4291863813464,721,A1 TREATMENT CENTER,0.609,0.379,2,55,156,275,463,7,48,110,302,449
5227,127104,1271.04,7618187.611424697,11271.061394418586,34.20518075152393,-118.43581071436066,803,MORE LIFE DRUG & ALCOHOL TREATMENT CENTER,0.633,0.394,2,55,171,279,459,6,52,116,306,445
5228,127210,1272.10,16590336.469076127,19666.15408465267,34.20834618113454,-118.45992035949031,633,INNOVATE RECOVERY LLC,0.604,0.375,2,45,193,286,451,3,44,138,304,442
5229,127220,1272.20,7027601.7035617605,10597.754352620144,34.204787046187725,-118.4531386473481,633,INNOVATE RECOVERY LLC,0.592,0.368,1,49,189,289,454,5,47,124,310,447
5230,127300,1273.00,11400820.572377402,15057.6559872183,34.2084037205142,-118.46977789434774,674,RISE WELLNESS CENTER,0.459,0.285,1,46,204,288,451,4,44,143,306,439
5231,127400,1274.00,23481259.378979027,25121.32983754959,34.21083203817329,-118.47870720341753,593,EMPOWER RECOVERY CENTER,0.327,0.203,2,49,197,292,445,3,46,153,301,432
5232,127520,1275.20,3914727.6349724215,7988.037297568631,34.218421178303764,-118.46976329845965,674,RISE WELLNESS CENTER,0.664,0.412,1,44,197,285,440,3,43,134,296,429
5233,127603,1276.03,4643287.951848001,9725.944192222629,34.19572897833612,-118.48003592909154,962,LAST DOOR SOBRIETY LLC,0.539,0.335,4,55,198,297,457,6,52,155,311,444
5234,127604,1276.04,4677029.411089872,9875.250627238662,34.19932114160985,-118.47981131365228,931,UPLIFT SOBRIETY CENTER LLC ,0.393,0.244,2,53,197,297,455,6,47,152,309,441
5235,127605,1276.05,6981245.817241815,10568.641181626443,34.190274727100764,-118.48584344017165,487,CLEAR BEHAVIORAL HEALTH ,0.103,0.064,3,62,197,300,457,5,55,156,313,443
5236,127606,1276.06,5852103.902344195,9732.730951229987,34.19026776675437,-118.47781772448899,688,GRANADA HILLS TREATMENT CENTER ,0.195,0.121,3,62,197,303,458,5,60,152,320,448
5237,127711,1277.11,10199768.030496355,13542.469922168139,34.18797111120828,-118.46984284813007,737,JOURNEY OF A NEW LIVING,0.705,0.438,2,62,195,302,457,7,58,151,328,448
5238,127712,1277.12,6135131.613904659,9824.356994730259,34.197423033752145,-118.4701074511743,737,JOURNEY OF A NEW LIVING,0.859,0.534,1,58,198,297,454,6,50,153,316,447
5239,127803,1278.03,6897436.314904471,10521.746271905571,34.197520151104264,-118.45309208785005,801,MINDSET RECOVERY,0.509,0.316,3,50,185,291,457,12,49,131,319,449
5240,127804,1278.04,6868353.648440596,10483.568634666663,34.197497329930236,-118.461835072085,574,LION RECOVERY,0.278,0.173,2,53,190,292,453,6,50,146,322,449
5241,127805,1278.05,6614074.627363511,13204.827280556114,34.19220115403165,-118.45770108605718,619,CONNECTED RECOVERY INC.,0.467,0.29,5,60,185,295,458,11,53,140,326,450
5242,127806,1278.06,7352993.193411208,13484.535497158258,34.188577961193225,-118.45724805179024,619,CONNECTED RECOVERY INC.,0.16,0.099,9,63,184,304,461,12,58,136,329,451
5243,127910,1279.10,6993754.404970082,10580.382396063882,34.19756976256896,-118.44437468416744,661,"LENNOX CMHC, INC.",0.308,0.192,3,55,182,295,464,11,53,121,316,449
5244,127920,1279.20,6982234.682146825,10569.20637179929,34.19757032011515,-118.4356347168526,576,EAGLE RECOVERY,0.593,0.369,3,61,168,282,468,7,59,115,313,453
5245,128101,1281.01,6984201.745147113,10570.758150539223,34.19030419991325,-118.43562960411573,576,EAGLE RECOVERY,0.231,0.144,1,65,170,290,466,10,61,116,319,463
5246,128102,1281.02,6983275.122529546,10570.697159349376,34.1903008071174,-118.44436278506245,305,HEALTHY PARADIGMS TREATMENT CENTER,0.277,0.172,8,58,178,299,466,12,55,119,318,454
5247,128210,1282.10,5919273.865417955,9764.438275064485,34.18358867710514,-118.44435754475252,830,"A WELLNESS CENTER, LLC",0.442,0.275,7,62,177,301,466,11,60,120,323,461
5248,128220,1282.20,5979977.103186289,10040.053173280254,34.18355815007438,-118.43558888202867,558,WHITE OAK RECOVERY CENTER LLC,0.582,0.361,2,65,170,293,467,10,59,117,326,464
5249,128302,1283.02,7414485.407120329,12437.524362665603,34.18386863461969,-118.46054894726637,619,CONNECTED RECOVERY INC.,0.497,0.309,6,64,187,308,462,10,56,138,333,452
5250,128303,1283.03,4455381.347901709,9765.859296295017,34.183080580924596,-118.45239352267257,257,NATIONAL COUNCIL ON ALCOHOLISM AND DRUG DEPENDENCE OF THE SAN FERNANDO VALLEY,0.18,0.112,7,63,182,305,465,13,59,127,332,457
5251,128400,1284.00,18576516.58832843,22571.820336243458,34.17655438379875,-118.45886458668491,515,SATORI HEALTH,0.626,0.389,2,60,186,309,466,7,56,135,341,457
5252,128500,1285.00,10481214.386024313,13224.656638247021,34.170309133287546,-118.44435610356867,935,LOST ANGELS TREATMENT CENTER,0.167,0.104,2,57,165,303,472,8,55,125,334,461
5253,128601,1286.01,7339199.217948719,13840.627797604202,34.17846334192844,-118.4410944594879,558,WHITE OAK RECOVERY CENTER LLC,0.186,0.115,3,61,166,296,466,11,60,118,330,463
5254,128602,1286.02,12209301.959016625,14527.215280342314,34.17121917438662,-118.43561851466215,546,SPARK TO RECOVERY ,0.391,0.243,4,58,160,299,478,6,56,117,337,463
5255,128703,1287.03,8910739.958274482,11759.030029188336,34.160212471546714,-118.44422407018354,383,TWIN TOWN TREATMENT CENTERS - SHERMAN OAKS,0.382,0.237,5,49,161,311,479,13,49,119,339,467
5256,128704,1287.04,8965439.168876493,12103.947871150393,34.16020487216521,-118.43561102845953,757,SHERMAN OAKS DETOX & REHAB,0.567,0.352,5,51,159,306,479,13,50,111,339,475
5257,128801,1288.01,5296822.222604366,9461.718618536437,34.168242604379074,-118.46516950226487,722,THE HEALTHIER CHOICE RECOVERY,0.825,0.513,1,60,185,313,467,2,59,127,349,459
5258,128802,1288.02,10452953.601143891,13223.964171950885,34.168483653414285,-118.45527189962617,935,LOST ANGELS TREATMENT CENTER,1.028,0.639,0,58,173,305,469,6,55,134,344,461
5259,128910,1289.10,14388073.489851689,17404.423033375588,34.161652346741995,-118.45830892678725,795,"CARMEL TREATMENT CENTER, LLC",0.841,0.522,3,57,169,307,472,6,50,125,347,463
5260,131021,1310.21,6053641.289471049,10619.545856587476,34.21775633758473,-118.54043100437289,958,ALL IN SOLUTIONS DETOX CA ,0.325,0.202,6,59,195,264,399,6,59,153,271,383
5261,131022,1310.22,5427135.977461676,10054.969782123639,34.21157828651994,-118.54030287568014,958,ALL IN SOLUTIONS DETOX CA ,0.472,0.293,2,72,199,265,408,8,68,156,273,389
5262,131023,1310.23,6339742.682897617,10095.477654100081,34.20472614650281,-118.53999951233932,289,"TARZANA TREATMENT CENTERS, INC.",0.619,0.385,2,71,202,265,415,5,67,158,276,399
5263,131024,1310.24,9212622.665047195,12287.142926067901,34.195739181116295,-118.53991259733831,828,ESSENCE RECOVERY CENTER INC.,0.173,0.108,4,85,199,264,423,6,78,147,276,409
5264,131100,1311.00,11859136.41369884,14177.77205104583,34.21462924071818,-118.50563532687278,868,AVAN WELLNESS CENTER,0.254,0.158,2,52,208,287,428,5,49,150,298,412
5265,131200,1312.00,12145358.953559319,14480.990877428818,34.2147310508225,-118.51424329348272,908,LIME TREATMENT CENTER,0.544,0.338,1,56,212,283,423,5,54,152,293,404
5266,131300,1313.00,12033304.51924264,14396.225733211204,34.214664802007015,-118.52297555277133,908,LIME TREATMENT CENTER,1.274,0.792,0,61,209,280,417,5,54,160,286,396
5267,131400,1314.00,11916305.292484732,14307.221323112493,34.214596528343165,-118.53170794944718,295,"TARZANA TREATMENT CENTERS , INC. ",0.862,0.536,2,66,201,269,410,7,61,154,283,392
5268,131600,1316.00,23580778.184134122,19437.32419255823,34.21426984886434,-118.55338194843799,876,SPERO DETOX CENTER,0.887,0.551,2,69,187,255,396,6,61,150,264,383
5269,131701,1317.01,7100111.062417344,10658.500784281377,34.20466920025347,-118.55790289743587,913,RESEDA RECOVERY CENTER INC,1.055,0.656,0,75,181,247,404,1,73,153,263,389
5270,131702,1317.02,7761381.872559118,11155.236635791998,34.204703332999394,-118.54874478870151,913,RESEDA RECOVERY CENTER INC,0.309,0.192,1,72,197,260,411,4,68,155,267,394
5271,131801,1318.01,7064102.645384283,10634.07584470226,34.20471782800869,-118.53169082314783,289,"TARZANA TREATMENT CENTERS, INC.",0.799,0.496,1,76,205,268,421,8,73,163,284,406
5272,131802,1318.02,7095756.6019785935,10655.798998955861,34.20471001941407,-118.52296913894428,916,SOBERMIND RECOVERY INC,0.513,0.319,2,70,208,280,429,7,64,156,290,411
5273,131900,1319.00,14188183.7905812,15934.649801258372,34.20472412053321,-118.50987158172433,810,ETERNITY RECOVERY CENTER,0.765,0.475,2,66,208,289,441,7,59,156,297,422
5274,132001,1320.01,10425781.10342768,13176.723605214947,34.19207394681164,-118.51420727167128,443,DISCOVERY TRANSITIONS OUTPATIENT,0.407,0.253,2,74,202,284,445,7,71,158,298,431
5275,132002,1320.02,17223434.682629574,21045.826038669737,34.19489997643079,-118.50720828667717,810,ETERNITY RECOVERY CENTER,0.768,0.477,2,72,201,292,446,6,66,160,303,435
5276,132101,1321.01,8723825.913172087,11887.882287593897,34.19026731745448,-118.49566745613264,487,CLEAR BEHAVIORAL HEALTH ,0.846,0.526,1,68,202,297,453,6,63,163,309,438
5277,132102,1321.02,14759855.788582252,18876.335377598232,34.20210033190542,-118.49738126101221,450,CORNERSTONE,0.196,0.122,2,70,202,294,443,7,65,165,304,439
5278,132301,1323.01,6791553.401019268,13146.981631134335,34.19926210932248,-118.52735474548706,440,THE DISCOVERY HOUSE RESIDENTIAL TREATMENT,0.4,0.248,5,81,205,278,431,8,76,157,288,411
5279,132302,1323.02,6970277.964336892,13199.856354246322,34.19568079485304,-118.52732078252619,893,"UPRISE TREATMENT CENTER, INC.",0.312,0.194,5,80,206,276,433,9,78,158,289,415
5280,132501,1325.01,7585902.834714285,11008.284804704848,34.19743631911474,-118.54871763846447,913,RESEDA RECOVERY CENTER INC,0.588,0.366,2,80,194,259,419,4,73,155,268,405
5281,132502,1325.02,6724907.024614989,10978.745543980596,34.1908157274949,-118.54846238168,828,ESSENCE RECOVERY CENTER INC.,1.011,0.628,0,85,196,256,423,10,78,147,269,411
5282,132700,1327.00,14222014.810983103,15692.724206588497,34.18996991754802,-118.52618974949542,893,"UPRISE TREATMENT CENTER, INC.",0.332,0.206,4,84,206,278,438,9,81,159,288,421
5283,132900,1329.00,12852276.72029767,18197.014207930137,34.1834809619185,-118.52783841753079,723,VANITY DETOX CENTER INC,0.797,0.495,2,80,195,274,437,14,72,155,289,425
5284,133000,1330.00,10787218.862102324,14158.010735952776,34.195340183710705,-118.55774553660666,913,RESEDA RECOVERY CENTER INC,1.286,0.799,0,77,184,247,414,1,73,154,261,393
5285,133101,1331.01,7144927.03752089,10976.437742456148,34.18407714826446,-118.54901560609078,255,SANCTUARY TREATMENT CENTER,0.864,0.537,7,82,191,256,421,12,82,149,270,415
5286,133102,1331.02,9215566.68968381,12061.651339207145,34.18504370959615,-118.54028177635017,288,"TARZANA TREATMENT CENTERS, INC",0.582,0.361,5,82,198,262,426,13,79,147,277,417
5287,134001,1340.01,6280335.427466791,12140.66344432066,34.20177967967144,-118.59065942831569,964,ABC WELLNESS HEALTH CENTER,0.207,0.129,1,56,162,224,366,4,52,134,241,355
5288,134002,1340.02,8110430.302692995,13626.243211858413,34.20167852166304,-118.58564527240966,964,ABC WELLNESS HEALTH CENTER,0.643,0.4,3,66,166,228,371,5,55,140,244,355
5289,134101,1341.01,11471199.276372658,13966.125273620548,34.21430827487749,-118.56665549117277,777,DELUXE TREATMENT CENTER INC.,0.748,0.465,2,61,174,242,384,7,56,150,255,363
5290,134103,1341.03,11307062.916477332,17436.793476234856,34.21626433854452,-118.57991686176683,970,REGAL DETOX,0.298,0.185,3,53,170,232,363,5,48,134,246,352
5291,134104,1341.04,6974297.427009365,10562.544377748707,34.21195824446328,-118.57539700546067,618,MAPLE MOON RECOVERY,0.24,0.149,4,64,170,238,371,6,56,141,247,362
5292,134201,1342.01,15786890.493951363,16455.951581842095,34.21362457316764,-118.59119231919851,970,REGAL DETOX,1.117,0.694,0,43,160,218,360,5,38,129,239,351
5293,134302,1343.02,14066048.556700686,15260.781337390994,34.214280228746304,-118.62052486536085,692,WEST HILLS RECOVERY CENTER,0.738,0.458,1,33,128,196,341,2,30,91,210,320
5294,134303,1343.03,17059177.780221544,17236.45651514083,34.2034612376202,-118.61351363302906,643,THE A.R.T.S.,0.518,0.322,2,42,136,198,357,3,39,107,220,330
5295,134304,1343.04,10983146.10842655,13572.093246726614,34.21393790160584,-118.61029902632019,922,"HEALING MINDS, INC. ",1.012,0.629,0,34,142,203,344,5,32,107,220,331
5296,134305,1343.05,3848663.9079643814,8097.519081705218,34.21763887424689,-118.60170744490539,922,"HEALING MINDS, INC. ",0.597,0.371,1,36,148,210,350,1,36,113,227,336
5297,134306,1343.06,6671301.679808432,10337.912988542445,34.21191954441669,-118.6017143785907,922,"HEALING MINDS, INC. ",1.178,0.732,0,37,149,213,355,4,35,120,226,339
5298,134421,1344.21,22974734.439443696,19313.332880193007,34.202027849124455,-118.64715223432133,841,4 SEASONS RECOVERY IOP,1.965,1.221,0,23,87,176,321,0,23,54,188,306
5299,134422,1344.22,25274199.92265131,25532.206907505646,34.20335719632395,-118.63137119085529,657,HOUSE OF ZEN INC,1.09,0.677,0,33,116,186,333,1,32,75,200,322
5300,134423,1344.23,16866286.951182123,18426.95333763928,34.214057095334695,-118.63344598343726,841,4 SEASONS RECOVERY IOP,1.328,0.825,0,26,109,183,333,2,20,71,198,306
5301,134424,1344.24,39941852.46422324,27350.16139149835,34.21357399737874,-118.65657323574916,841,4 SEASONS RECOVERY IOP,1.171,0.728,0,12,76,170,304,2,11,48,183,293
5302,134520,1345.20,10410480.771681769,13162.398281191065,34.197396542375714,-118.59934249447254,866,ALL AMERICAN TREATMENT CENTER,0.55,0.342,3,55,156,219,368,4,50,125,233,350
5303,134521,1345.21,3786338.2146408367,8186.6708308644875,34.204633160778805,-118.59522214297363,964,ABC WELLNESS HEALTH CENTER,0.494,0.307,2,51,158,219,362,4,44,129,235,351
5304,134522,1345.22,6622491.90034817,10276.044268486576,34.204679184690825,-118.60173055479875,866,ALL AMERICAN TREATMENT CENTER,0.472,0.293,3,47,153,216,367,3,43,123,230,346
5305,134710,1347.10,6141778.731943398,9944.812411492157,34.20463550605714,-118.5791591305013,569,SOBERMIND INC,0.321,0.199,2,65,170,235,374,5,62,145,244,361
5306,134720,1347.20,10650527.625006996,13301.314080563325,34.20464972360746,-118.56882430459478,569,SOBERMIND INC,0.635,0.395,1,72,177,241,391,4,68,155,250,372
5307,134801,1348.01,9947561.664136048,13016.0862855137,34.19699211701596,-118.57624562847379,569,SOBERMIND INC,0.802,0.498,1,73,168,236,389,3,68,151,243,368
5308,134802,1348.02,10227080.17759298,12886.245462737035,34.19564313742147,-118.56659637535579,569,SOBERMIND INC,1.267,0.787,0,76,178,241,404,1,74,154,253,381
5309,134901,1349.01,11430800.774278212,15182.444911952878,34.18683945317994,-118.56111836235158,560,PROFOUND TREATMENT,0.819,0.509,1,80,178,244,415,6,78,146,258,405
5310,134904,1349.04,11191145.48270027,15680.840583790925,34.19113066979674,-118.5805467456944,569,SOBERMIND INC,1.519,0.944,0,71,166,232,392,3,69,144,245,368
5311,134905,1349.05,27841675.52268328,22067.992187713266,34.18336361531175,-118.58430770081789,286,"TARZANA TREATMENT CENTERS, INC.",0.807,0.502,2,70,165,228,403,7,69,133,247,377
5312,134906,1349.06,1881279.9337965993,7329.323050257846,34.19250806039358,-118.58994544851123,964,ABC WELLNESS HEALTH CENTER,0.95,0.59,1,64,163,228,382,5,58,133,241,357
5313,134907,1349.07,4213747.718913888,9405.296869401946,34.19099630490964,-118.59391768566299,941,HOPE SPRINGS WELLNESS INC,0.876,0.544,2,58,159,226,380,7,56,125,236,359
5314,135102,1351.02,17958064.70343231,18952.725200175213,34.18853568266113,-118.61896867571548,557,WEST VALLEY DETOX TREATMENT,0.455,0.283,2,44,129,195,355,3,43,93,217,344
5315,135111,1351.11,11190476.143083079,13450.521597646528,34.1923058878636,-118.61031915955037,643,THE A.R.T.S.,0.941,0.584,1,49,143,205,362,7,46,109,225,352
5316,135113,1351.13,6927095.904334945,13080.962638416808,34.18101764067192,-118.60597063845404,726,NOVA VITAE ,0.29,0.18,5,54,143,209,373,11,50,106,230,361
5317,135115,1351.15,3589811.8411038057,8176.141863434999,34.18468682152533,-118.61016025235325,726,NOVA VITAE ,0.818,0.508,3,51,140,204,365,8,49,100,227,355
5318,135116,1351.16,10079453.13084349,13024.323848884036,34.18829293818963,-118.60162912039131,941,HOPE SPRINGS WELLNESS INC,0.688,0.427,2,53,154,216,373,10,52,117,234,361
5319,135201,1352.01,16487042.077697838,18595.2000683827,34.18832464852569,-118.62745427030094,557,WEST VALLEY DETOX TREATMENT,0.663,0.412,3,40,119,189,352,4,37,76,202,333
5320,135202,1352.02,18971223.83195236,17817.553308466853,34.18882282478624,-118.63692063360658,657,HOUSE OF ZEN INC,1.441,0.896,0,36,108,182,340,4,35,66,198,321
5321,135204,1352.04,19993004.33849676,18737.621280980246,34.18909502099184,-118.64955335868997,713,REBIRTH TREATMENT CENTER,1.159,0.72,0,28,80,177,326,1,25,57,187,312
5322,135205,1352.05,28456744.272674643,24915.695730398227,34.193809270767815,-118.66239058799603,713,REBIRTH TREATMENT CENTER,1.187,0.738,0,17,73,168,314,1,16,46,180,294
5323,137000,1370.00,32407951.16156222,32602.346876977754,34.16720341103655,-118.63702968474335,594,PROFOUND HEALING CENTERS,0.429,0.266,5,35,95,181,350,9,33,65,197,333
5324,137103,1371.03,8177038.076469958,11777.66050567272,34.174490221522746,-118.60135195171598,704,ARISION INC,0.428,0.266,7,55,141,216,389,12,52,108,233,369
5325,137104,1371.04,27605172.202308603,23404.405580344242,34.17376847715669,-118.58496035616291,549, ALL AMERICAN DETOX CENTER,0.475,0.295,3,71,157,226,409,10,67,123,245,398
5326,137202,1372.02,9364189.268381845,13002.348487643465,34.17458270239223,-118.61026917643649,783,WOODLAND HILLS RECOVERY CENTER  LLC,0.52,0.323,5,49,133,204,376,13,49,94,224,359
5327,137203,1372.03,12099806.856804347,14510.430306778757,34.17212968618229,-118.61894258531719,823,"PETRA WELLNESS, INC.",0.571,0.355,3,43,120,195,367,13,43,84,213,356
5328,137301,1373.01,17325461.926004466,20267.872612713163,34.176537426849976,-118.63399925490002,567,ZEN RECOVERY CENTER INC.,0.446,0.277,4,36,100,184,351,10,35,66,199,333
5329,137302,1373.02,26336488.27756602,25068.05163517182,34.17735288415499,-118.65420789378047,713,REBIRTH TREATMENT CENTER,0.853,0.53,1,24,77,174,326,2,22,50,186,308
5330,137401,1374.01,25590865.96379028,26377.21475163197,34.15915031699133,-118.61085107432922,342,WARNER PARK RECOVERY CENTER,1.147,0.713,0,46,116,196,392,5,44,88,219,366
5331,137402,1374.02,33175391.230133314,30889.371186471217,34.155469566441276,-118.62496468645948,507,HARMONY PLACE WOODLAND HILLS,1.037,0.644,0,36,98,188,369,6,35,71,200,356
5332,137501,1375.01,27063405.61382728,24228.646378690304,34.1649392206283,-118.57681585942134,736,LAUNCH TO WELLNESS ,0.439,0.273,5,68,148,231,426,13,62,117,249,416
5333,137502,1375.02,22497691.042691328,19258.4265640139,34.1634566538057,-118.59770496776021,765,HILLSIDE RETREAT DETOX,0.163,0.101,3,53,130,213,404,8,52,102,231,384
5334,137504,1375.04,41305116.38695859,32874.77387474606,34.14804315428478,-118.57207166282554,677,HILLSIDE RECOVERY CENTER,0.827,0.514,1,57,134,227,432,1,57,106,255,422
5335,138000,1380.00,48135943.08801229,31253.130379156933,34.148805656054435,-118.59106172897272,818,HIGHLAND PARK,1.105,0.687,0,49,120,216,418,3,47,95,229,403
5336,139001,1390.01,13344180.14522421,17734.572191981017,34.17541615506746,-118.51173029160361,798,ATMOSPHERE TREATMENT CENTER LLC,0.877,0.545,2,73,189,287,450,9,69,152,306,441
5337,139200,1392.00,12399572.360783111,14017.097083953873,34.175700979856664,-118.52465688057849,609,911 DETOX CENTER,0.811,0.504,3,75,191,276,446,12,74,149,291,436
5338,139301,1393.01,30843790.999394927,26908.093878128766,34.178158668468875,-118.55813878394497,560,PROFOUND TREATMENT,0.374,0.232,7,79,180,248,421,15,78,138,263,410
5339,139302,1393.02,3641075.0989485746,7960.590531219638,34.17672788156128,-118.53837774887826,282,"TARZANA TREATMENT CENTERS, INC.",0.332,0.206,10,74,187,265,437,18,69,138,280,420
5340,139303,1393.03,4472901.079450431,9039.501435958427,34.17628919941343,-118.53331948158932,861,NEW VISION MENTAL HEALTH AND ADDICTION RECOVERY CENTER,0.441,0.274,10,73,192,268,440,14,71,141,282,425
5341,139401,1394.01,9765085.111484535,12733.708329833078,34.169700349822556,-118.53759528181135,845,PRISTINE RECOVERY INC.,0.007,0.004,8,68,189,267,442,19,68,132,282,426
5342,139402,1394.02,26304322.716514245,28597.989184937556,34.16776977907556,-118.5517904446441,578,TARZANA RECOVERY CENTER,0.173,0.107,5,73,172,248,427,22,72,136,270,420
5343,139502,1395.02,11275140.057618711,16958.941470665563,34.1628450536194,-118.52632329423156,919,"ENDURE HEALTH AND WELLNESS, INC.",0.359,0.223,4,69,183,276,450,17,68,136,299,440
5344,139504,1395.04,3111312.4481849778,8102.194680918983,34.16702307899491,-118.52026250391818,504,INNERACTIONS,0.633,0.394,4,72,182,283,450,12,70,141,297,443
5345,139505,1395.05,1821398.900819495,6648.2808540097985,34.16753442547252,-118.52317785120124,609,911 DETOX CENTER,0.699,0.434,3,72,184,278,449,12,71,143,293,441
5346,139506,1395.06,1964296.13844799,6284.296790010613,34.168026449726746,-118.52578692286058,609,911 DETOX CENTER,0.459,0.285,3,72,186,277,447,16,70,142,291,439
5347,139600,1396.00,26665920.90495047,20761.201672889983,34.16406475840745,-118.5101123322661,881,U MATTER INTENSIVE OUTPATIENT PROGRAM,0.309,0.192,9,67,184,290,458,11,65,135,314,444
5348,139701,1397.01,36582509.77149424,32947.29544899242,34.157347565287886,-118.49573219301982,879,COPE RECOVERY,0.611,0.38,2,63,174,298,465,11,54,121,336,454
5349,139703,1397.03,50898904.865778014,41376.80231751922,34.14458380375237,-118.53209079548665,653,ALLIANCE TREATMENT CENTER,0.534,0.332,2,57,160,273,454,7,54,102,299,440
5350,139704,1397.04,68360795.99611488,43907.468922871856,34.141201228909026,-118.51327538703659,621,13 CHAPTERS LLC,1.021,0.634,0,47,149,289,464,5,42,105,315,452
5351,139705,1397.05,32758541.31547984,38575.468443178404,34.14005088991081,-118.49163862323584,963,KS VENTURES,0.91,0.566,1,39,142,302,469,3,36,107,341,464
5352,139801,1398.01,39466682.49516586,27776.59951972691,34.152721919957735,-118.54559556409646,556,WEST VALLEY DETOX TREATMENT,0.462,0.287,3,63,159,254,449,6,61,118,278,427
5353,139802,1398.02,65400730.69453208,46975.28501516354,34.142869268089434,-118.55636792065913,681,"4 HEALTHY LIVING DETOX, INC.",1.155,0.717,0,52,134,246,444,3,50,101,266,431
5354,141101,1411.01,8170710.473618708,11728.907215168772,34.15155085572311,-118.42666273150334,673,CALI RECOVERY INC.,0.652,0.405,2,46,148,308,481,8,42,108,343,479
5355,141102,1411.02,8383648.904312444,15328.385123255848,34.149102197609785,-118.43232468813953,673,CALI RECOVERY INC.,0.795,0.494,3,45,149,304,481,7,41,103,350,478
5356,141201,1412.01,7545646.496950091,12115.153492735832,34.1527315477561,-118.44244698154934,631,CONNECTED OUTPATIENT INC.,0.337,0.209,4,46,156,311,480,10,44,113,343,474
5357,141202,1412.02,7536244.1734377835,12658.332346407115,34.14718467721989,-118.44237243249651,829,RADWOOD REHAB LLC,0.26,0.162,4,41,157,309,482,9,37,103,347,477
5358,141303,1413.03,2828156.8493704977,7096.509127775012,34.154949500499804,-118.4552587069532,795,"CARMEL TREATMENT CENTER, LLC",0.236,0.147,4,52,163,314,474,8,48,115,343,466
5359,141304,1413.04,7666046.194053967,14136.139088364756,34.15100580576937,-118.4526416415583,508,THE VILLA OUTPATIENT SERVICES LLC,0.385,0.239,5,47,162,315,480,8,42,105,338,470
5360,141305,1413.05,7439679.342394936,11418.443684268786,34.156311793043464,-118.46297369731705,722,THE HEALTHIER CHOICE RECOVERY,0.705,0.438,2,54,171,309,472,9,53,120,348,464
5361,141306,1413.06,6448497.1508110035,12450.087572375644,34.15061041573204,-118.46286580718322,337,CROSSPOINTE RECOVERY,0.576,0.358,3,49,166,309,474,8,46,112,344,465
5362,141400,1414.00,21337124.717517015,19434.998195079752,34.15753870581537,-118.47613949583027,253,ERG 2,0.32,0.199,3,58,172,311,473,6,55,121,349,462
5363,141500,1415.00,35251880.60420389,31415.464545428,34.14056702936808,-118.47876716270328,961,LA INPATIENT,0.87,0.54,1,40,147,314,476,4,37,104,344,465
5364,141600,1416.00,42034369.16793692,37482.079909399756,34.13889370976629,-118.46122207390404,589,VANITY WELLNESS CENTER INCORPORATED,0.431,0.268,2,34,155,312,478,5,30,92,340,473
5365,141700,1417.00,34917644.266775854,31997.527759144676,34.13799123104533,-118.43766073182113,269,RED DOOR LIFE,1.205,0.749,0,34,153,309,485,4,33,92,349,479
5366,143101,1431.01,14733761.966787083,18487.39605269909,34.147495238472274,-118.35383280915624,597,EMPOWER RECOVERY CENTER,0.803,0.499,1,32,132,245,493,3,30,85,276,472
5367,143102,1431.02,4210680.787971393,8677.418427452052,34.15013936447312,-118.36264957531388,597,EMPOWER RECOVERY CENTER,0.273,0.17,1,33,138,248,497,1,29,86,278,478
5368,143200,1432.00,10301572.9592493,14060.067521757257,34.14944479516078,-118.37207406259105,597,EMPOWER RECOVERY CENTER,1.086,0.675,0,32,138,262,498,3,31,92,291,488
5369,143301,1433.01,6246426.565023414,13124.082236366186,34.15599017627626,-118.38782600579773,968,WAKE POINT RECOVERY ,0.67,0.416,1,39,135,279,500,5,38,107,313,490
5370,143302,1433.02,11157767.613619981,16035.814975089183,34.15117528736408,-118.38636981545118,968,WAKE POINT RECOVERY ,0.219,0.136,1,39,132,281,499,2,38,108,311,491
5371,143401,1434.01,11938069.828114025,14981.899845096339,34.153498739899675,-118.41388108424668,603,REFINE RECOVERY,0.868,0.539,1,49,146,306,487,7,41,103,330,483
5372,143402,1434.02,6976620.250859616,10582.34308940494,34.153995169546285,-118.40085720471596,857,SHADYGLADE RECOVERY CENTER,0.481,0.299,2,44,143,292,496,5,43,104,327,487
5373,143500,1435.00,13327076.164475316,18907.639294869983,34.147762021768656,-118.40710106331973,857,SHADYGLADE RECOVERY CENTER,0.504,0.313,1,45,145,300,493,3,41,97,329,487
5374,143602,1436.02,13131129.243971497,16670.545918419957,34.14512424375427,-118.38751634661267,968,WAKE POINT RECOVERY ,0.544,0.338,1,38,131,278,500,3,32,105,309,493
5375,143603,1436.03,5655785.73488888,13494.06534059382,34.14449188806541,-118.37202942415551,719,360 INTEGRATED RECOVERY INC.,0.859,0.534,1,33,143,259,502,3,29,91,295,487
5376,143605,1436.05,3544582.5898027737,8243.704753741797,34.141517069515785,-118.36495055615082,706,LUXE RECOVERY,0.687,0.427,2,34,141,253,502,3,30,85,285,477
5377,143606,1436.06,2619296.6997388946,12326.482784210517,34.141194321700105,-118.37130070251439,719,360 INTEGRATED RECOVERY INC.,0.493,0.306,2,31,145,258,503,3,31,86,299,487
5378,143700,1437.00,35385350.82348223,37368.09363053764,34.12898633148787,-118.35682501325407,706,LUXE RECOVERY,0.981,0.609,1,29,133,257,487,2,27,81,285,479
5379,143801,1438.01,15406756.291782046,21428.124940163092,34.13690259600194,-118.38580607705362,700,STUDIO CITY RECOVERY,0.673,0.418,1,31,140,278,505,3,29,91,306,496
5380,143802,1438.02,12536514.857556256,31513.42547347475,34.13388790832367,-118.37437558742391,719,360 INTEGRATED RECOVERY INC.,0.406,0.252,2,29,149,264,505,3,28,84,300,493
5381,143901,1439.01,56976916.49823695,42046.852126583966,34.13251394124754,-118.39740273470787,700,STUDIO CITY RECOVERY,0.982,0.61,1,28,139,291,503,2,26,96,316,492
5382,143902,1439.02,27199022.83278482,34224.69368397816,34.13696083803949,-118.41869743056714,754,"REVIVE PREMIER RECOVERY, INC",0.515,0.32,1,33,150,308,490,1,31,88,336,484
5383,181000,1810.00,44543384.70224259,37799.83955292015,34.14399667527379,-118.20283391269444,581,"RECOVERY ZONE, INC.",0.759,0.472,1,7,46,112,318,1,7,32,130,291
5384,181300,1813.00,15510655.439350495,21437.949799172817,34.13608990729696,-118.22367123098434,310,DIDI HIRSCH MENTAL HEALTH SERVICES - GLENDALE SITE,0.932,0.579,1,9,62,140,345,1,9,26,159,327
5385,181400,1814.00,9463031.478301862,14429.046463504428,34.13672424712818,-118.20888580722121,581,"RECOVERY ZONE, INC.",1.101,0.684,0,7,48,122,332,1,6,31,143,309
5386,181500,1815.00,11778970.26703146,17895.198609483727,34.13478598791964,-118.19286400217536,581,"RECOVERY ZONE, INC.",0.616,0.383,2,7,43,108,306,2,6,32,122,289
5387,181600,1816.00,13454684.098709252,17952.905094429098,34.12972818604393,-118.20975273398295,581,"RECOVERY ZONE, INC.",1.545,0.96,0,4,53,126,335,1,4,31,148,317
5388,183101,1831.01,10418565.69692027,17031.553973714283,34.12251175370693,-118.18179937159535,819,HIGHLAND PARK,0.899,0.559,1,7,47,111,293,1,5,26,122,277
5389,183103,1831.03,7081005.553879471,19689.55378728367,34.1158218297125,-118.17578831951602,819,HIGHLAND PARK,1.826,1.134,0,6,45,108,289,0,4,25,124,268
5390,183104,1831.04,7177217.014402335,16087.088087753425,34.121490272751785,-118.17269689907653,819,HIGHLAND PARK,1.624,1.009,0,11,46,103,281,0,10,27,115,265
5391,183220,1832.20,5760984.865488821,13315.745501571244,34.119977135298946,-118.18929828480982,819,HIGHLAND PARK,0.985,0.612,1,6,51,113,310,1,5,28,130,289
5392,183221,1832.21,7607138.708424687,12827.573746035223,34.12543689872006,-118.19095072678401,819,HIGHLAND PARK,0.46,0.286,1,7,48,112,314,1,5,30,129,289
5393,183222,1832.22,9995845.45724165,16899.841440369488,34.129186589299245,-118.19734756909125,819,HIGHLAND PARK,0.863,0.536,1,5,48,114,315,2,5,30,131,299
5394,183300,1833.00,5826344.37330465,10264.321649325226,34.12100499313294,-118.20082852367884,819,HIGHLAND PARK,1.464,0.909,0,6,54,120,328,1,5,31,144,311
5395,183401,1834.01,5223873.286822479,10480.956055486346,34.1216710162148,-118.2092384320566,802,CA DRUG DETOX LLC,1.841,1.144,0,4,54,131,334,0,4,31,155,323
5396,183402,1834.02,5526588.294741537,11220.137004507887,34.12572550178978,-118.21642204890742,802,CA DRUG DETOX LLC,1.445,0.898,0,5,58,137,342,1,4,30,159,330
5397,183510,1835.10,5386503.600217624,10456.904952131134,34.11540706094024,-118.20309485202355,819,HIGHLAND PARK,2.035,1.264,0,6,54,126,333,0,6,30,149,316
5398,183520,1835.20,4603630.952021759,9181.872540431546,34.11094607829313,-118.20159706050251,819,HIGHLAND PARK,2.344,1.457,0,8,50,130,329,0,8,31,146,315
5399,183610,1836.10,4075528.4311408736,9804.40067431831,34.11400723645936,-118.19490953373425,819,HIGHLAND PARK,1.761,1.094,0,6,52,118,323,0,6,30,143,301
5400,183620,1836.20,5569786.879239715,9445.373174856413,34.11518082310859,-118.18986448581731,819,HIGHLAND PARK,1.521,0.945,0,6,51,116,312,1,6,26,133,290
5401,183701,1837.01,5929404.438085381,12531.344956506193,34.109310552441755,-118.18787209845591,819,HIGHLAND PARK,2.164,1.344,0,7,50,119,315,0,7,25,136,289
5402,183702,1837.02,9605920.268001465,17111.310174481787,34.105475189794234,-118.18421399185411,819,HIGHLAND PARK,2.613,1.624,0,7,49,118,313,0,7,23,136,281
5403,183810,1838.10,4896689.875887851,10289.066625254976,34.10736988289208,-118.19786176584458,819,HIGHLAND PARK,2.547,1.583,0,8,50,128,327,0,7,28,146,312
5404,183820,1838.20,3322202.845936264,10487.572704586843,34.10396412057423,-118.19713763037399,819,HIGHLAND PARK,2.884,1.792,0,7,53,128,331,0,7,29,150,311
5405,185101,1851.01,8773447.402297318,18663.597141089183,34.102475514095815,-118.20604459835572,802,CA DRUG DETOX LLC,2.666,1.657,0,8,57,138,340,0,7,31,150,319
5406,185102,1851.02,15746381.473975101,27682.730203068342,34.10623110260536,-118.21283655742148,802,CA DRUG DETOX LLC,1.918,1.192,0,9,57,142,347,0,9,32,157,331
5407,185202,1852.02,12978068.850966584,17415.35121041009,34.095064710367055,-118.21707529084634,802,CA DRUG DETOX LLC,2.713,1.686,0,9,63,148,348,0,9,39,167,337
5408,185203,1852.03,5899570.430386368,11949.35082024134,34.1001316917409,-118.2316997804799,802,CA DRUG DETOX LLC,1.954,1.214,0,11,65,161,359,0,10,43,179,347
5409,185204,1852.04,10372194.65325292,17362.70700747483,34.10290936618421,-118.22327168093956,802,CA DRUG DETOX LLC,1.697,1.054,0,11,65,150,352,0,11,39,174,344
5410,185310,1853.10,4532369.8887022715,12164.17908262269,34.092207722837195,-118.22263779871247,802,CA DRUG DETOX LLC,2.867,1.782,0,11,66,150,355,0,10,40,168,342
5411,185320,1853.20,5986319.311939157,12738.94777471024,34.08868740720092,-118.22482043588586,363,GATEWAYS OUTPATIENT HEALING AND ADDICTION RECOVERY,2.952,1.834,0,11,66,152,355,0,11,45,169,344
5412,186100,1861.00,14499171.907800317,21970.246328523885,34.12846752517655,-118.22999277822672,802,CA DRUG DETOX LLC,1.224,0.761,0,13,67,148,352,2,13,29,172,338
5413,186201,1862.01,5618755.447078239,12105.648736162295,34.12131715315177,-118.21885781001235,802,CA DRUG DETOX LLC,0.991,0.616,1,6,64,141,346,1,5,28,166,332
5414,186202,1862.02,4394286.675186224,11049.874478835343,34.12003390215168,-118.22420183499527,802,CA DRUG DETOX LLC,0.492,0.306,1,9,68,148,352,1,8,31,172,335
5415,186203,1862.03,9070402.674499484,15825.685372679047,34.11500799982192,-118.21535380099976,802,CA DRUG DETOX LLC,1.251,0.777,0,7,60,142,348,1,5,30,163,329
5416,186301,1863.01,12491036.393912772,17918.949082421695,34.122354570893286,-118.2404269494517,802,CA DRUG DETOX LLC,1.215,0.755,0,14,66,162,362,1,12,43,186,348
5417,186302,1863.02,18139341.782479733,17905.21935438151,34.11267794001627,-118.22886724816023,802,CA DRUG DETOX LLC,0.539,0.335,1,9,67,160,355,1,9,37,175,344
5418,186401,1864.01,10370782.443554087,17895.702093262556,34.117495324195446,-118.24552964163668,802,CA DRUG DETOX LLC,1.559,0.969,0,12,70,170,374,1,11,47,190,353
5419,186403,1864.03,5872994.310279738,11992.562937544792,34.11179309035104,-118.23953383521462,802,CA DRUG DETOX LLC,1.191,0.74,0,11,68,166,370,1,7,49,187,350
5420,186404,1864.04,4317771.046679916,8867.00099955289,34.106764402921016,-118.23544147681086,802,CA DRUG DETOX LLC,1.352,0.84,0,8,65,167,364,1,8,45,183,349
5421,187101,1871.01,8483179.308222916,12910.607387665605,34.115454507170284,-118.25907253242013,939,LOS FELIZ DETOX CENTER INC.,1.065,0.662,0,17,74,177,384,2,14,55,194,368
5422,187102,1871.02,23579786.272269156,38378.69919365897,34.10371047415606,-118.24320273368146,802,CA DRUG DETOX LLC,2.041,1.268,0,13,71,168,373,0,12,51,192,356
5423,187200,1872.00,10239846.921493808,15559.656139200173,34.103223891150435,-118.24725196010533,363,GATEWAYS OUTPATIENT HEALING AND ADDICTION RECOVERY,2.185,1.357,0,14,73,170,377,0,13,52,194,361
5424,187300,1873.00,12580918.296027083,19454.912890901134,34.101617406286984,-118.25673614036985,436,"SPENCER RECOVERY CENTERS, INC.",1.514,0.941,0,20,82,176,382,2,18,57,200,370
5425,188100,1881.00,22692976.776497766,25959.53565292814,34.136434335714185,-118.2711243244677,717,HIGHER VISION WELLNESS CENTER,1.244,0.773,0,12,76,182,400,3,12,48,211,382
5426,188201,1882.01,8354825.6342773065,17041.606203262774,34.111839835806364,-118.27226179699657,939,LOS FELIZ DETOX CENTER INC.,0.297,0.184,3,27,89,180,393,4,26,56,204,381
5427,188202,1882.02,8177322.120514323,11794.883591830105,34.11640597533779,-118.27976631338154,612,LUXE RECOVERY,0.317,0.197,2,28,92,188,407,4,27,55,215,388
5428,188300,1883.00,9933262.073366174,12689.029409438908,34.120761782887946,-118.26414855731107,675,SOLACE TREATMENT CENTER,1.066,0.663,0,14,77,176,389,3,14,50,201,372
5429,189101,1891.01,4254115.405545151,8256.53744052244,34.10474160142323,-118.2885171695883,602,LIFESCAPE RECOVERY CENTERS,1.239,0.77,0,32,105,187,414,2,30,72,225,397
5430,189102,1891.02,6761960.412901734,12162.014429077264,34.112640201507816,-118.2884447514362,612,LUXE RECOVERY,1.073,0.667,0,29,99,203,418,2,28,64,224,398
5431,189201,1892.01,3505709.4563220767,7950.8419048378555,34.103587745294845,-118.29617269834365,602,LIFESCAPE RECOVERY CENTERS,1.161,0.721,0,35,111,195,424,2,32,73,235,405
5432,189202,1892.02,11136029.989395304,17379.287896423255,34.111336467703914,-118.29576760007187,612,LUXE RECOVERY,1.702,1.057,0,32,107,200,427,0,31,72,232,406
5433,189300,1893.00,20450347.980434433,25805.74471859465,34.111272205597416,-118.30932684417007,334,VAN NESS RECOVERY HOUSE,1.288,0.8,0,31,111,217,446,3,30,78,243,420
5434,189400,1894.00,15572866.81099133,29227.415756096758,34.12008609366155,-118.321154994027,784,BLISS RECOVERY ,0.451,0.281,4,30,119,236,459,7,28,80,257,450
5435,189501,1895.01,3691369.697088901,9296.864585487836,34.108928093481246,-118.31927226064042,334,VAN NESS RECOVERY HOUSE,0.398,0.247,4,33,118,231,453,7,29,83,255,437
5436,189502,1895.02,2683324.5192369684,7299.366955856948,34.10770947675625,-118.3240737865084,606,HOLLYWOOD HILLS RECOVERY ,0.119,0.074,5,32,120,235,457,8,31,85,256,443
5437,189600,1896.00,11523874.014348004,20188.04542192615,34.11126515084919,-118.32981108087372,946,CIRCLE OF STRENGTH RECOVERY,0.163,0.101,6,32,123,245,462,9,30,84,257,449
5438,189702,1897.02,15699524.847689992,23121.728291354688,34.112497601848744,-118.34103606154316,732,LEGACY HEALING CENTER CALIFORNIA,0.24,0.149,1,32,125,248,479,8,31,90,267,458
5439,189703,1897.03,36424459.549189575,43353.964435795686,34.12770060503535,-118.33428781388918,742,LAKERIDGE RECOVERY CENTER,0.704,0.437,1,23,126,240,484,5,22,83,265,456
5440,189704,1897.04,10477813.759512931,25872.926649310415,34.13410636121621,-118.34317818591646,870,HILLOCK HOUSE I,0.202,0.126,1,28,125,246,483,2,26,81,271,472
5441,189801,1898.01,4421018.988281174,10113.93427399976,34.098480990898594,-118.36135139838088,650,HEALING PATH RECOVERY LLC,1.517,0.943,0,39,131,257,484,3,37,81,288,466
5442,189802,1898.02,3433588.1635206225,7873.146346269434,34.09806071695725,-118.35608398206088,650,HEALING PATH RECOVERY LLC,1.111,0.69,0,39,133,255,481,4,38,84,278,460
5443,189903,1899.03,903792.7350174646,4148.746180096777,34.10251997597296,-118.3477245535088,878,RECOVERY DYNAMICS,0.871,0.541,2,35,128,251,477,6,32,87,272,459
5444,189904,1899.04,1717859.999410351,5282.079056791363,34.099723908341,-118.34680509271989,212,BHS HOLLYWOOD RECOVERY CENTER,0.659,0.409,5,38,124,252,473,6,37,86,270,454
5445,189905,1899.05,2780937.665045482,6976.506227876375,34.10060783349127,-118.35160042284409,212,BHS HOLLYWOOD RECOVERY CENTER,1.11,0.689,0,39,130,252,481,6,35,86,277,458
5446,189906,1899.06,2182591.8501376254,5943.374633856944,34.09616938806263,-118.34683525836661,616,"MBI HEALTH SERVICES, INC",0.58,0.36,4,43,126,249,469,5,39,88,274,448
5447,189907,1899.07,1746429.8729544862,5286.4850585109825,34.09620422215271,-118.35174406196946,650,HEALING PATH RECOVERY LLC,0.698,0.434,3,39,127,253,473,5,36,87,277,457
5448,190101,1901.01,2415023.4449793426,6832.130176888864,34.102469701110515,-118.34231859199318,878,RECOVERY DYNAMICS,0.39,0.242,2,36,121,249,471,7,34,87,269,453
5449,190102,1901.02,4049647.9896587715,8766.927230500321,34.09771335909997,-118.34134222912118,212,BHS HOLLYWOOD RECOVERY CENTER,0.121,0.075,5,41,122,247,465,5,40,88,267,445
5450,190201,1902.01,2441732.8201675136,6951.861666647951,34.10336268314488,-118.32972619555801,423,LA FUENTE HOLLYWOOD TREATMENT CENTER ,0.765,0.475,5,33,116,244,458,8,32,88,260,444
5451,190202,1902.02,2275158.7716431883,6643.154703696763,34.10340711796915,-118.33554737507853,878,RECOVERY DYNAMICS,0.264,0.164,2,35,119,246,461,9,33,91,265,448
5452,190302,1903.02,2581477.3694955586,9434.624827707337,34.10396779433176,-118.31775737468719,334,VAN NESS RECOVERY HOUSE,0.437,0.271,3,35,117,222,448,6,33,81,255,434
5453,190303,1903.03,1760119.246444386,5299.2912814760575,34.10355198035785,-118.31146889751541,334,VAN NESS RECOVERY HOUSE,0.99,0.615,1,35,113,212,442,5,35,79,251,420
5454,190401,1904.01,1796752.675997566,5352.448943437797,34.10357670624158,-118.30279885038289,623,RISE WELLNESS CENTER,1.388,0.862,0,35,109,204,427,3,35,76,238,412
5455,190402,1904.02,1691439.607709749,5221.3916302048565,34.10355393554529,-118.30716363353463,422,LA FUENTE HOLLYWOOD TREATMENT CENTER LLC,1.199,0.745,0,34,109,207,438,4,33,78,243,415
5456,190510,1905.10,3427014.77382389,7981.117831192824,34.099981939755274,-118.3114022663641,422,LA FUENTE HOLLYWOOD TREATMENT CENTER LLC,0.661,0.411,1,36,114,214,441,5,34,81,251,416
5457,190520,1905.20,2625881.6139949667,6612.057711975645,34.0999376517754,-118.30381701828188,623,RISE WELLNESS CENTER,1.043,0.648,0,36,111,200,425,3,35,76,234,411
5458,190701,1907.01,4762957.718815918,9891.61421204491,34.099788843160816,-118.33266850040447,878,RECOVERY DYNAMICS,0.687,0.427,3,38,118,243,458,7,34,87,264,444
5459,190702,1907.02,2152792.9770431262,5909.32843018442,34.09618660941024,-118.33593173691285,212,BHS HOLLYWOOD RECOVERY CENTER,0.419,0.26,2,42,122,242,457,6,39,87,263,444
5460,190801,1908.01,3489474.2509989548,7925.329662174455,34.094381536808754,-118.32447080898847,423,LA FUENTE HOLLYWOOD TREATMENT CENTER ,0.651,0.404,2,42,121,228,452,5,37,85,260,429
5461,190802,1908.02,5239268.652644499,9249.700405998006,34.0943652390564,-118.32992798288397,423,LA FUENTE HOLLYWOOD TREATMENT CENTER ,0.928,0.577,1,44,122,234,453,5,42,86,260,437
5462,190901,1909.01,5276300.588336497,9290.822749061326,34.09442702733658,-118.31248930104127,422,LA FUENTE HOLLYWOOD TREATMENT CENTER LLC,0.171,0.106,1,39,115,217,437,5,36,82,240,418
5463,190902,1909.02,5241761.853088032,9257.056884776202,34.094399875547445,-118.3190252174727,422,LA FUENTE HOLLYWOOD TREATMENT CENTER LLC,0.431,0.268,2,41,119,221,444,3,37,84,252,420
5464,191000,1910.00,6982346.090483507,11184.156686645947,34.100959667139755,-118.32168913902467,423,LA FUENTE HOLLYWOOD TREATMENT CENTER ,0.13,0.081,4,39,118,223,449,7,36,85,256,435
5465,191110,1911.10,2935770.351038734,7507.323334672928,34.09658891486243,-118.30495295353748,623,RISE WELLNESS CENTER,0.803,0.499,2,38,110,204,422,4,38,80,234,413
5466,191120,1911.20,4086485.781542627,8373.032154317503,34.09293359455159,-118.3048062199886,623,RISE WELLNESS CENTER,0.583,0.362,3,39,115,208,421,7,39,85,230,410
5467,191201,1912.01,6159853.675180413,9951.821008239023,34.09858148999636,-118.29618567543457,602,LIFESCAPE RECOVERY CENTERS,0.676,0.42,2,39,107,197,421,4,36,75,234,399
5468,191203,1912.03,2208777.338004439,5985.1469830262495,34.09317230518638,-118.29391982412552,602,LIFESCAPE RECOVERY CENTERS,0.234,0.145,4,38,109,197,416,5,34,75,229,398
5469,191204,1912.04,2164407.5412006476,5918.997613921744,34.09307097997125,-118.29829332697635,623,RISE WELLNESS CENTER,0.171,0.106,4,38,111,205,420,7,38,79,228,399
5470,191301,1913.01,2944230.5281533995,8542.864192851524,34.09233938522391,-118.28659746230993,602,LIFESCAPE RECOVERY CENTERS,0.486,0.302,2,36,109,187,405,4,34,73,222,388
5471,191302,1913.02,4547375.211013231,9355.998822244494,34.09623257441127,-118.28841576197664,602,LIFESCAPE RECOVERY CENTERS,0.388,0.241,2,34,108,188,412,4,34,71,223,391
5472,191410,1914.10,3351636.2158293165,7438.637777291776,34.08876691845989,-118.28812906100421,314,SOCORRO,0.265,0.165,2,36,107,190,406,7,31,74,226,387
5473,191420,1914.20,2445268.56641392,6614.973533099295,34.08512635473841,-118.28811510684454,314,SOCORRO,0.407,0.253,2,35,107,191,403,9,34,78,225,386
5474,191500,1915.00,6903622.396591517,10328.444293226168,34.08726567379283,-118.29604924130183,739,NUMA BEHAVIORAL HEALTH ,0.306,0.19,6,41,111,197,416,7,41,78,221,393
5475,191610,1916.10,4498406.675930394,9410.998592979602,34.086390061786204,-118.3059689340892,739,NUMA BEHAVIORAL HEALTH ,0.676,0.42,4,46,114,212,422,8,44,86,232,407
5476,191620,1916.20,2463246.375424449,7019.869875943937,34.0885903013876,-118.3027330221802,623,RISE WELLNESS CENTER,0.498,0.31,3,44,113,211,422,8,43,83,228,404
5477,191710,1917.10,7627441.7695561955,13209.029778441858,34.086517458495045,-118.31696939502524,422,LA FUENTE HOLLYWOOD TREATMENT CENTER LLC,0.926,0.576,1,48,114,222,436,2,47,84,238,418
5478,191720,1917.20,2845123.187248124,6946.316445253603,34.08879459937666,-118.31237325639886,422,LA FUENTE HOLLYWOOD TREATMENT CENTER LLC,0.666,0.414,1,48,113,218,430,6,42,85,235,415
5479,191810,1918.10,4351163.390164875,9234.500263655384,34.08892887445151,-118.32772436121063,423,LA FUENTE HOLLYWOOD TREATMENT CENTER ,1.322,0.821,0,46,119,225,453,3,42,86,256,430
5480,191820,1918.20,4356427.2080494715,9240.10092946224,34.08530117985387,-118.32771704322333,422,LA FUENTE HOLLYWOOD TREATMENT CENTER LLC,1.605,0.997,0,49,119,225,447,1,44,88,248,428
5481,191901,1919.01,8322072.656780996,11883.439439610383,34.09068779766871,-118.33837325665084,212,BHS HOLLYWOOD RECOVERY CENTER,0.807,0.501,4,48,122,241,456,5,44,90,266,442
5482,191902,1919.02,7817628.451745596,11569.812031270021,34.08377766790319,-118.33883442175953,616,"MBI HEALTH SERVICES, INC",1.126,0.7,0,52,122,232,457,5,48,91,263,434
5483,192001,1920.01,5713104.830003995,11592.717776331969,34.08523199809683,-118.34730891378626,650,HEALING PATH RECOVERY LLC,0.634,0.394,4,47,125,240,461,5,45,90,269,442
5484,192002,1920.02,9238710.081341967,12815.35627680447,34.08354635664395,-118.35533229495437,471,REVIVE DETOX,0.699,0.434,2,43,120,246,469,7,42,92,270,442
5485,192300,1923.00,9466568.281489432,12502.505884109885,34.07974787580556,-118.3285044732164,422,LA FUENTE HOLLYWOOD TREATMENT CENTER LLC,2.101,1.305,0,48,118,226,445,0,44,92,244,426
5486,192410,1924.10,7361268.920749461,10853.941434561744,34.07986258533428,-118.31811298071041,422,LA FUENTE HOLLYWOOD TREATMENT CENTER LLC,1.671,1.038,0,50,114,220,429,0,48,90,233,416
5487,192420,1924.20,3497148.749826758,7935.454544859148,34.07988490275458,-118.31134451037889,775,INVIGORATE BEHAVIORAL HEALTH ,1.081,0.672,0,49,114,212,422,4,47,87,233,410
5488,192510,1925.10,3667687.059434929,8117.778674158083,34.07987386383664,-118.30686900965986,775,INVIGORATE BEHAVIORAL HEALTH ,0.672,0.418,4,49,117,207,418,6,46,85,233,406
5489,192520,1925.20,3313098.5027888254,7806.68124677529,34.079930341037,-118.30250935747662,775,INVIGORATE BEHAVIORAL HEALTH ,0.279,0.173,4,47,117,203,419,8,43,87,226,398
5490,192610,1926.10,4471291.153169816,9148.656873981598,34.08136981856515,-118.29616613603163,775,INVIGORATE BEHAVIORAL HEALTH ,0.328,0.204,5,41,110,199,414,10,37,83,224,390
5491,192620,1926.20,2621589.808745825,7268.93645380325,34.07767651539204,-118.29606628311757,509,MELROSE RECOVERY,0.363,0.225,5,41,113,197,411,10,34,81,224,390
5492,192700,1927.00,5717757.340444776,9614.054321936232,34.08001822686437,-118.28811854776208,330,NO MATTER WHAT RECOVERY,0.598,0.372,3,33,106,196,401,9,32,79,221,387
5493,194101,1941.01,27368995.706868097,33899.95231588035,34.11142325784758,-118.35303209316623,732,LEGACY HEALING CENTER CALIFORNIA,0.873,0.543,1,34,133,251,485,2,33,90,281,469
5494,194102,1941.02,37710234.87473533,38288.1554985049,34.11687091914023,-118.3662598532892,454,BREATHE WEHO TREATMENT SERVICES,0.556,0.346,1,36,140,261,501,1,35,93,289,475
5495,194200,1942.00,28019872.210367937,29548.083770131692,34.10351342538975,-118.37500861419943,454,BREATHE WEHO TREATMENT SERVICES,1.238,0.769,0,34,137,267,499,2,30,82,290,476
5496,194300,1943.00,26597779.074150193,35303.636972730106,34.101675436373576,-118.38753143033905,747,CARRARA TREATMENT WELLNESS & SPA,0.435,0.27,1,26,138,274,503,2,26,86,298,484
5497,194401,1944.01,5013242.009183706,9747.518610940846,34.08431465121602,-118.36423602407085,452,BREATHE LIFE HEALING CENTER,0.129,0.08,3,46,127,252,475,6,44,87,275,453
5498,194402,1944.02,6341559.935500598,14496.29362897321,34.08504554823619,-118.37191337858455,452,BREATHE LIFE HEALING CENTER,0.638,0.396,3,41,131,255,480,6,37,90,283,463
5499,194500,1945.00,7376766.359717992,14978.227816091314,34.07818013096873,-118.36960800948886,788,HOPESIDE DETOX LLC,0.566,0.352,3,41,128,247,477,6,39,90,273,452
5500,195100,1951.00,20400873.427235536,21728.676987625302,34.100829651649946,-118.26683177598848,436,"SPENCER RECOVERY CENTERS, INC.",0.717,0.446,1,23,90,179,389,2,21,61,200,377
5501,195201,1952.01,6466990.210426529,13793.857323264587,34.10874708815461,-118.2785289251527,436,"SPENCER RECOVERY CENTERS, INC.",0.675,0.42,2,30,94,184,404,4,29,60,218,385
5502,195202,1952.02,9450220.006630998,14520.094325256974,34.10295223113972,-118.27855338650492,436,"SPENCER RECOVERY CENTERS, INC.",0.598,0.372,1,32,99,183,404,3,29,62,213,383
5503,195300,1953.00,6246653.322185709,11071.702968116411,34.0992554169121,-118.28370151826456,602,LIFESCAPE RECOVERY CENTERS,0.936,0.582,1,32,104,189,407,3,31,68,220,389
5504,195400,1954.00,11090253.810661009,17054.023235691984,34.09169719211837,-118.27406532007724,436,"SPENCER RECOVERY CENTERS, INC.",1.501,0.933,0,29,98,186,389,2,28,70,203,380
5505,195500,1955.00,13080072.18990431,19969.43416703028,34.08819131277854,-118.26462458163029,363,GATEWAYS OUTPATIENT HEALING AND ADDICTION RECOVERY,0.813,0.505,1,28,91,179,387,1,28,66,206,373
5506,195600,1956.00,5678700.807149701,11167.787060221925,34.08083028522509,-118.26556039283906,363,GATEWAYS OUTPATIENT HEALING AND ADDICTION RECOVERY,0.956,0.594,1,30,95,180,390,3,29,72,202,372
5507,195710,1957.10,5203272.560989807,9761.838870010415,34.07473401947578,-118.26861456180985,595,HIFI RECOVERY CORPS LLC,0.689,0.428,2,29,98,181,391,6,28,71,204,372
5508,195720,1957.20,3110500.284871438,8346.48538620845,34.07376196672991,-118.26338958287833,391,ROBERT SUNDANCE FAMILY WELLNESS CENTER,0.827,0.514,1,28,95,178,384,4,27,67,197,364
5509,195802,1958.02,4332629.912311367,9935.908865013778,34.07567538983795,-118.27770819561586,595,HIFI RECOVERY CORPS LLC,0.315,0.196,3,33,101,178,394,4,30,79,217,381
5510,195803,1958.03,4062124.9988980033,9006.744409595289,34.081814217708626,-118.27694066855443,330,NO MATTER WHAT RECOVERY,0.835,0.519,2,31,102,188,397,4,29,76,213,381
5511,195804,1958.04,3615043.816930515,7708.3600070097245,34.07877923848431,-118.27283142926254,595,HIFI RECOVERY CORPS LLC,0.674,0.419,2,31,100,182,390,3,30,75,211,374
5512,195901,1959.01,3130914.426826522,8190.0158634461495,34.08878346760199,-118.28232701098425,314,SOCORRO,0.79,0.491,1,31,107,188,396,5,30,75,216,386
5513,195902,1959.02,3742492.6156339217,8216.515848999894,34.08638821430149,-118.27932467257465,314,SOCORRO,1.077,0.669,0,29,100,190,392,4,28,77,214,381
5514,195903,1959.03,2562591.993549857,6738.806173762205,34.08081767314889,-118.28245219604167,330,NO MATTER WHAT RECOVERY,0.493,0.306,1,32,106,184,396,7,31,79,221,383
5515,197200,1972.00,8364430.119837312,14833.14177089205,34.090400201561344,-118.23450357532211,363,GATEWAYS OUTPATIENT HEALING AND ADDICTION RECOVERY,2.116,1.315,0,14,67,159,362,0,14,45,183,353
5516,197300,1973.00,7042090.872374993,15215.65431521394,34.08114216135658,-118.25205890984329,363,GATEWAYS OUTPATIENT HEALING AND ADDICTION RECOVERY,0.612,0.38,1,31,85,167,374,2,28,59,193,364
5517,197410,1974.10,14997000.806472821,18531.58848579733,34.09291945525738,-118.25044923576138,363,GATEWAYS OUTPATIENT HEALING AND ADDICTION RECOVERY,1.031,0.641,0,21,82,173,379,1,19,56,194,360
5518,197420,1974.20,6625853.294983115,11620.140237364621,34.08320482246979,-118.25719776029885,363,GATEWAYS OUTPATIENT HEALING AND ADDICTION RECOVERY,0.225,0.14,1,29,92,170,383,1,29,62,198,363
5519,197500,1975.00,6893860.435489968,10416.13028723031,34.072957704242974,-118.25770259735665,391,ROBERT SUNDANCE FAMILY WELLNESS CENTER,0.566,0.352,1,29,95,173,379,3,28,58,194,364
5520,197600,1976.00,4179592.1843522633,10403.494957759338,34.06833628701165,-118.25199856640106,391,ROBERT SUNDANCE FAMILY WELLNESS CENTER,0.547,0.34,1,30,90,170,372,1,29,54,188,362
5521,197700,1977.00,7553643.110269873,13927.262297258063,34.06854838303444,-118.24578757008572,391,ROBERT SUNDANCE FAMILY WELLNESS CENTER,1.119,0.695,0,22,86,163,370,1,21,51,182,360
5522,199001,1990.01,2689325.9238710185,8021.366299655727,34.07681819822237,-118.21730183671644,318,LINCOLN HEIGHTS RECOVERY CAMPUS,1.702,1.058,0,11,58,148,349,0,11,42,165,329
5523,199002,1990.02,14479074.40276544,20810.191023656094,34.08080774763061,-118.21999059755728,318,LINCOLN HEIGHTS RECOVERY CAMPUS,2.157,1.34,0,11,61,152,353,0,11,42,166,337
5524,199110,1991.10,9708508.640832203,14255.807623426801,34.07936557703349,-118.19741645826085,219,LINCOLN HEIGHTS FAMILY RECOVERY CENTER,0.383,0.238,1,5,59,137,320,3,5,23,153,305
5525,199120,1991.20,10353364.766976224,16463.991791558994,34.07001010771656,-118.19976295582913,318,LINCOLN HEIGHTS RECOVERY CAMPUS,0.187,0.116,3,7,56,138,320,3,6,29,154,305
5526,199201,1992.01,4253708.587014177,8935.660564329459,34.07622529980831,-118.2119191498012,318,LINCOLN HEIGHTS RECOVERY CAMPUS,1.257,0.781,0,11,58,146,342,3,10,35,162,321
5527,199202,1992.02,10273091.993661683,18301.576123255807,34.081289729186054,-118.20330484205866,219,LINCOLN HEIGHTS FAMILY RECOVERY CENTER,0.921,0.572,1,8,60,142,332,3,6,26,157,314
5528,199300,1993.00,27892002.070503533,31628.100910196295,34.09262971585382,-118.19922624399892,219,LINCOLN HEIGHTS FAMILY RECOVERY CENTER,1.837,1.141,0,7,58,134,328,0,7,24,153,314
5529,199400,1994.00,7503405.8687037835,16929.536529036915,34.08927038895028,-118.20943467027416,219,LINCOLN HEIGHTS FAMILY RECOVERY CENTER,1.937,1.204,0,8,63,143,347,0,8,30,158,323
5530,199700,1997.00,10447073.768812988,13865.225111110421,34.06759508494343,-118.22023207334946,447,"EXODUS RECOVERY, INC.",1.468,0.912,0,12,64,148,351,1,10,47,169,325
5531,199801,1998.01,3713869.137530831,9460.365758290382,34.06932057157843,-118.21096952647271,319,LINCOLN HEIGHTS RECOVERY CAMPUS,0.867,0.539,2,10,57,141,337,3,10,36,163,315
5532,199802,1998.02,3296092.6450845185,8868.744415709665,34.072171598793005,-118.20965713270938,318,LINCOLN HEIGHTS RECOVERY CAMPUS,0.838,0.52,2,10,56,143,336,3,10,34,159,317
5533,199900,1999.00,4768480.992525133,10157.809967490795,34.065084307462485,-118.21158793922642,447,"EXODUS RECOVERY, INC.",0.868,0.539,1,10,63,136,335,3,10,37,166,315
5534,201110,2011.10,10913332.25069026,16183.430157422059,34.09480916884681,-118.17434538103713,313,"PRINCIPLES, INC., D.B.A. IMPACT",1.432,0.89,0,5,42,114,289,1,5,21,130,269
5535,201120,2011.20,8527607.252173686,13880.288896458767,34.094985271919015,-118.16365765012564,313,"PRINCIPLES, INC., D.B.A. IMPACT",1.956,1.215,0,5,39,106,275,0,5,17,117,257
5536,201200,2012.00,4745344.713541188,10433.249804909085,34.088713323173934,-118.17855942546446,313,"PRINCIPLES, INC., D.B.A. IMPACT",0.702,0.436,1,6,42,117,300,1,6,22,136,277
5537,201301,2013.01,9323319.56683412,19559.435790279185,34.088247001734786,-118.18785100466918,313,"PRINCIPLES, INC., D.B.A. IMPACT",1.079,0.671,0,7,49,130,309,2,6,18,142,292
5538,201302,2013.02,10674503.14844296,14999.881599082397,34.097886877364544,-118.1838940776126,313,"PRINCIPLES, INC., D.B.A. IMPACT",1.792,1.114,0,7,50,121,310,0,7,24,138,285
5539,201401,2014.01,14080873.281690637,15489.991104651315,34.08021620922841,-118.18483707807984,313,"PRINCIPLES, INC., D.B.A. IMPACT",0.632,0.393,1,5,49,121,307,2,5,17,145,283
5540,201402,2014.02,20894870.69560385,19009.779479613055,34.0689154731381,-118.18778032546028,219,LINCOLN HEIGHTS FAMILY RECOVERY CENTER,1.081,0.672,0,5,46,133,305,3,5,21,149,289
5541,201501,2015.01,9566161.624194006,14427.973811831132,34.08657934612175,-118.16466755697046,313,"PRINCIPLES, INC., D.B.A. IMPACT",1.356,0.842,0,5,36,110,273,1,5,18,118,262
5542,201503,2015.03,4729129.094081259,9203.947941223718,34.085177425398314,-118.17391291582614,313,"PRINCIPLES, INC., D.B.A. IMPACT",0.523,0.325,1,6,39,115,290,1,5,22,131,268
5543,201504,2015.04,3964702.9612908103,9633.746301614456,34.080832854962416,-118.17380418878405,313,"PRINCIPLES, INC., D.B.A. IMPACT",0.466,0.289,1,6,39,116,287,1,6,17,133,274
5544,201601,2016.01,5816821.746621599,11118.841893629842,34.07270191923663,-118.17747458964352,313,"PRINCIPLES, INC., D.B.A. IMPACT",1.082,0.673,0,6,43,117,292,1,6,18,142,275
5545,201602,2016.02,11471575.934433565,18959.118635607996,34.07715483034273,-118.16790423641024,313,"PRINCIPLES, INC., D.B.A. IMPACT",1.137,0.706,0,6,35,111,277,1,6,17,126,265
5546,201700,2017.00,18241832.01740658,21283.17458966297,34.06743636575257,-118.1709009317674,313,"PRINCIPLES, INC., D.B.A. IMPACT",1.805,1.122,0,6,37,114,284,0,6,18,134,273
5547,203100,2031.00,7076573.730689232,11835.711462643047,34.059083813914995,-118.19648873583668,319,LINCOLN HEIGHTS RECOVERY CAMPUS,1.167,0.725,0,9,58,133,312,3,9,28,159,294
5548,203200,2032.00,5553914.737153769,10214.8902628598,34.052607701169435,-118.19687680810324,447,"EXODUS RECOVERY, INC.",1.334,0.829,0,9,56,136,309,1,9,28,154,294
5549,203300,2033.00,16058051.345783422,15611.025193504587,34.059764251801624,-118.20629487640556,447,"EXODUS RECOVERY, INC.",0.445,0.276,1,10,64,135,325,3,9,32,161,309
5550,203500,2035.00,17863727.7088515,18886.779796122413,34.055931596311936,-118.22006866507814,447,"EXODUS RECOVERY, INC.",0.926,0.576,1,13,66,142,339,1,11,45,169,324
5551,203601,2036.01,3551943.6372687346,13045.027292915618,34.05167760595311,-118.20821377242449,447,"EXODUS RECOVERY, INC.",0.658,0.409,1,10,64,139,324,1,9,35,157,304
5552,203602,2036.02,2404778.2565505574,7367.397156493795,34.05085205182361,-118.21146438615298,447,"EXODUS RECOVERY, INC.",0.734,0.456,1,11,66,138,327,1,10,39,156,310
5553,203710,2037.10,3036174.9923809594,7623.782079544959,34.04989805633367,-118.20094435665976,447,"EXODUS RECOVERY, INC.",1.188,0.738,0,9,60,137,315,1,9,30,153,296
5554,203720,2037.20,3455623.0839030026,7965.72103813397,34.0468983762212,-118.20316227591758,447,"EXODUS RECOVERY, INC.",1.331,0.827,0,9,61,135,315,1,9,34,158,297
5555,203800,2038.00,5246195.377093367,9451.847569258538,34.044990480430954,-118.19558782630541,447,"EXODUS RECOVERY, INC.",1.923,1.195,0,10,52,136,305,0,9,31,153,294
5556,203900,2039.00,4827379.083740151,12242.870584250068,34.03338515077403,-118.19449291359439,218,BHS BOYLE HEIGHTS FAMILY RECOVERY CENTER,1.826,1.135,0,11,51,125,301,0,10,28,153,292
5557,204110,2041.10,6499062.053198278,10204.658286649395,34.03879180800255,-118.19872664448646,218,BHS BOYLE HEIGHTS FAMILY RECOVERY CENTER,2.248,1.397,0,10,52,135,305,0,9,34,156,297
5558,204120,2041.20,2835229.0779607133,6976.744364999376,34.03389535376984,-118.20118022787754,218,BHS BOYLE HEIGHTS FAMILY RECOVERY CENTER,1.67,1.037,0,11,52,135,308,0,10,35,153,296
5559,204200,2042.00,3242089.6307645026,7623.771360190281,34.04362436218934,-118.20508790477848,447,"EXODUS RECOVERY, INC.",1.598,0.993,0,10,62,135,314,1,8,37,158,300
5560,204300,2043.00,6926359.91036392,10888.003359876095,34.038753995629385,-118.20788456020843,447,"EXODUS RECOVERY, INC.",2.08,1.293,0,11,64,138,318,0,10,38,158,304
5561,204410,2044.10,3195515.688830472,7602.195938785467,34.04619296651637,-118.21528292483772,447,"EXODUS RECOVERY, INC.",1.329,0.826,0,11,65,145,330,1,11,41,160,310
5562,204420,2044.20,3251272.3550766753,7655.418699927863,34.04453649004131,-118.21163193663392,447,"EXODUS RECOVERY, INC.",1.433,0.891,0,11,64,139,323,1,10,41,156,308
5563,204600,2046.00,6269663.162658452,12240.546978229837,34.03709162524296,-118.21681834104527,218,BHS BOYLE HEIGHTS FAMILY RECOVERY CENTER,2.311,1.436,0,12,67,145,328,0,12,45,159,306
5564,204700,2047.00,10882902.794642588,13337.0811703752,34.03098689116058,-118.21246375001003,218,BHS BOYLE HEIGHTS FAMILY RECOVERY CENTER,1.522,0.946,0,10,67,138,320,1,10,41,154,306
5565,204810,2048.10,8289136.796691303,11974.611178271321,34.028560680689665,-118.20301246019838,218,BHS BOYLE HEIGHTS FAMILY RECOVERY CENTER,1.058,0.658,0,11,54,132,307,1,11,36,150,297
5566,204820,2048.20,3445972.398056425,8346.720197160743,34.02382010585898,-118.20585339208944,218,BHS BOYLE HEIGHTS FAMILY RECOVERY CENTER,0.545,0.339,1,10,57,122,306,1,9,38,151,299
5567,204910,2049.10,5579346.585994317,9619.431389901012,34.024887627879025,-118.19558229841029,218,BHS BOYLE HEIGHTS FAMILY RECOVERY CENTER,1.027,0.638,0,11,50,118,302,1,6,32,150,285
5568,204920,2049.20,9794921.058193717,12795.948168089828,34.01750524046357,-118.19750972049982,218,BHS BOYLE HEIGHTS FAMILY RECOVERY CENTER,0.647,0.402,1,11,51,114,299,1,9,34,145,286
5569,205110,2051.10,3088819.3487682026,9229.481900009254,34.02451074783994,-118.21431067052272,218,BHS BOYLE HEIGHTS FAMILY RECOVERY CENTER,1.104,0.686,0,9,63,134,319,1,8,44,154,304
5570,205120,2051.20,15781304.274677034,20062.497390065615,34.018759469591586,-118.21180778508753,218,BHS BOYLE HEIGHTS FAMILY RECOVERY CENTER,0.696,0.433,1,11,59,124,315,1,10,40,148,300
5571,206010,2060.10,15485647.81789208,21066.370822347795,34.068826610069685,-118.23123446950474,741,BESPOKE TREATMENT LLC,2.288,1.421,0,14,71,154,365,0,13,48,176,347
5572,206020,2060.20,9402533.03314232,12029.068454864973,34.05755093219811,-118.23175094758352,741,BESPOKE TREATMENT LLC,1.224,0.76,0,19,69,156,360,1,17,49,174,335
5573,206050,2060.50,19210111.773785688,25518.484733876703,34.03151582543157,-118.22289858758606,218,BHS BOYLE HEIGHTS FAMILY RECOVERY CENTER,2.203,1.369,0,12,68,137,329,0,11,45,161,315
5574,206051,2060.51,40157736.48732067,30027.529715288336,34.02748979069416,-118.23248131884243,249,VOA OF CENTRAL CITY RECOVERY SERVICES,1.812,1.126,0,14,70,146,336,0,13,51,167,319
5575,206052,2060.52,9950091.585086027,13475.44187623434,34.048178757981134,-118.23354361752331,741,BESPOKE TREATMENT LLC,0.767,0.476,2,21,70,154,351,3,21,53,172,333
5576,206053,2060.53,6331353.510256743,10825.722313083825,34.04503749990928,-118.22439820343085,741,BESPOKE TREATMENT LLC,1.676,1.042,0,14,66,148,340,0,14,50,161,321
5577,206054,2060.54,4507280.545448251,9342.520578070284,34.04992841505836,-118.22546775374374,741,BESPOKE TREATMENT LLC,1.48,0.92,0,16,66,151,341,1,13,52,166,329
5578,206201,2062.01,2161752.481201971,6940.275485026227,34.047492118099896,-118.24401409600132,323,L.A. CADA,0.299,0.186,3,27,77,158,361,3,24,54,183,341
5579,206202,2062.02,4067555.009259893,9661.221437063721,34.04673662951268,-118.24033226974782,323,L.A. CADA,0.345,0.214,3,25,75,156,356,3,23,54,180,338
5580,206301,2063.01,1457910.0712079385,4943.525817232141,34.04366800734098,-118.24763564036543,404,WEINGART CENTER ASSOCIATION/EPIC,0.291,0.181,3,26,80,156,361,3,23,54,187,342
5581,206302,2063.02,499680.05187832954,3606.4278050426933,34.04270035259504,-118.24564982572294,404,WEINGART CENTER ASSOCIATION/EPIC,0.087,0.054,3,25,80,153,357,3,24,53,181,339
5582,206303,2063.03,4679996.822340145,10618.507615195522,34.04015135366533,-118.2415929914864,404,WEINGART CENTER ASSOCIATION/EPIC,0.402,0.25,2,25,77,152,352,3,21,52,180,336
5583,207101,2071.01,3231109.029137875,7720.1822280700435,34.061207544855,-118.2448298486655,741,BESPOKE TREATMENT LLC,1.271,0.79,0,22,84,161,369,2,21,51,185,356
5584,207102,2071.02,4467442.106487457,9909.643385903357,34.05928994544051,-118.23952187360696,741,BESPOKE TREATMENT LLC,1.038,0.645,0,20,75,159,367,1,19,51,180,349
5585,207103,2071.03,3488830.093959716,9634.345350955817,34.06448725259515,-118.23928467930014,741,BESPOKE TREATMENT LLC,1.612,1.002,0,20,80,160,368,0,19,50,182,355
5586,207303,2073.03,1905373.6576734215,5576.464929936338,34.043296588938205,-118.25390413134738,404,WEINGART CENTER ASSOCIATION/EPIC,0.851,0.529,2,26,84,165,365,3,26,57,189,352
5587,207304,2073.04,541608.1563189356,3459.9798370309386,34.046306250864944,-118.25150967917561,404,WEINGART CENTER ASSOCIATION/EPIC,0.745,0.463,2,26,85,163,365,3,26,56,190,351
5588,207305,2073.05,2182607.960852604,8262.439762978864,34.04943282099338,-118.24967382567858,741,BESPOKE TREATMENT LLC,0.754,0.468,3,28,83,161,364,3,26,54,185,351
5589,207306,2073.06,1737007.144469347,5647.400496550099,34.04886328728585,-118.24643784720453,741,BESPOKE TREATMENT LLC,0.472,0.294,3,28,79,160,364,3,27,55,183,349
5590,207307,2073.07,525932.6473524069,2911.191792738821,34.04600582141174,-118.24928026499639,404,WEINGART CENTER ASSOCIATION/EPIC,0.56,0.348,3,26,81,158,363,3,26,54,188,349
5591,207308,2073.08,494215.08211544895,2815.673159937877,34.04460625240824,-118.25066612719772,404,WEINGART CENTER ASSOCIATION/EPIC,0.589,0.366,2,26,82,160,364,3,26,54,190,350
5592,207400,2074.00,9358165.872470623,15170.871790294743,34.05577884933886,-118.24560207807373,741,BESPOKE TREATMENT LLC,0.734,0.456,1,24,80,164,369,3,24,54,184,351
5593,207501,2075.01,1445854.2491435423,4896.765578919691,34.056447056404345,-118.25297967551798,741,BESPOKE TREATMENT LLC,1.269,0.788,0,30,89,172,371,3,25,58,186,358
5594,207502,2075.02,4503362.953657488,9155.677193475593,34.0527118956282,-118.2530961693777,741,BESPOKE TREATMENT LLC,1.104,0.686,0,28,89,165,372,3,26,57,187,357
5595,207711,2077.11,7469514.544615906,14744.237737168916,34.046355463498045,-118.26478995982721,202,ALCOHOLISM CENTER FOR WOMEN,1.597,0.992,0,34,92,176,371,1,31,64,190,360
5596,207712,2077.12,4383833.968662192,9437.966003556352,34.04774963743829,-118.25642140709853,404,WEINGART CENTER ASSOCIATION/EPIC,1.217,0.756,0,29,89,165,369,3,28,56,191,357
5597,207901,2079.01,2188102.4850907973,6864.989107400947,34.042918946933966,-118.26417860859813,425,HEALTHRIGHT 360,1.573,0.977,0,32,90,176,373,1,31,64,189,361
5598,207902,2079.02,7532286.542489627,11167.818143519591,34.039839030572196,-118.25901826987699,404,WEINGART CENTER ASSOCIATION/EPIC,1.357,0.843,0,30,87,169,369,3,27,61,187,354
5599,208001,2080.01,6199667.661559967,11659.754300352339,34.060548918096565,-118.25529689696239,391,ROBERT SUNDANCE FAMILY WELLNESS CENTER,0.849,0.527,1,29,93,171,371,2,27,58,194,363
5600,208002,2080.02,4253642.558244367,9520.381994918056,34.065523802549755,-118.25720979468885,391,ROBERT SUNDANCE FAMILY WELLNESS CENTER,0.268,0.167,1,29,95,172,374,3,28,57,197,365
5601,208301,2083.01,1000535.2815660002,5183.161538202117,34.06198297803052,-118.26586133304994,280,ROYAL PALMS RECOVERY HOME,0.584,0.363,3,33,97,170,380,5,32,68,204,367
5602,208302,2083.02,4735706.832661612,9852.781004171835,34.063483658356915,-118.26249374876734,391,ROBERT SUNDANCE FAMILY WELLNESS CENTER,0.645,0.401,2,33,97,169,375,4,31,65,203,367
5603,208401,2084.01,2472155.8400149476,6288.165372253775,34.06377077546825,-118.2691419694749,280,ROYAL PALMS RECOVERY HOME,0.43,0.267,3,33,98,174,385,5,32,75,208,368
5604,208402,2084.02,3667724.1023740442,8621.780301432966,34.068369283235576,-118.26602541994406,369,INTEGRATED TREATMENT PROGRAM FOR CO-OCCURRING DISORDERS,0.726,0.451,2,30,95,177,384,5,29,71,199,368
5605,208501,2085.01,2617928.3280732855,6561.569833656788,34.06953646732851,-118.27195847804273,369,INTEGRATED TREATMENT PROGRAM FOR CO-OCCURRING DISORDERS,0.248,0.154,3,32,99,178,390,6,31,74,213,373
5606,208502,2085.02,2809795.9657150554,6779.017047486213,34.06605384943797,-118.27417669371205,369,INTEGRATED TREATMENT PROGRAM FOR CO-OCCURRING DISORDERS,0.216,0.134,4,33,100,176,391,6,31,77,212,373
5607,208610,2086.10,3768690.9461045135,8269.487905473145,34.07216387292726,-118.28178463739499,330,NO MATTER WHAT RECOVERY,0.495,0.307,4,32,106,184,394,7,30,82,215,381
5608,208620,2086.20,3491004.9060860034,8197.49640206305,34.06971383457396,-118.2779951176359,369,INTEGRATED TREATMENT PROGRAM FOR CO-OCCURRING DISORDERS,0.424,0.263,4,33,105,182,392,6,31,79,214,375
5609,208710,2087.10,1833916.0904571128,5648.952448661496,34.06573242843858,-118.28255355218008,424,HEALTHRIGHT 360,0.738,0.459,2,34,106,185,393,8,32,82,209,378
5610,208720,2087.20,1773163.9588742126,6918.862930194771,34.0627676741106,-118.28111674529626,424,HEALTHRIGHT 360,0.427,0.265,3,34,103,187,392,10,33,82,209,377
5611,208801,2088.01,2889587.408934895,7802.2524354494935,34.06009968965055,-118.27662861393428,424,HEALTHRIGHT 360,0.097,0.06,3,34,99,178,390,7,32,79,205,370
5612,208802,2088.02,2276467.591427828,7699.483641623237,34.06215025437787,-118.27868101825834,424,HEALTHRIGHT 360,0.204,0.127,3,33,103,183,392,9,32,82,207,376
5613,208902,2089.02,1981074.2796514425,5658.6951039161295,34.05645109590847,-118.27238426095543,280,ROYAL PALMS RECOVERY HOME,0.477,0.296,2,34,97,176,383,6,34,78,202,369
5614,208903,2089.03,1714528.6183446231,7038.480884761295,34.05980451125137,-118.27337174734859,280,ROYAL PALMS RECOVERY HOME,0.161,0.1,3,34,98,174,387,7,32,77,207,369
5615,208904,2089.04,1206663.4993777417,4564.636110119919,34.05957294010485,-118.27010509431439,280,ROYAL PALMS RECOVERY HOME,0.218,0.136,3,34,101,171,383,6,32,76,208,369
5616,209103,2091.03,1334880.5039827472,4693.848495550198,34.05711482107387,-118.26404236659774,280,ROYAL PALMS RECOVERY HOME,0.838,0.52,1,35,93,171,374,4,32,67,197,365
5617,209104,2091.04,753009.1315638928,3841.1749983238683,34.059183044023264,-118.26638830032304,280,ROYAL PALMS RECOVERY HOME,0.547,0.34,1,34,96,172,376,4,32,69,205,367
5618,209105,2091.05,895832.0983099175,4013.336592936749,34.05765340022331,-118.26776183806237,280,ROYAL PALMS RECOVERY HOME,0.52,0.323,2,34,95,174,376,5,34,69,204,367
5619,209106,2091.06,2385508.82104778,6257.58848632008,34.05426635352805,-118.26744759174981,280,ROYAL PALMS RECOVERY HOME,0.833,0.517,1,33,95,178,377,4,32,68,199,365
5620,209201,2092.01,1810247.9523317544,5620.491333789314,34.05238994569726,-118.26266536212485,280,ROYAL PALMS RECOVERY HOME,1.266,0.787,0,34,92,173,374,1,31,64,194,360
5621,209202,2092.02,2615787.8625193103,6577.413046475748,34.055476327671286,-118.2600065266713,280,ROYAL PALMS RECOVERY HOME,1.251,0.778,0,33,92,172,372,2,31,61,193,363
5622,209300,2093.00,3297115.7031323826,7931.222368841242,34.05073484905408,-118.26831371543531,280,ROYAL PALMS RECOVERY HOME,1.162,0.722,0,34,96,178,378,4,34,68,194,363
5623,209401,2094.01,2321391.9698718986,6370.7127227084375,34.05672601316676,-118.28153689277103,424,HEALTHRIGHT 360,0.62,0.385,5,36,100,185,394,7,36,79,206,373
5624,209402,2094.02,1466351.837027795,4849.913833690652,34.05466673455683,-118.27723312138548,424,HEALTHRIGHT 360,0.693,0.43,4,35,99,182,392,6,35,79,205,368
5625,209403,2094.03,1487534.1129339985,4882.443510399631,34.053137631051065,-118.27385677826985,202,ALCOHOLISM CENTER FOR WOMEN,0.834,0.518,4,35,99,179,385,5,34,77,203,368
5626,209510,2095.10,1964228.796550837,5807.663543513566,34.05296748521143,-118.28197054869021,202,ALCOHOLISM CENTER FOR WOMEN,0.394,0.245,4,37,104,185,394,6,37,80,206,368
5627,209520,2095.20,2488320.2673909967,6468.36071291443,34.0505567746688,-118.27696248924113,202,ALCOHOLISM CENTER FOR WOMEN,0.456,0.284,2,35,100,183,385,5,34,77,201,365
5628,209810,2098.10,1612737.6661822835,5415.906958145816,34.04912212883181,-118.28235706320683,201,ALCOHOLISM CENTER FOR WOMEN,0.038,0.024,3,36,105,186,392,6,35,80,204,367
5629,209820,2098.20,1927868.325815419,5690.534786011756,34.04721808547902,-118.27826696078286,201,ALCOHOLISM CENTER FOR WOMEN,0.4,0.249,2,35,100,183,386,6,34,75,199,364
5630,210010,2100.10,4402120.023029998,8907.430263843518,34.04685508339297,-118.27232201258998,202,ALCOHOLISM CENTER FOR WOMEN,0.912,0.567,2,36,99,177,379,3,33,69,195,365
5631,211000,2110.00,28596678.153370444,25170.33175847283,34.06779071992261,-118.33175397096187,718,RAINBOW HILL RECOVERY,1.563,0.971,0,49,120,224,433,1,46,95,243,416
5632,211121,2111.21,2302635.5782996644,7588.943499599046,34.07301482928092,-118.28542276798466,330,NO MATTER WHAT RECOVERY,0.429,0.267,3,32,106,190,395,10,29,81,215,384
5633,211122,2111.22,3934733.820159645,8274.051867988455,34.0726841827917,-118.28923560028717,293,BIMINI RECOVERY CENTER,0.206,0.128,2,30,108,194,397,9,30,79,218,387
5634,211123,2111.23,1851716.0456623498,6798.256628968267,34.06272313033173,-118.28720257184834,552,BOLD RECOVERY,0.791,0.491,3,35,108,191,395,12,33,82,212,379
5635,211124,2111.24,4252116.000799734,8179.690836849897,34.06633794100703,-118.28804538667927,293,BIMINI RECOVERY CENTER,0.635,0.395,2,35,109,192,396,11,33,82,212,381
5636,211201,2112.01,1500115.6634602118,4915.797810777625,34.07453428759364,-118.29848151167835,375,MARIPOSA HOUSE,0.199,0.124,5,43,114,197,412,9,35,84,227,389
5637,211202,2112.02,1928500.754112558,5559.519693549247,34.07452576740185,-118.2941251669148,293,BIMINI RECOVERY CENTER,0.444,0.276,5,34,112,198,403,10,31,79,224,388
5638,211310,2113.10,1549310.5340293883,4998.404246878873,34.07091399677368,-118.29850503042714,499,FRIENDLY HOUSE,0.421,0.262,6,38,112,197,407,8,33,82,225,385
5639,211320,2113.20,2004977.2149454537,5674.508817546561,34.070876326494,-118.29415159866268,293,BIMINI RECOVERY CENTER,0.302,0.188,4,32,111,195,402,8,31,80,221,387
5640,211410,2114.10,2914743.7786198272,7500.754844412297,34.072619063219385,-118.30732766020016,375,MARIPOSA HOUSE,0.798,0.496,2,45,116,202,416,7,44,88,230,396
5641,211420,2114.20,4101871.117971389,8393.585104120997,34.07264119706851,-118.3029545282699,375,MARIPOSA HOUSE,0.48,0.298,5,45,113,200,417,8,43,87,231,391
5642,211500,2115.00,9784611.949885007,13106.019300209411,34.07246136316298,-118.31527178361127,345,"KOREATOWN YOUTH AND COMMUNITY CENTER, INC.",1.428,0.887,0,49,118,210,422,3,47,92,233,408
5643,211701,2117.01,7012738.230793202,10536.811437741151,34.06534535874483,-118.31846529124803,345,"KOREATOWN YOUTH AND COMMUNITY CENTER, INC.",1.365,0.848,0,49,115,213,420,1,47,95,233,407
5644,211703,2117.03,1981686.8796683494,5697.205811942579,34.067151498144966,-118.3115942026934,345,"KOREATOWN YOUTH AND COMMUNITY CENTER, INC.",0.809,0.503,1,48,117,207,415,4,44,90,227,397
5645,211704,2117.04,1990706.1228259953,5747.498383360497,34.06351630581868,-118.31159053230986,345,"KOREATOWN YOUTH AND COMMUNITY CENTER, INC.",0.722,0.449,1,47,114,204,416,3,43,91,223,391
5646,211802,2118.02,3502699.2514560902,7938.572086404726,34.06354229300358,-118.30473760930789,345,"KOREATOWN YOUTH AND COMMUNITY CENTER, INC.",0.097,0.06,3,42,112,199,407,5,37,86,223,387
5647,211803,2118.03,1501836.6231598463,4915.856684102395,34.067192811052365,-118.30224444967165,499,FRIENDLY HOUSE,0.146,0.091,3,42,111,198,411,7,37,85,226,389
5648,211804,2118.04,2001609.5982249037,5672.183285175022,34.06716675751917,-118.3066189283362,345,"KOREATOWN YOUTH AND COMMUNITY CENTER, INC.",0.453,0.281,2,44,114,202,415,6,40,87,226,393
5649,211910,2119.10,1485020.0879704456,4890.39936300982,34.067212641970855,-118.29851576338643,499,FRIENDLY HOUSE,0.21,0.13,5,37,112,195,401,8,34,85,224,387
5650,211921,2119.21,997421.5873320452,4152.132573505521,34.06723689387133,-118.2929142025573,552,BOLD RECOVERY,0.45,0.28,3,33,110,195,396,8,33,81,217,386
5651,211922,2119.22,999882.1878276069,4155.338502080347,34.067226990777776,-118.29541033378857,552,BOLD RECOVERY,0.371,0.231,4,36,113,194,399,9,32,83,220,387
5652,212101,2121.01,1999632.817507157,5670.100104297958,34.06360044103591,-118.29415358905614,552,BOLD RECOVERY,0.144,0.089,4,35,112,195,396,7,33,85,215,385
5653,212102,2121.02,1492493.5610729747,4902.634444695194,34.063577460442126,-118.29850973084338,552,BOLD RECOVERY,0.264,0.164,3,36,112,197,401,6,35,86,220,383
5654,212202,2122.02,2222402.7280728286,6482.090647282603,34.056370629705974,-118.2879441742601,378,LA ENTRADA,0.085,0.053,3,39,103,188,397,6,36,80,209,380
5655,212203,2122.03,1144315.9299321075,4500.812925951627,34.05976699981911,-118.29036835275909,378,LA ENTRADA,0.496,0.308,2,37,106,190,395,8,35,83,212,380
5656,212204,2122.04,2294672.7555941925,6149.261568261918,34.059830088763654,-118.28654454172774,378,LA ENTRADA,0.49,0.305,3,37,108,189,393,9,33,83,210,380
5657,212303,2123.03,1675360.5486684816,5219.253927172561,34.059768152764285,-118.29352658603119,552,BOLD RECOVERY,0.5,0.31,2,38,109,193,398,8,34,86,216,380
5658,212304,2123.04,2213842.598516764,6305.425674003436,34.059858611302424,-118.29792656356494,552,BOLD RECOVERY,0.495,0.307,3,38,109,198,398,5,36,87,216,383
5659,212305,2123.05,1163116.7275934005,4358.271391931378,34.05610864036406,-118.29817458609585,552,BOLD RECOVERY,0.896,0.557,2,40,108,197,397,5,37,86,214,380
5660,212306,2123.06,1742931.957435595,5316.961444581548,34.05613283461065,-118.29408483777921,378,LA ENTRADA,0.538,0.334,2,42,108,192,393,6,37,86,212,379
5661,212410,2124.10,1691952.9620700658,5550.696623713877,34.059565543377595,-118.30223831288548,345,"KOREATOWN YOUTH AND COMMUNITY CENTER, INC.",0.497,0.309,3,40,108,197,402,4,37,90,218,381
5662,212420,2124.20,1544109.3678985748,4956.629219675437,34.05609247930018,-118.3019898558343,345,"KOREATOWN YOUTH AND COMMUNITY CENTER, INC.",0.879,0.546,1,42,109,195,399,6,39,88,218,380
5663,212501,2125.01,856756.822717764,3804.129905778363,34.05607487594111,-118.30537589137877,345,"KOREATOWN YOUTH AND COMMUNITY CENTER, INC.",0.878,0.546,1,43,114,195,402,6,40,92,220,383
5664,212502,2125.02,3068569.8026963533,8256.683306553472,34.058646513697596,-118.30697959702783,345,"KOREATOWN YOUTH AND COMMUNITY CENTER, INC.",0.651,0.404,1,43,114,199,405,5,41,94,222,385
5665,212610,2126.10,3844339.7095462726,8377.370831883904,34.05984964042662,-118.3138819802399,345,"KOREATOWN YOUTH AND COMMUNITY CENTER, INC.",1.033,0.642,0,47,114,202,416,4,43,93,225,391
5666,212620,2126.20,3106627.795033739,7948.079843150263,34.05636559791348,-118.3130718865634,911,"CALIFORNIA DETOX & RECOVERY CENTER, LLC",0.948,0.589,1,45,115,198,412,3,40,95,224,389
5667,212701,2127.01,5054873.233599982,10686.75728685566,34.0543085292335,-118.31932611868464,911,"CALIFORNIA DETOX & RECOVERY CENTER, LLC",0.817,0.507,1,45,117,200,416,3,42,94,223,393
5668,212702,2127.02,9478753.94580984,13476.03799304575,34.058519550204686,-118.32620287434877,658,SYNERGY RECOVERY,0.903,0.561,1,50,120,211,422,4,45,97,236,407
5669,212800,2128.00,8409458.775554378,11737.630776931599,34.05187106577935,-118.3306107044586,658,SYNERGY RECOVERY,0.279,0.173,2,44,123,206,420,5,40,96,229,402
5670,212900,2129.00,4021574.8475992894,8954.956840942423,34.049458957880056,-118.32152714223568,911,"CALIFORNIA DETOX & RECOVERY CENTER, LLC",0.637,0.396,1,41,122,198,415,4,37,93,226,389
5671,213100,2131.00,5780618.334880965,10508.28140935583,34.05064128414738,-118.31270502490459,911,"CALIFORNIA DETOX & RECOVERY CENTER, LLC",0.357,0.222,2,44,117,197,405,2,42,91,221,383
5672,213201,2132.01,3605253.4574748133,8208.738577599714,34.052660706259,-118.3045423184548,239,CASTLE SUBSTANCE ABUSE PROGRAM - WEST,0.878,0.545,1,45,114,196,399,5,43,92,216,381
5673,213202,2132.02,3637318.7577110464,8141.435728565725,34.0490342473168,-118.30451565853512,239,CASTLE SUBSTANCE ABUSE PROGRAM - WEST,0.625,0.388,2,43,115,193,399,3,42,87,216,380
5674,213310,2133.10,3359268.73008161,7825.237355631868,34.05087911400928,-118.29790373657181,378,LA ENTRADA,1.034,0.643,0,41,108,192,396,8,39,85,212,379
5675,213320,2133.20,3352280.5966360103,7850.587882485564,34.050887881813615,-118.29371216669887,378,LA ENTRADA,0.73,0.454,1,40,106,190,397,5,39,85,208,379
5676,213401,2134.01,2110768.920332413,6327.274224967614,34.05371179833703,-118.28791476691106,378,LA ENTRADA,0.219,0.136,3,39,103,189,393,6,38,79,207,375
5677,213402,2134.02,4217750.291558936,8305.579389305381,34.049845376951225,-118.28790043302838,201,ALCOHOLISM CENTER FOR WOMEN,0.555,0.345,4,38,105,190,393,5,36,79,206,373
5678,214000,2140.00,10887840.77612388,13352.897549412484,34.074858312612335,-118.34851421868646,471,REVIVE DETOX,0.464,0.288,1,51,122,232,453,4,47,94,257,436
5679,214100,2141.00,11929138.364128407,14127.687845857352,34.07466876741033,-118.33928607194984,471,REVIVE DETOX,1.218,0.757,0,53,121,232,446,2,52,95,250,429
5680,214400,2144.00,3705377.338903037,7957.457330866338,34.078171472703524,-118.35733983599008,471,REVIVE DETOX,0.501,0.311,4,43,123,245,464,4,40,90,262,441
5681,214501,2145.01,8098023.898889195,14036.475308576593,34.07124100288846,-118.35790704990988,774,"ELYSIAN HEALTH, LLC",0.71,0.441,3,42,130,234,461,6,41,95,255,437
5682,214503,2145.03,2500554.1944441944,6988.649483410389,34.066846719683895,-118.35412777791721,718,RAINBOW HILL RECOVERY,0.763,0.474,1,43,129,231,451,8,41,97,251,430
5683,214504,2145.04,1440309.9932598714,6176.152755169257,34.067125720489976,-118.35020169034676,718,RAINBOW HILL RECOVERY,0.552,0.343,1,45,126,228,447,8,41,97,247,427
5684,214505,2145.05,1338755.1668628731,7174.965633036844,34.06896144155649,-118.35064736635077,718,RAINBOW HILL RECOVERY,0.755,0.469,1,46,125,232,450,7,41,97,252,431
5685,214600,2146.00,6255700.508453354,10110.467175873304,34.07279228639085,-118.36565663494443,788,HOPESIDE DETOX LLC,0.31,0.192,2,41,127,240,470,5,37,93,261,445
5686,214700,2147.00,6386540.360127091,10225.832364706259,34.06650172918715,-118.36616507865673,268,RED DOOR LIFE,0.893,0.555,1,40,131,224,461,5,39,97,253,442
5687,214800,2148.00,6211394.760478844,11237.41318670217,34.071393738412766,-118.37306440178446,268,RED DOOR LIFE,0.784,0.487,2,40,126,237,473,5,40,92,262,450
5688,214902,2149.02,5459260.394848717,9792.049109607333,34.07296173465343,-118.38010193184019,728,MISSION ADDICTION TREATMENT ,0.83,0.516,1,41,122,242,475,7,38,90,274,456
5689,214903,2149.03,1468982.6983175548,5606.669182044747,34.07425171839294,-118.38920293372853,728,MISSION ADDICTION TREATMENT ,0.813,0.505,2,43,121,248,486,4,38,82,276,457
5690,214904,2149.04,1896561.5918667011,5577.55144258935,34.07431251595661,-118.38573865866846,728,MISSION ADDICTION TREATMENT ,0.77,0.478,2,41,119,243,487,5,37,86,274,453
5691,215101,2151.01,3820631.8936737147,10271.581982307725,34.06365564773742,-118.35402149713865,718,RAINBOW HILL RECOVERY,0.605,0.376,4,43,127,222,448,9,41,97,245,425
5692,215102,2151.02,2774274.30975174,8182.358919068287,34.06499478899219,-118.345613898801,718,RAINBOW HILL RECOVERY,0.314,0.195,3,44,127,228,443,7,43,97,245,424
5693,216100,2161.00,7265854.494017113,11195.402907787,34.05693039298135,-118.33798428192866,584,AVEDIS DETOX,0.453,0.281,5,43,129,217,427,8,41,96,238,410
5694,216201,2162.01,4971501.994861822,10417.189469354784,34.05940419048743,-118.34771509108405,872,RECOVERY DYNAMICS,0.232,0.144,6,44,131,223,437,10,39,98,241,417
5695,216202,2162.02,5409279.50694711,10216.26036774881,34.05503827828797,-118.3487487273839,872,RECOVERY DYNAMICS,0.274,0.17,8,42,137,219,432,10,39,98,237,416
5696,216301,2163.01,6069451.382060696,11388.509845702873,34.06111787347007,-118.36813433671821,268,RED DOOR LIFE,0.793,0.493,1,41,126,222,455,4,39,92,247,433
5697,216302,2163.02,7631337.936922758,11342.46493601306,34.05906716102887,-118.35752134124462,306,CHABAD RESIDENTIAL TREATMENT CENTER,0.426,0.265,4,40,129,222,444,8,39,99,239,423
5698,216401,2164.01,4429446.711557465,8621.81641782717,34.056705087172425,-118.37974432926485,642,SYNERGY RECOVERY,0.591,0.367,3,45,127,218,464,6,44,88,237,429
5699,216402,2164.02,2469654.557214997,6401.202012599766,34.06115833573056,-118.38044856928651,268,RED DOOR LIFE,0.592,0.368,2,45,127,223,468,4,42,92,246,436
5700,216700,2167.00,8373696.287600326,11709.653539346571,34.04824989910466,-118.37196124075464,304,CHABAD RECOVERY OUTPATIENT CENTER,0.5,0.311,3,43,130,208,440,7,41,95,233,414
5701,216800,2168.00,7963392.146872052,11547.785771131888,34.05578892520983,-118.37061652650125,605,JOSER FOREVER LLC,0.625,0.389,1,42,130,220,449,7,41,97,238,426
5702,216901,2169.01,7568795.035428764,12077.371874297827,34.04756130669751,-118.3635989045988,599,THE DETOX CENTER OF LOS ANGELES,0.642,0.399,3,42,133,210,430,7,40,96,234,422
5703,216902,2169.02,4212778.105704095,9165.244633624096,34.05421687864091,-118.36226084957073,712,NO MATTER WHAT RECOVERY DETOX,0.374,0.232,3,42,129,217,442,7,40,103,235,424
5704,217001,2170.01,5904316.173816548,10940.793616640538,34.052388434308,-118.38704218519008,642,SYNERGY RECOVERY,0.355,0.22,1,45,124,212,451,7,41,81,232,429
5705,217002,2170.02,8302513.96013131,11538.65678526552,34.04953818026381,-118.38050550652076,642,SYNERGY RECOVERY,0.389,0.241,4,44,124,210,444,5,43,85,229,416
5706,217101,2171.01,4261607.468786891,9362.6058984759,34.0465289331842,-118.35547972754676,924,KASA RECOVERY,0.243,0.151,3,37,131,209,428,8,34,101,230,416
5707,217102,2171.02,5402500.471912728,9507.488687097144,34.050896633046804,-118.3538018384601,924,KASA RECOVERY,0.284,0.176,6,40,133,216,431,10,38,99,232,414
5708,217200,2172.00,9892604.841348493,15006.488704559262,34.04958888756761,-118.3424716003462,538,AVEDIS RECOVERY,0.337,0.21,4,38,137,211,426,10,37,96,230,406
5709,218110,2181.10,6443295.400664715,12758.856672749132,34.04433024817076,-118.32756530637434,658,SYNERGY RECOVERY,1.096,0.681,0,40,126,195,411,4,37,96,224,390
5710,218120,2181.20,4792188.031995472,8884.873610145149,34.04356793821856,-118.32068806551138,911,"CALIFORNIA DETOX & RECOVERY CENTER, LLC",0.728,0.452,2,39,122,189,404,3,36,93,220,383
5711,218210,2182.10,4181546.303403679,8771.28053868117,34.04279556907143,-118.34231779483797,568,CONQUER RECOVERY,0.908,0.564,1,36,133,200,417,8,31,93,221,400
5712,218220,2182.20,7241641.64328905,11685.475195350655,34.04340603623238,-118.33490410749623,568,CONQUER RECOVERY,0.843,0.524,1,39,133,198,412,6,32,96,222,389
5713,218300,2183.00,9696120.914082719,17311.94686651625,34.04228687716097,-118.35491319965146,599,THE DETOX CENTER OF LOS ANGELES,0.433,0.269,2,36,131,207,425,5,33,98,226,411
5714,218400,2184.00,7068249.549880198,12186.9978965962,34.036932690718444,-118.35924645110296,599,THE DETOX CENTER OF LOS ANGELES,0.66,0.41,1,38,134,197,423,3,37,93,221,402
5715,218500,2185.00,5632253.484012017,11047.408243667802,34.037390530827786,-118.35058161690847,763,SERENE RECOVERY,0.89,0.553,1,30,133,193,418,4,29,96,216,394
5716,218600,2186.00,4635201.6100698635,8987.927361125086,34.0371886473562,-118.34275561895332,763,SERENE RECOVERY,0.623,0.387,2,35,134,193,410,3,32,96,218,387
5717,218701,2187.01,5919075.326947573,10687.11525964762,34.037393720618816,-118.33331800297634,949,"ADVOCATE BEHAVIORAL HEALTH, LLC",0.756,0.47,1,38,130,193,408,3,31,95,218,379
5718,218702,2187.02,3871444.6393258935,10285.10166890225,34.03341225266261,-118.33378870021856,949,"ADVOCATE BEHAVIORAL HEALTH, LLC",0.47,0.292,2,33,129,190,398,2,28,93,211,373
5719,218800,2188.00,4430870.266296611,9005.065425026403,34.03778459170209,-118.32302169706645,911,"CALIFORNIA DETOX & RECOVERY CENTER, LLC",1.36,0.845,0,37,126,194,400,3,34,91,218,376
5720,218900,2189.00,7571353.924501532,11505.719820171338,34.032698997446694,-118.32302935378766,949,"ADVOCATE BEHAVIORAL HEALTH, LLC",1.444,0.897,0,33,121,194,391,1,33,89,210,370
5721,219010,2190.10,4745319.716041261,9379.453747861286,34.02761921247734,-118.32293842655955,949,"ADVOCATE BEHAVIORAL HEALTH, LLC",1.541,0.957,0,33,123,195,381,1,32,91,206,364
5722,219020,2190.20,7819937.955752921,11239.454510255104,34.02221316946169,-118.32268510354606,435,SCHARP - OASIS HOUSE,1.308,0.813,0,30,120,195,372,1,25,89,204,361
5723,219300,2193.00,7016026.5814918475,11233.622301808062,34.02676355549305,-118.33184212864789,949,"ADVOCATE BEHAVIORAL HEALTH, LLC",0.878,0.546,1,29,127,193,387,3,26,90,204,363
5724,219500,2195.00,6001852.0478990255,10424.703406115303,34.02092391230703,-118.3405769554874,435,SCHARP - OASIS HOUSE,0.765,0.475,1,28,124,191,383,4,28,85,199,362
5725,219700,2197.00,11759434.434823273,16598.09316015714,34.02776098074679,-118.34908149184797,763,SERENE RECOVERY,0.649,0.403,1,30,134,186,395,2,29,93,204,376
5726,219800,2198.00,4802120.484963249,9746.017506600863,34.02994385178661,-118.35477230418768,763,SERENE RECOVERY,1.025,0.637,0,31,130,184,410,3,30,91,213,383
5727,219901,2199.01,5649851.874701164,10076.126203648864,34.02974255558152,-118.3605348191112,599,THE DETOX CENTER OF LOS ANGELES,1.461,0.908,0,38,130,182,414,2,36,90,209,384
5728,219902,2199.02,8619894.370897751,13295.766529975983,34.030040260183014,-118.36868214488513,389,BEIT T'SHUVAH,1.617,1.005,0,37,131,186,413,0,36,85,211,394
5729,220000,2200.00,10460254.676372522,12777.710792444703,34.02784549142135,-118.3402049889614,949,"ADVOCATE BEHAVIORAL HEALTH, LLC",0.509,0.317,2,30,129,193,391,3,30,94,203,371
5730,220100,2201.00,10563286.051113041,16986.150023882303,34.02385441792141,-118.36671723351064,389,BEIT T'SHUVAH,1.956,1.215,0,37,122,183,401,0,36,85,199,383
5731,221110,2211.10,2521209.3961154516,6926.353803745644,34.04572439925655,-118.28784093754862,379,MENLO HOUSE RESIDENTIAL,0.541,0.336,3,37,107,190,393,4,35,75,205,367
5732,221120,2211.20,3417542.64541403,7524.851759288542,34.04210494122664,-118.28790937374075,379,MENLO HOUSE RESIDENTIAL,0.317,0.197,3,36,108,188,392,4,35,73,204,370
5733,221210,2212.10,3861959.827470565,8419.212421632354,34.04366724828541,-118.30287537931851,239,CASTLE SUBSTANCE ABUSE PROGRAM - WEST,0.782,0.486,1,41,117,196,392,3,38,84,211,375
5734,221220,2212.20,7097658.142576536,10529.477774704428,34.04357847831037,-118.29603358091974,379,MENLO HOUSE RESIDENTIAL,0.475,0.295,1,40,115,194,397,5,38,80,206,373
5735,221302,2213.02,4974449.327302527,10183.103403739045,34.041750541254686,-118.3115042590738,239,CASTLE SUBSTANCE ABUSE PROGRAM - WEST,0.543,0.337,2,42,119,193,393,2,42,84,217,378
5736,221303,2213.03,2518370.879425637,6486.093990205271,34.0453873312248,-118.3084506067541,239,CASTLE SUBSTANCE ABUSE PROGRAM - WEST,0.239,0.148,2,43,118,195,395,2,42,84,216,378
5737,221304,2213.04,2446087.842331007,6306.611589293335,34.04536688287233,-118.31465827308303,911,"CALIFORNIA DETOX & RECOVERY CENTER, LLC",0.29,0.18,2,44,119,192,402,2,43,90,218,383
5738,221401,2214.01,5837353.250507162,9623.44372465896,34.03389081946228,-118.31328162049746,239,CASTLE SUBSTANCE ABUSE PROGRAM - WEST,1.432,0.89,0,38,118,193,382,2,36,82,212,372
5739,221402,2214.02,5729749.381524846,12853.692266229737,34.038447960043946,-118.30905963787929,239,CASTLE SUBSTANCE ABUSE PROGRAM - WEST,0.915,0.568,1,42,120,190,389,2,39,82,211,376
5740,221500,2215.00,4098035.1213875557,8382.819429824958,34.034850382605434,-118.30464937787451,239,CASTLE SUBSTANCE ABUSE PROGRAM - WEST,1.415,0.879,0,35,119,192,387,3,32,79,205,370
5741,221601,2216.01,3981517.7514944007,8298.430069476002,34.03482142920601,-118.29593874082796,379,MENLO HOUSE RESIDENTIAL,0.886,0.551,2,39,110,191,386,3,33,72,202,362
5742,221602,2216.02,5627264.424133415,12004.50751793397,34.038434785481485,-118.29211492134073,379,MENLO HOUSE RESIDENTIAL,0.383,0.238,1,38,109,190,387,4,36,75,203,366
5743,221710,2217.10,3530350.1288909074,8106.015673139368,34.03470315307126,-118.28764366115134,379,MENLO HOUSE RESIDENTIAL,0.861,0.535,2,38,103,188,384,3,37,67,199,365
5744,221810,2218.10,3275832.740961944,7474.754665632496,34.030661623645585,-118.29231367146767,238,CASTLE SUBSTANCE ABUSE PROGRAM-OUTPATIENT,0.387,0.241,1,37,101,191,383,3,34,66,200,361
5745,221820,2218.20,2198662.4788583973,5840.352337603698,34.030457451115424,-118.2865106700564,238,CASTLE SUBSTANCE ABUSE PROGRAM-OUTPATIENT,0.609,0.379,2,36,101,187,376,4,33,67,199,361
5746,221900,2219.00,4413475.86045281,10667.135124852193,34.026771986047336,-118.28957017683703,238,CASTLE SUBSTANCE ABUSE PROGRAM-OUTPATIENT,0.214,0.133,2,34,100,187,374,6,31,67,198,356
5747,222001,2220.01,5105293.148739629,9152.509540207837,34.0282002881469,-118.31329274508091,851,FREEDOM DETOX,1.845,1.146,0,34,119,191,377,0,31,83,206,366
5748,222002,2220.02,7057954.580780072,10841.918687758585,34.02189621771223,-118.31329041512373,851,FREEDOM DETOX,1.446,0.898,0,32,117,190,373,1,28,76,203,354
5749,222100,2221.00,5155222.424860391,10486.772071118576,34.02732188005218,-118.30238990351106,238,CASTLE SUBSTANCE ABUSE PROGRAM-OUTPATIENT,0.973,0.605,1,33,112,189,381,2,33,78,201,354
5750,222200,2222.00,5186787.013646935,10532.844579906958,34.030921577772816,-118.30242779633173,238,CASTLE SUBSTANCE ABUSE PROGRAM-OUTPATIENT,1.061,0.659,0,34,113,189,383,2,32,78,203,362
5751,222500,2225.00,7023063.34478006,10606.607616378667,34.02185456303402,-118.3045629804205,851,FREEDOM DETOX,0.778,0.484,1,31,111,189,375,3,29,72,199,348
5752,222600,2226.00,7017410.722675115,10585.617818767398,34.02184726885012,-118.2958831780298,851,FREEDOM DETOX,0.646,0.401,2,32,100,188,371,4,29,69,200,347
5753,222700,2227.00,8846637.474481689,13629.60912559972,34.020934442687796,-118.28567210510779,505,THE HAVEN AT COLLEGE,0.606,0.376,5,29,95,181,365,7,28,67,197,348
5754,224010,2240.10,8938274.894374873,13900.825043670404,34.03676846261035,-118.26590978998873,425,HEALTHRIGHT 360,0.871,0.541,1,32,89,175,371,1,31,65,191,356
5755,224020,2240.20,13264716.367844637,15226.233227715717,34.03048749963846,-118.26866904774631,425,HEALTHRIGHT 360,0.168,0.104,1,31,86,175,369,3,30,63,193,355
5756,224200,2242.00,3963203.1794497515,8643.300182350935,34.040626185676125,-118.27673043436728,201,ALCOHOLISM CENTER FOR WOMEN,1.061,0.66,0,34,99,184,378,4,32,68,198,365
5757,224310,2243.10,1946036.6966205854,6759.460353325664,34.04438881756327,-118.2827335245836,201,ALCOHOLISM CENTER FOR WOMEN,0.533,0.331,3,35,104,186,391,4,33,74,202,366
5758,224320,2243.20,3129822.623031714,8444.169605289884,34.04158980884048,-118.28086640752815,201,ALCOHOLISM CENTER FOR WOMEN,0.845,0.525,3,35,104,185,383,3,33,69,200,364
5759,224410,2244.10,4878956.815930292,10535.054711604953,34.035141797809416,-118.279991610108,505,THE HAVEN AT COLLEGE,1.072,0.666,0,35,101,184,375,7,33,65,197,364
5760,224420,2244.20,3860569.8863398507,8969.152871827353,34.03165432218179,-118.27691597205566,505,THE HAVEN AT COLLEGE,0.84,0.522,2,33,98,182,372,4,33,68,193,363
5761,224600,2246.00,7738462.9823672995,11201.324171453552,34.022303709558614,-118.27181446784259,243,HOPE HARBOR CENTER,0.305,0.19,2,27,86,177,363,5,26,59,193,339
5762,224701,2247.01,2534774.989603408,7580.362829590473,34.028634413987426,-118.28068233916346,505,THE HAVEN AT COLLEGE,0.366,0.228,2,33,98,182,373,6,30,68,198,360
5763,224702,2247.02,4257851.054887392,9804.975677620047,34.02486443138952,-118.27961554943896,505,THE HAVEN AT COLLEGE,0.291,0.181,2,30,96,181,369,6,28,68,200,352
5764,226001,2260.01,11138123.386743072,19074.26957595056,34.024485226776314,-118.25028280983791,446,"MOTIVATIONAL RECOVERY SERVICES, INC.",0.366,0.227,1,26,80,166,342,2,24,52,178,331
5765,226002,2260.02,27645340.918438148,21400.411088346285,34.03262335520953,-118.24778278665168,404,WEINGART CENTER ASSOCIATION/EPIC,1.155,0.718,0,23,78,162,349,3,23,51,178,332
5766,226410,2264.10,3040629.9287922597,7123.364993515799,34.02420444066839,-118.26229364962283,425,HEALTHRIGHT 360,0.753,0.468,2,27,83,173,356,3,25,58,187,337
5767,226420,2264.20,4595545.901306435,8778.892964974373,34.021846795314765,-118.257074449725,446,"MOTIVATIONAL RECOVERY SERVICES, INC.",0.409,0.254,1,25,84,174,345,3,24,55,184,333
5768,226701,2267.01,4048388.262060638,9183.65227454754,34.01764443690048,-118.26478876327903,243,HOPE HARBOR CENTER,1.084,0.674,0,25,83,173,345,5,23,55,186,333
5769,226702,2267.02,4376816.156394016,12056.377052905942,34.01708739139881,-118.2596930039239,446,"MOTIVATIONAL RECOVERY SERVICES, INC.",0.838,0.52,1,23,84,173,341,5,22,56,184,331
5770,227010,2270.10,6234440.739195077,11858.477176259188,34.01853041081759,-118.24700899154993,249,VOA OF CENTRAL CITY RECOVERY SERVICES,0.614,0.382,2,24,77,162,337,3,21,50,176,325
5771,227020,2270.20,4737436.152885865,9166.080390674977,34.01575852025559,-118.25194513644699,446,"MOTIVATIONAL RECOVERY SERVICES, INC.",0.678,0.422,3,24,76,168,340,3,22,51,178,327
5772,228100,2281.00,10799828.72774183,15274.769663909921,34.00962186510234,-118.24397287100167,473,HILLSMAN CENTER,0.388,0.241,2,21,77,146,334,3,20,45,176,320
5773,228210,2282.10,4424348.075244928,9184.586519074466,34.010416826703775,-118.25349399659396,473,HILLSMAN CENTER,0.56,0.348,1,23,83,164,337,3,21,50,179,324
5774,228220,2282.20,3941934.153013454,9102.49238054019,34.00605038412824,-118.25133150374621,473,HILLSMAN CENTER,0.409,0.254,1,22,81,161,337,2,21,47,176,323
5775,228310,2283.10,5880551.426256357,11254.257670245692,34.01135581011568,-118.26242818806422,473,HILLSMAN CENTER,1.377,0.855,0,23,88,169,340,3,23,53,185,329
5776,228320,2283.20,3627882.0203640433,10223.813554788325,34.00782679029735,-118.2636482170457,473,HILLSMAN CENTER,1.451,0.902,0,26,88,168,339,2,20,53,185,328
5777,228410,2284.10,2989299.7619407917,7107.133790275809,34.01374483215575,-118.26912543372815,374,AMITY FOUNDATION,0.913,0.567,2,24,82,176,344,3,23,57,188,333
5778,228420,2284.20,2985840.080122346,7921.096578799121,34.008264689756366,-118.2719035814367,374,AMITY FOUNDATION,1.02,0.634,0,23,85,173,342,4,22,55,188,329
5779,228500,2285.00,4831907.052529081,9216.980606637615,34.003496813602204,-118.26907694419667,420,MINI HOUSE RESIDENTIAL TREATMENT,0.893,0.555,1,22,85,173,340,3,20,53,182,328
5780,228600,2286.00,5672241.818206563,9590.926792901253,34.003698385802046,-118.26087823986087,420,MINI HOUSE RESIDENTIAL TREATMENT,1.237,0.769,0,23,80,165,337,2,22,52,180,322
5781,228710,2287.10,4357156.30389664,9256.84888136368,33.999372764259334,-118.254302487419,473,HILLSMAN CENTER,1.164,0.724,0,23,76,159,330,3,21,47,173,316
5782,228720,2287.20,4350304.998762609,9244.66586027055,33.99937181521051,-118.24995275820778,473,HILLSMAN CENTER,1.022,0.635,0,23,78,151,327,1,18,46,172,316
5783,228800,2288.00,9090038.060175616,12361.182428379909,33.99925173028143,-118.24326869726768,473,HILLSMAN CENTER,1.105,0.687,0,17,73,144,329,1,16,43,169,314
5784,228900,2289.00,5549020.780747489,9659.072227345367,33.99205926374947,-118.24302650339777,465,"CENTRAL CITY COMMUNITY HEALTH CENTER, INC. ",1.41,0.876,0,18,72,140,323,1,17,43,165,303
5785,229100,2291.00,5113467.671740263,9150.084714056782,33.99216557890048,-118.25210799274082,465,"CENTRAL CITY COMMUNITY HEALTH CENTER, INC. ",0.819,0.509,1,19,72,152,328,1,19,47,169,304
5786,229200,2292.00,4797268.253329212,8927.114608350017,33.998276379700975,-118.26084049370733,420,MINI HOUSE RESIDENTIAL TREATMENT,0.895,0.556,1,22,78,163,335,2,22,47,178,318
5787,229300,2293.00,5413564.175010937,9545.172043177812,33.99807646883879,-118.26968312236346,420,MINI HOUSE RESIDENTIAL TREATMENT,0.287,0.179,2,22,77,173,336,3,22,52,178,320
5788,229410,2294.10,5838700.427545945,9706.990136290933,33.99224078213441,-118.26957401162362,420,MINI HOUSE RESIDENTIAL TREATMENT,0.364,0.226,3,22,73,167,329,4,22,49,180,311
5789,229420,2294.20,6287881.437485597,10052.110542620228,33.99253596046883,-118.26082991045865,465,"CENTRAL CITY COMMUNITY HEALTH CENTER, INC. ",0.877,0.545,2,22,71,159,327,3,22,49,177,308
5790,231100,2311.00,9623608.304610072,12919.954591322465,34.01525263800201,-118.27657010521551,374,AMITY FOUNDATION,0.208,0.129,3,24,83,177,352,4,24,58,192,332
5791,231210,2312.10,3451814.03979854,7922.644824792622,34.014533331293535,-118.29804038928003,956,"BUILDING LIVES ENT, INC",0.229,0.142,2,26,99,181,357,4,26,67,199,336
5792,231220,2312.20,10389133.630625632,13177.4647886424,34.01456831275138,-118.28938747172128,956,"BUILDING LIVES ENT, INC",0.802,0.498,4,27,90,179,358,7,26,66,198,334
5793,231301,2313.01,2517991.862751991,7081.843646844421,34.01535976662325,-118.30209409739126,851,FREEDOM DETOX,0.322,0.2,2,25,104,185,365,3,25,68,199,336
5794,231302,2313.02,4558808.493243829,10645.961359465658,34.014058051058385,-118.30590679598697,851,FREEDOM DETOX,0.702,0.436,2,25,111,187,360,3,23,68,198,330
5795,231400,2314.00,6684775.592734587,10350.63379950044,34.01455964660738,-118.31301171145817,862,L.A. GLOBAL CARE,1.288,0.801,0,25,113,187,366,3,24,72,201,338
5796,231500,2315.00,9894305.68672571,12798.516533619972,34.007282511161684,-118.31083879969336,862,L.A. GLOBAL CARE,0.489,0.304,1,21,113,184,345,3,21,67,201,322
5797,231601,2316.01,3437892.9596720254,7854.054974631466,34.00727485414335,-118.30237207944086,862,L.A. GLOBAL CARE,0.589,0.366,2,24,99,183,346,3,21,65,198,323
5798,231602,2316.02,3390802.812731341,7818.122524932501,34.007276618255176,-118.2980451551037,956,"BUILDING LIVES ENT, INC",0.581,0.361,2,26,94,181,349,3,24,64,198,323
5799,231603,2316.03,3447314.210700119,7867.587073971305,34.00728309469472,-118.29372700805904,956,"BUILDING LIVES ENT, INC",0.686,0.426,1,27,92,179,349,3,25,64,197,321
5800,231710,2317.10,3485223.4259756617,7941.548717274967,34.00731844607829,-118.28936981039793,956,"BUILDING LIVES ENT, INC",0.961,0.597,1,25,90,175,351,4,25,63,196,326
5801,231720,2317.20,5083179.130962037,9121.124554771854,34.00745112781707,-118.28408323596905,374,AMITY FOUNDATION,1.011,0.628,0,24,83,175,345,3,23,62,195,325
5802,231800,2318.00,5600044.978766959,9533.134871320832,34.007449493663316,-118.27747733167526,374,AMITY FOUNDATION,0.896,0.557,2,22,83,174,343,4,21,60,189,326
5803,231901,2319.01,2634646.875958755,6630.602776377257,33.99830743254711,-118.27614990582829,324,"CANON HUMAN SERVICES CENTERS, INC.",0.538,0.335,3,20,82,174,335,3,20,53,185,322
5804,231902,2319.02,3488404.8209293834,9940.723990303964,34.000886007697304,-118.27826350955876,324,"CANON HUMAN SERVICES CENTERS, INC.",0.796,0.494,2,22,82,172,339,3,21,55,184,326
5805,232110,2321.10,4090675.077278882,8787.834136788098,33.9994995632251,-118.28933001534105,324,"CANON HUMAN SERVICES CENTERS, INC.",1.22,0.758,0,24,89,178,335,2,23,56,191,320
5806,232120,2321.20,5617477.7125684,9730.33918735381,33.99967965911178,-118.2839436486214,324,"CANON HUMAN SERVICES CENTERS, INC.",0.855,0.531,1,22,85,175,340,3,21,56,190,322
5807,232200,2322.00,5629053.384192244,10868.642271178429,34.001729152925094,-118.29788568275863,862,L.A. GLOBAL CARE,0.908,0.564,1,22,90,183,342,2,21,61,196,316
5808,232300,2323.00,6768013.822087244,11548.123260696126,33.997427684068455,-118.29819629361698,862,L.A. GLOBAL CARE,1.114,0.692,0,23,90,182,336,1,22,56,193,313
5809,232401,2324.01,6132156.906736365,11911.302976913239,34.00019752473885,-118.30823548975788,862,L.A. GLOBAL CARE,0.426,0.265,1,22,100,184,332,1,20,63,200,315
5810,232402,2324.02,5847679.48948543,11262.242681585552,33.99853987120908,-118.31358512213804,862,L.A. GLOBAL CARE,0.832,0.517,1,22,101,184,334,2,22,63,201,312
5811,232500,2325.00,8263480.380971265,11962.435631489308,33.9920882848457,-118.31082884872187,862,L.A. GLOBAL CARE,1.358,0.844,0,21,94,185,329,1,20,49,199,309
5812,232601,2326.01,2840257.273125381,7004.333670542479,33.99211309213328,-118.30236404729342,953,SUNSET HAVEN,1.311,0.815,0,22,93,185,327,2,21,55,192,308
5813,232602,2326.02,5720224.451175641,9605.289511002878,33.99208932960893,-118.29584896792372,953,SUNSET HAVEN,1.271,0.79,0,22,88,177,330,2,21,52,190,310
5814,232701,2327.01,2986772.9566983515,7152.590678833393,33.99220462543556,-118.28930843404167,364,SSG HOP-ICS,1.015,0.631,0,25,84,176,329,3,22,51,190,314
5815,232702,2327.02,4883945.176225436,8854.780081025181,33.99244062686299,-118.2837600480907,364,SSG HOP-ICS,0.533,0.331,2,22,82,172,330,3,22,50,186,313
5816,232800,2328.00,4592442.842684217,8716.845358166715,33.99240275341473,-118.27720047080778,324,"CANON HUMAN SERVICES CENTERS, INC.",0.168,0.104,3,21,78,172,330,3,20,50,185,312
5817,234001,2340.01,7289805.948772269,15674.657475769189,34.01261027706738,-118.32355595376241,435,SCHARP - OASIS HOUSE,1.099,0.683,0,25,121,188,364,2,22,76,201,345
5818,234002,2340.02,6077750.207213635,13242.674443854532,34.01146953786641,-118.31903167600332,862,L.A. GLOBAL CARE,1.362,0.846,0,22,112,187,358,2,21,73,201,336
5819,234200,2342.00,9503536.848257052,13022.717008060832,34.016412191669055,-118.33116448563148,435,SCHARP - OASIS HOUSE,0.333,0.207,1,25,120,188,367,2,21,83,200,358
5820,234301,2343.01,5424886.042653252,9432.675712460896,34.007814845469056,-118.33136896636374,930,CALIFORNIA INSTITUTE OF HEALTH & SOCIAL SERVICES ALCOHOL & DRUG EDUCATION PROGRAM ,0.728,0.452,2,19,118,188,359,3,15,77,194,342
5821,234302,2343.02,3942923.4169158665,9264.004634442488,34.00678990489809,-118.32582181825869,930,CALIFORNIA INSTITUTE OF HEALTH & SOCIAL SERVICES ALCOHOL & DRUG EDUCATION PROGRAM ,1.251,0.777,0,21,116,186,359,3,18,72,199,332
5822,234501,2345.01,8092378.409490073,12751.346018276881,33.9974996505828,-118.32444732858018,331,ASIAN AMERICAN DRUG ABUSE PROGRAM,0.633,0.393,1,19,107,187,334,1,18,68,202,313
5823,234502,2345.02,5864850.866072336,11665.446044102422,34.00187143942337,-118.32443493391392,331,ASIAN AMERICAN DRUG ABUSE PROGRAM,0.985,0.612,1,19,110,184,345,3,19,69,201,322
5824,234600,2346.00,14034822.872249013,17840.20503056998,33.99221281402737,-118.32764527249188,331,ASIAN AMERICAN DRUG ABUSE PROGRAM,0.343,0.213,1,15,103,185,330,1,15,66,197,302
5825,234700,2347.00,7987585.664079108,14837.83942289584,33.98722611222817,-118.3276974335197,331,ASIAN AMERICAN DRUG ABUSE PROGRAM,0.835,0.519,1,14,95,184,320,1,14,59,196,296
5826,234800,2348.00,7041768.82248457,10614.46416770323,33.98182823229075,-118.32209484373902,331,ASIAN AMERICAN DRUG ABUSE PROGRAM,1.59,0.988,0,16,89,178,315,1,15,50,197,294
5827,234901,2349.01,3502786.042577105,7934.900328583926,33.98179244424575,-118.32867306111467,331,ASIAN AMERICAN DRUG ABUSE PROGRAM,1.413,0.878,0,15,91,178,310,1,13,52,195,295
5828,234902,2349.02,4819302.621291405,9961.997561601662,33.982262369972496,-118.33410402338212,331,ASIAN AMERICAN DRUG ABUSE PROGRAM,1.4,0.87,0,12,89,179,314,1,10,55,196,295
5829,235100,2351.00,12717505.815019784,18160.630662031806,33.985247156452495,-118.34633608475484,331,ASIAN AMERICAN DRUG ABUSE PROGRAM,1.802,1.12,0,12,91,180,325,0,11,64,189,301
5830,235201,2352.01,7024758.051545678,10666.339058223331,33.974558340437596,-118.32212702241426,433,FFC SPIRITUAL AND BEHAVIORAL HEALTH CENTER,1.646,1.023,0,16,82,168,306,0,15,42,191,287
5831,235202,2352.02,9166266.044182751,13212.617063296517,33.97308491917722,-118.33038821285615,308,DIDI HIRSCH MENTAL HEALTH SERVICES - INGLEWOOD SITE,1.49,0.926,0,12,86,172,304,2,12,40,191,287
5832,236001,2360.01,23712466.62832794,28147.41130287428,34.01575660528252,-118.36453969879672,930,CALIFORNIA INSTITUTE OF HEALTH & SOCIAL SERVICES ALCOHOL & DRUG EDUCATION PROGRAM ,2.462,1.53,0,32,115,179,388,0,30,78,190,366
5833,236101,2361.01,6809528.828647443,11729.68165821927,34.014739181487556,-118.3396210132577,435,SCHARP - OASIS HOUSE,0.471,0.293,2,26,123,187,372,2,21,79,197,355
5834,236102,2361.02,5360995.742168346,11929.92826208255,34.0099830013372,-118.340992854793,930,CALIFORNIA INSTITUTE OF HEALTH & SOCIAL SERVICES ALCOHOL & DRUG EDUCATION PROGRAM ,0.212,0.132,2,22,119,186,365,2,15,76,195,344
5835,236203,2362.03,3652629.5476975976,10831.854521572775,34.01845994896179,-118.34678273926848,435,SCHARP - OASIS HOUSE,1.142,0.709,0,28,126,187,381,3,27,84,197,356
5836,236204,2362.04,2474305.8604862243,6697.418206022246,34.01472133864034,-118.34920174793012,930,CALIFORNIA INSTITUTE OF HEALTH & SOCIAL SERVICES ALCOHOL & DRUG EDUCATION PROGRAM ,1.133,0.704,0,27,123,187,377,2,24,82,195,353
5837,236205,2362.05,1797512.5777205927,6066.197398984549,34.015431678847314,-118.3522377875619,930,CALIFORNIA INSTITUTE OF HEALTH & SOCIAL SERVICES ALCOHOL & DRUG EDUCATION PROGRAM ,1.411,0.877,0,28,121,182,379,1,24,83,195,357
5838,236206,2362.06,2959494.972466577,9723.37433111384,34.018076011717945,-118.35360963209169,930,CALIFORNIA INSTITUTE OF HEALTH & SOCIAL SERVICES ALCOHOL & DRUG EDUCATION PROGRAM ,1.682,1.045,0,29,122,183,389,0,25,84,195,360
5839,236400,2364.00,14429101.324947957,19388.95995556605,34.00670492492528,-118.35127380602414,930,CALIFORNIA INSTITUTE OF HEALTH & SOCIAL SERVICES ALCOHOL & DRUG EDUCATION PROGRAM ,1.14,0.709,0,21,114,185,361,1,13,79,190,342
5840,237101,2371.01,6769968.671910155,10352.186362447832,33.9856282550169,-118.29138941022114,953,SUNSET HAVEN,0.826,0.514,1,20,78,175,323,3,20,45,189,303
5841,237102,2371.02,4951073.353130716,9013.080529860346,33.985760125300345,-118.28373570169666,364,SSG HOP-ICS,0.708,0.44,1,22,75,169,326,3,20,46,184,302
5842,237201,2372.01,4880490.059933515,8888.391757322945,33.98573046912169,-118.29912712090638,953,SUNSET HAVEN,0.551,0.342,1,22,87,176,322,1,22,45,189,307
5843,237202,2372.02,11932147.544378469,14393.41552876153,33.98558031183428,-118.31016738555923,953,SUNSET HAVEN,1.22,0.758,0,21,91,178,325,1,18,48,194,299
5844,237300,2373.00,10739283.693338526,13459.483127583135,33.978288083233295,-118.31108359772703,953,SUNSET HAVEN,1.218,0.757,0,17,87,173,315,1,17,41,191,296
5845,237401,2374.01,5555453.767573666,9560.843634340798,33.97847234575854,-118.29482055367109,953,SUNSET HAVEN,0.41,0.255,1,19,73,168,317,1,19,47,186,295
5846,237402,2374.02,5610580.940430127,9623.638745554068,33.97846663722314,-118.30134641623494,953,SUNSET HAVEN,0.389,0.242,1,19,78,172,318,1,18,43,184,291
5847,237500,2375.00,3631027.814648451,8245.233398207187,33.97830709433448,-118.28932154176701,953,SUNSET HAVEN,0.869,0.54,1,19,70,165,315,2,17,46,183,294
5848,237600,2376.00,5422351.28055603,9469.495498271615,33.97851833191638,-118.28388413684945,953,SUNSET HAVEN,1.348,0.838,0,21,69,162,312,3,20,47,180,293
5849,237710,2377.10,4653115.331965004,9397.909015235027,33.972700770750976,-118.28614857313619,390,HOUSE OF UHURU,0.758,0.471,1,19,64,157,307,2,17,43,176,286
5850,237720,2377.20,3500760.4039386837,8731.09125765682,33.969291190953896,-118.2861632709953,390,HOUSE OF UHURU,0.431,0.268,1,18,60,155,305,2,16,43,173,278
5851,237800,2378.00,10471227.302184246,13143.56404505314,33.97096492197781,-118.29813355231667,953,SUNSET HAVEN,1.097,0.682,0,19,65,159,306,2,19,44,181,283
5852,237900,2379.00,10546505.367468134,13264.745288533675,33.970934136507076,-118.31120464976426,966,REGGIE'S TREATMENT CENTER I LLC ,1.258,0.782,0,16,69,166,302,2,15,41,185,285
5853,238000,2380.00,17907171.807679445,21142.21985548708,33.94729921779854,-118.30973727770717,914,"COMMUNITY ASSISTANCE SERVICES, INC",0.719,0.447,1,14,56,140,283,2,14,36,161,276
5854,238100,2381.00,10589252.344677284,13269.951164995362,33.96363282024252,-118.31121108835487,966,REGGIE'S TREATMENT CENTER I LLC ,0.57,0.354,1,15,62,158,290,2,15,40,179,279
5855,238200,2382.00,11050838.173659237,13886.11091823752,33.96350061068119,-118.29798985771525,390,HOUSE OF UHURU,1.411,0.877,0,19,58,154,292,1,19,44,179,271
5856,238310,2383.10,4274128.462390787,9306.825433565331,33.96604841284747,-118.28611960962131,390,HOUSE OF UHURU,0.282,0.175,1,17,59,154,300,2,17,44,171,274
5857,238320,2383.20,5040668.483880582,9679.324982138114,33.96215758939526,-118.28616698936263,390,HOUSE OF UHURU,0.548,0.341,1,16,57,149,295,2,16,44,170,275
5858,238400,2384.00,14010150.654731734,15895.808913698871,33.956353915126705,-118.30900390988339,966,REGGIE'S TREATMENT CENTER I LLC ,0.776,0.482,1,15,55,149,295,2,15,39,174,265
5859,239201,2392.01,4842417.282662927,8889.200717504611,33.98578530171648,-118.27718207232749,364,SSG HOP-ICS,0.53,0.33,2,23,72,168,323,3,20,52,183,301
5860,239202,2392.02,13730941.27964428,15869.390472037203,33.9856830600585,-118.2649886816522,465,"CENTRAL CITY COMMUNITY HEALTH CENTER, INC. ",0.809,0.503,1,22,69,158,319,4,21,49,176,297
5861,239310,2393.10,5757262.383193772,9679.368337687252,33.97853393011751,-118.27731839655219,364,SSG HOP-ICS,1.327,0.824,0,20,66,158,311,2,19,46,179,289
5862,239320,2393.20,3735937.2704872857,8282.412434079213,33.97857239366279,-118.27175060787631,364,SSG HOP-ICS,1.458,0.906,0,22,65,157,314,1,20,47,174,288
5863,239330,2393.30,10543713.944875717,13439.66730564556,33.97839240215612,-118.26311499477117,465,"CENTRAL CITY COMMUNITY HEALTH CENTER, INC. ",1.026,0.638,0,20,64,149,311,1,16,46,170,289
5864,239501,2395.01,5104517.580392689,10575.584875771752,33.97299057269042,-118.26290485500999,465,"CENTRAL CITY COMMUNITY HEALTH CENTER, INC. ",1.535,0.954,0,16,64,142,307,2,14,42,166,285
5865,239502,2395.02,5499601.827010122,10820.88856609072,33.96933445267512,-118.26305625385857,348,TESSIE CLEVELAND COMMUNITY SERVICES CORPORATION,1.449,0.901,0,15,61,137,302,2,14,42,166,286
5866,239601,2396.01,4545566.817400257,9594.700183669176,33.97284183376924,-118.27530998412087,390,HOUSE OF UHURU,1.016,0.631,0,21,62,153,307,2,18,43,173,285
5867,239602,2396.02,3854522.016545802,9274.98296677799,33.969455404290365,-118.27491442758571,390,HOUSE OF UHURU,0.828,0.514,1,18,60,148,303,2,14,43,169,283
5868,239701,2397.01,4409986.968704957,9489.694737229003,33.966096827373825,-118.27527533380709,464,BIENESTAR HUMAN SERVICES,0.694,0.431,2,15,62,146,296,2,15,44,164,282
5869,239702,2397.02,5234332.896282571,10063.59951375737,33.96220686244399,-118.2750127746931,464,BIENESTAR HUMAN SERVICES,0.262,0.163,2,16,59,144,293,2,16,44,162,274
5870,239801,2398.01,3990945.9799591005,9960.997276968543,33.966058126386265,-118.26294394225575,464,BIENESTAR HUMAN SERVICES,1.319,0.819,0,16,59,134,295,2,13,42,163,285
5871,239802,2398.02,6560226.198692027,11250.575625921056,33.9624128139822,-118.26296106757908,464,BIENESTAR HUMAN SERVICES,1.158,0.719,0,19,60,134,294,2,14,41,156,282
5872,240010,2400.10,6334051.62988117,12212.837402034742,33.9583207951561,-118.26379529508722,464,BIENESTAR HUMAN SERVICES,1.059,0.658,0,20,57,135,301,1,20,42,154,277
5873,240020,2400.20,7748277.600445164,12850.884376342596,33.95426901529,-118.2639002223847,464,BIENESTAR HUMAN SERVICES,1.208,0.75,0,20,55,132,298,1,19,41,151,275
5874,240200,2402.00,8038890.141902008,11289.118654921373,33.95603850780962,-118.27615366408503,464,BIENESTAR HUMAN SERVICES,0.435,0.27,1,19,54,138,296,2,16,42,159,275
5875,240301,2403.01,5047472.780938761,9223.46086355274,33.956410886116224,-118.28381522644271,464,BIENESTAR HUMAN SERVICES,0.888,0.552,1,16,54,145,291,2,16,42,164,275
5876,240302,2403.02,3709528.5716980216,8053.692097323696,33.95641891539151,-118.28929177838813,390,HOUSE OF UHURU,1.246,0.774,0,16,57,147,293,2,16,44,165,272
5877,240401,2404.01,7460071.13766518,11317.301718772715,33.949923194290264,-118.28572794854102,464,BIENESTAR HUMAN SERVICES,1.475,0.916,0,16,53,142,287,1,14,37,157,281
5878,240402,2404.02,6472578.219826291,11129.305618141214,33.944694132508424,-118.28549096727522,770,PROJECT RESTORE,1.37,0.851,0,16,55,137,286,2,13,36,151,281
5879,240500,2405.00,8746291.428955328,12263.811791754995,33.94693181793271,-118.275677553357,327,LOS ANGELES CENTERS FOR ALCOHOL AND DRUG ABUSE,1.156,0.719,0,19,53,130,286,3,17,39,150,281
5880,240600,2406.00,7275157.3820399735,11292.44207962935,33.94694979738183,-118.26841807447994,327,LOS ANGELES CENTERS FOR ALCOHOL AND DRUG ABUSE,1.241,0.771,0,18,54,128,288,3,17,40,145,280
5881,240700,2407.00,12857922.693352226,15031.646132079344,33.94702012938893,-118.25940404796211,317,BROWN SCAPULAR PROGRAM,1.696,1.054,0,17,53,116,287,0,14,36,144,282
5882,240800,2408.00,6872458.832236242,13530.58303010235,33.93980032969715,-118.2611050761798,327,LOS ANGELES CENTERS FOR ALCOHOL AND DRUG ABUSE,1.208,0.751,0,14,50,110,284,2,14,34,136,279
5883,240901,2409.01,3780219.9775412553,11130.649754858021,33.93250258299879,-118.25936298594215,327,LOS ANGELES CENTERS FOR ALCOHOL AND DRUG ABUSE,1.396,0.868,0,14,46,99,284,2,14,34,123,276
5884,240902,2409.02,7741983.105032561,12813.426467234141,33.9354725053674,-118.26373806897472,327,LOS ANGELES CENTERS FOR ALCOHOL AND DRUG ABUSE,0.923,0.574,1,14,48,106,283,2,14,34,133,278
5885,241001,2410.01,9757944.755052024,18148.082165383054,33.929310917607204,-118.26656306325405,327,LOS ANGELES CENTERS FOR ALCOHOL AND DRUG ABUSE,1.047,0.651,0,14,45,99,279,3,14,35,123,271
5886,241002,2410.02,7614158.37644016,13017.170275226914,33.9252667098883,-118.26141453480588,355,DARE U TO CARE OUTREACH MINISTRY,1.634,1.015,0,14,42,95,277,0,13,35,115,268
5887,241110,2411.10,5238307.2249268405,10529.983078699033,33.93649883834492,-118.27170982266101,327,LOS ANGELES CENTERS FOR ALCOHOL AND DRUG ABUSE,0.179,0.111,2,15,50,114,281,3,14,35,137,280
5888,241120,2411.20,7144247.9001038745,11601.959891605058,33.93644940190508,-118.27684836287679,770,PROJECT RESTORE,0.167,0.104,2,17,52,118,281,3,16,37,139,280
5889,241201,2412.01,5230365.497044917,10180.375520018943,33.940245127616926,-118.28584702123113,770,PROJECT RESTORE,1.098,0.682,0,18,54,129,283,2,17,33,144,280
5890,241202,2412.02,12521469.732770706,14033.8089999111,33.933436060766006,-118.28576504601074,770,PROJECT RESTORE,1.007,0.626,0,17,50,118,280,3,17,33,142,278
5891,241300,2413.00,5620399.794201851,9957.44682878631,33.92613791659754,-118.28624989900001,355,DARE U TO CARE OUTREACH MINISTRY,0.734,0.456,1,17,46,104,278,2,16,33,132,270
5892,241400,2414.00,6195531.513937805,11029.851445339385,33.92558734573115,-118.27557166689748,355,DARE U TO CARE OUTREACH MINISTRY,0.395,0.245,1,16,45,97,277,3,16,38,124,270
5893,242000,2420.00,6961643.931574952,10528.17853297301,33.93928698613165,-118.25022768986923,317,BROWN SCAPULAR PROGRAM,1.284,0.798,0,13,51,98,288,1,13,34,122,278
5894,242100,2421.00,4947449.74476931,9051.888509329856,33.94563473814544,-118.23237836365206,317,BROWN SCAPULAR PROGRAM,0.841,0.523,1,17,51,101,293,1,14,33,120,277
5895,242201,2422.01,4409281.005815047,8470.72410273301,33.950741817243355,-118.23797588941355,317,BROWN SCAPULAR PROGRAM,0.419,0.26,1,17,55,108,298,1,15,34,126,278
5896,242202,2422.02,4344591.40156938,11300.969190019867,33.94656416974161,-118.2404351644886,317,BROWN SCAPULAR PROGRAM,0.166,0.103,1,17,55,104,297,1,17,32,121,280
5897,242300,2423.00,6781926.141639945,11506.762801133033,33.94851079489103,-118.24612670402074,317,BROWN SCAPULAR PROGRAM,0.472,0.293,1,17,54,108,298,1,17,33,130,283
5898,242600,2426.00,5123820.071952846,9153.07969439772,33.932380778757135,-118.25025443452782,229,BHS RESPITE & RECOVERY CENTER AT MLK CAMPUS,1.418,0.881,0,13,49,94,283,3,12,33,121,273
5899,242700,2427.00,10928074.252791392,14365.677354409216,33.936358327457896,-118.24266078321641,317,BROWN SCAPULAR PROGRAM,1.3,0.808,0,13,50,94,285,4,13,34,117,278
5900,243001,2430.01,3730697.033940629,8231.792342774157,33.939867690457774,-118.23625695102228,317,BROWN SCAPULAR PROGRAM,1.004,0.624,0,16,48,97,288,2,15,30,116,278
5901,243002,2430.02,4217277.010927025,8726.130678712214,33.93901144781387,-118.23144904114663,317,BROWN SCAPULAR PROGRAM,1.333,0.828,0,16,46,95,288,2,16,31,114,271
5902,243100,2431.00,6308270.591917729,10561.462878510927,33.9326983922276,-118.23515372934115,360,SHIELDS FOR FAMILIES,0.864,0.537,1,16,43,93,280,4,16,29,112,267
5903,261102,2611.02,85593604.90936728,56704.29184209315,34.113205407305855,-118.42485597097996,570,90210 RECOVERY INC,1.15,0.715,0,20,151,302,494,1,15,75,326,492
5904,261103,2611.03,22388941.04705999,27838.499890349194,34.11758690374087,-118.38642331533866,747,CARRARA TREATMENT WELLNESS & SPA,1.398,0.869,0,26,143,276,507,3,25,87,310,491
5905,261104,2611.04,49492157.67372215,45653.617290695605,34.110537519402364,-118.40748154942627,343,FAITH RECOVERY CENTER,0.362,0.225,1,17,138,296,498,3,15,85,319,490
5906,261200,2612.00,81700628.93103792,59606.1094844355,34.11268229486357,-118.4439999078589,269,RED DOOR LIFE,2.137,1.328,0,16,134,295,491,0,13,66,326,486
5907,262100,2621.00,94415428.26986438,70340.38052244819,34.095733239037514,-118.45102275578112,570,90210 RECOVERY INC,2.948,1.832,0,8,115,279,497,0,8,60,303,484
5908,262200,2622.00,92227670.69561936,52227.52257384811,34.101738832046394,-118.4698183550455,269,RED DOOR LIFE,3.869,2.404,0,6,109,281,484,0,4,59,322,478
5909,262301,2623.01,140540824.98377058,74504.43843876739,34.10392560425692,-118.49213457318054,621,13 CHAPTERS LLC,4.591,2.852,0,3,109,293,478,0,2,47,324,472
5910,262302,2623.02,32974910.26209948,32417.74760167836,34.075128215416086,-118.47685331435324,518,"CASA BELLA SOBER LIVING - WEST, LLC",1.741,1.082,0,8,84,239,480,0,7,31,266,466
5911,262303,2623.03,28139675.046829,29228.962683062127,34.06607438227602,-118.48686139402582,518,"CASA BELLA SOBER LIVING - WEST, LLC",1.122,0.697,0,9,62,211,474,1,8,23,241,459
5912,262400,2624.00,121292178.07919145,75093.03149915505,34.091813899105404,-118.50863916887977,518,"CASA BELLA SOBER LIVING - WEST, LLC",4.591,2.853,0,1,75,244,481,0,1,36,290,463
5913,262501,2625.01,17635347.441013005,19927.67282182449,34.04998376855033,-118.52061772957096,596,NEWPORT ACADEMY,3.995,2.482,0,4,30,155,456,0,4,18,187,438
5914,262601,2626.01,38968307.02216995,35450.35481259411,34.07383925048597,-118.55580157221452,263,CLIFFSIDE MALIBU 3,6.774,4.21,0,0,27,167,440,0,0,4,200,424
5915,264000,2640.00,20107064.265035894,22982.74208037001,34.05455472320247,-118.481514407322,518,"CASA BELLA SOBER LIVING - WEST, LLC",0.654,0.406,1,16,63,183,466,1,16,36,227,448
5916,264102,2641.02,4267625.335047521,10245.740071231903,34.05951334061457,-118.46938930153601,518,"CASA BELLA SOBER LIVING - WEST, LLC",0.76,0.472,1,16,72,203,475,2,15,44,247,452
5917,264103,2641.03,2481293.7069656127,7370.470877161304,34.05498197537263,-118.46628857520447,377,NEW DIRECTIONS FOR VETERANS,0.803,0.499,1,19,70,190,462,3,16,48,236,454
5918,264303,2643.03,2329882.137560286,6726.725190557958,34.05145397176953,-118.46605733207639,377,NEW DIRECTIONS FOR VETERANS,0.801,0.498,1,19,70,181,461,4,18,50,225,453
5919,264304,2643.04,2192684.756518644,7254.296310459917,34.05052312946014,-118.46243970289746,377,NEW DIRECTIONS FOR VETERANS,0.549,0.341,1,19,71,180,464,4,19,55,222,453
5920,264305,2643.05,14485244.151186263,19577.407819922653,34.047687954685045,-118.47890749452858,514,RECOVERY INTEGRITY ,1.007,0.626,0,17,62,163,458,3,17,40,210,441
5921,264306,2643.06,3838849.8343538195,9091.533511207328,34.04533869174251,-118.46914517188343,514,RECOVERY INTEGRITY ,0.289,0.18,2,18,65,163,459,3,18,49,200,442
5922,265100,2651.00,25424207.100035295,24407.435791763724,34.07371998004135,-118.4288615586375,846,BRIGHTSIDE HEALTH,2.151,1.337,0,26,108,243,484,0,22,65,282,466
5923,265201,2652.01,4723324.728286064,11887.392978409789,34.06683232215475,-118.43642136278962,506,THE HAVEN AT COLLEGE,1.216,0.756,0,24,103,233,480,2,24,66,266,462
5924,265203,2652.03,3337199.971236891,8484.000960661755,34.0621181603237,-118.43826370920618,463,MUSE TREATMENT,0.698,0.434,2,24,96,223,476,3,22,64,256,461
5925,265204,2652.04,2855371.1204535603,7517.683585770595,34.06165573423579,-118.4446204010615,506,THE HAVEN AT COLLEGE,0.306,0.19,2,23,92,222,475,4,21,61,253,458
5926,265301,2653.01,17176772.4367197,20495.487119927137,34.07107358252526,-118.4454464636339,506,THE HAVEN AT COLLEGE,1.091,0.678,0,19,100,242,484,2,18,56,274,466
5927,265303,2653.03,1592999.7225436457,5749.442745146692,34.06727881536691,-118.45342286602296,506,THE HAVEN AT COLLEGE,0.819,0.509,1,16,89,227,481,3,15,51,268,462
5928,265304,2653.04,1409868.2282492106,5886.18108758801,34.06775945282048,-118.45117322989634,506,THE HAVEN AT COLLEGE,0.759,0.472,1,19,93,230,481,2,15,52,270,462
5929,265306,2653.06,1003677.988513947,4613.739149727956,34.06573846174376,-118.44894412493835,506,THE HAVEN AT COLLEGE,0.482,0.3,1,20,93,228,480,3,17,57,264,458
5930,265307,2653.07,2341857.6194319446,7842.138230341592,34.06139670050366,-118.4490734275731,506,THE HAVEN AT COLLEGE,0.105,0.065,2,21,90,221,472,4,21,58,258,459
5931,265410,2654.10,7648041.150330674,16061.51960768249,34.0656073603356,-118.46325680761608,377,NEW DIRECTIONS FOR VETERANS,1.432,0.89,0,15,79,221,480,3,15,45,266,458
5932,265420,2654.20,7865803.833000923,12339.13175125644,34.07044653189356,-118.45945474798137,506,THE HAVEN AT COLLEGE,1.456,0.905,0,15,90,234,484,1,15,48,276,467
5933,265521,2655.21,1409936.517549031,5592.735680250767,34.0567078843957,-118.44483750638916,463,MUSE TREATMENT,0.157,0.098,3,23,87,203,472,4,23,65,246,457
5934,265522,2655.22,2717596.13979681,7881.53285462305,34.05637394606598,-118.44149992350775,463,MUSE TREATMENT,0.228,0.142,3,24,89,204,474,4,23,66,246,458
5935,265523,2655.23,3643261.9274434815,7647.862103391743,34.05203408425448,-118.43870724421059,463,MUSE TREATMENT,0.759,0.472,2,27,89,199,468,6,25,68,237,456
5936,265524,2655.24,4614795.326175181,8932.59017870218,34.050856188683014,-118.44533287161555,785,SKYLINE RECOVERY CENTER,0.17,0.106,2,24,82,191,469,6,24,64,236,454
5937,265601,2656.01,6706904.140447966,11465.563558725771,34.05586472720245,-118.43273814058324,463,MUSE TREATMENT,1.01,0.628,0,28,90,214,470,4,27,70,246,460
5938,265602,2656.02,3615573.040867572,9281.129151805018,34.06024576129289,-118.43416925465448,463,MUSE TREATMENT,0.909,0.565,1,28,94,220,472,2,25,68,250,464
5939,265701,2657.01,9232160.82608509,15574.83270087255,34.06274018989337,-118.42209985400052,846,BRIGHTSIDE HEALTH,0.897,0.557,1,37,101,230,475,1,33,75,253,460
5940,265702,2657.02,4040547.8915828876,8775.757934305091,34.06426651390806,-118.42734909434718,846,BRIGHTSIDE HEALTH,1.408,0.875,0,31,100,230,476,1,29,74,258,464
5941,267101,2671.01,5213923.327749309,9374.02710091472,34.0507958199647,-118.42800936492023,408,CASA PALMERA LOS ANGELES,0.567,0.353,1,37,92,206,466,4,34,77,237,458
5942,267102,2671.02,6668828.6148184575,10704.753540841783,34.05397215386272,-118.42186675380124,846,BRIGHTSIDE HEALTH,0.987,0.613,1,35,95,217,470,2,34,77,242,455
5943,267201,2672.01,6456728.5606522085,10589.093801413734,34.04430692750093,-118.44030155839613,441,INTENSIVE OUTPATIENT PROGRAM,0.473,0.294,4,31,85,187,462,6,30,66,217,450
5944,267202,2672.02,6198954.557531389,10208.55386056469,34.04706098529516,-118.43399080366582,408,CASA PALMERA LOS ANGELES,0.548,0.34,3,35,89,196,465,7,33,72,223,454
5945,267300,2673.00,4631659.716907589,8676.539274023457,34.045209116159675,-118.44970532687394,785,SKYLINE RECOVERY CENTER,0.577,0.359,1,29,80,183,463,8,28,61,215,451
5946,267403,2674.03,2521120.3074123426,7862.060408724643,34.04749895190585,-118.45664217028968,377,NEW DIRECTIONS FOR VETERANS,0.682,0.424,2,23,73,179,467,4,22,57,215,449
5947,267404,2674.04,3061703.5837617316,7371.044299143646,34.045636248864874,-118.4605455182276,439,THE CANYON AT SANTA MONICA,0.851,0.529,3,22,72,174,465,4,19,55,211,445
5948,267405,2674.05,2300084.853488864,6131.840995549105,34.04120942065354,-118.46726957533217,514,RECOVERY INTEGRITY ,0.286,0.177,2,18,64,160,459,2,18,50,193,439
5949,267406,2674.06,2315885.5536983516,6320.041141039376,34.043425565033445,-118.46388460238177,439,THE CANYON AT SANTA MONICA,0.498,0.309,2,19,69,167,462,3,18,51,201,441
5950,267502,2675.02,4679180.697993381,8926.775774983007,34.03755503151374,-118.4621737793191,439,THE CANYON AT SANTA MONICA,0.346,0.215,2,25,68,156,456,3,23,53,189,433
5951,267503,2675.03,2126385.778338225,6123.395839761691,34.042490446470374,-118.4542413484572,785,SKYLINE RECOVERY CENTER,1.071,0.666,0,28,75,172,463,8,26,59,205,446
5952,267504,2675.04,2758789.488573823,6938.245049747261,34.0404538773698,-118.45749955579683,439,THE CANYON AT SANTA MONICA,0.744,0.462,1,26,72,164,460,6,25,57,197,444
5953,267600,2676.00,13703332.511606386,15220.70215476345,34.03408452458124,-118.45247350984685,478,LAUNCH,0.209,0.13,1,32,74,157,451,6,31,57,193,439
5954,267700,2677.00,8768832.34646428,12188.508022671931,34.03872653991027,-118.4441700750447,256,KEY OUTPATIENT,0.351,0.218,3,34,81,175,459,5,31,63,204,444
5955,267800,2678.00,12391142.773365052,14894.912133004118,34.03958481606684,-118.43069340119123,405,CASA PALMERA LOS ANGELES,0.688,0.428,4,38,88,184,459,5,34,71,210,439
5956,267901,2679.01,12051496.062693922,15177.397701160848,34.05646083151028,-118.41372805350001,846,BRIGHTSIDE HEALTH,0.318,0.198,1,34,100,219,471,4,34,76,248,456
5957,267902,2679.02,8374980.4485155,12865.324511811796,34.047557043032214,-118.4202105078834,408,CASA PALMERA LOS ANGELES,0.772,0.479,2,38,94,193,468,3,38,79,235,446
5958,269000,2690.00,24700267.890122313,30135.823842837966,34.042113417322994,-118.40383722752688,752,1 METHOD,0.836,0.52,2,42,100,201,451,6,41,84,217,428
5959,269100,2691.00,9033708.269104926,12462.682968910987,34.05307528555201,-118.39483746785514,524,FORWARD RECOVERY SOLUTIONS,0.554,0.344,2,46,119,211,460,4,43,79,237,436
5960,269300,2693.00,23772380.65256141,20336.6176610048,34.04044575673564,-118.41394283107701,751,1 METHOD ,0.861,0.535,3,41,94,188,458,5,41,84,218,430
5961,269500,2695.00,14899364.410320187,18057.699940970208,34.043386048248294,-118.39380000340955,315,NUVIEW TREATMENT CENTER,0.691,0.429,1,44,118,205,442,8,40,83,217,420
5962,269601,2696.01,3591419.077448167,7574.315640515718,34.04185946410031,-118.3794640311701,251,HOMELESS VETERANS CORRECTIONAL REHABILITATION/VS90,0.454,0.282,3,42,130,200,428,7,42,83,222,410
5963,269602,2696.02,3127881.913185928,7326.264431933353,34.04327361910714,-118.38449416107716,315,NUVIEW TREATMENT CENTER,0.491,0.305,3,45,122,200,435,7,40,84,222,416
5964,269700,2697.00,9661690.40960243,14772.796850400275,34.03634086069355,-118.38716521066134,315,NUVIEW TREATMENT CENTER,0.383,0.238,3,45,119,192,422,5,41,79,213,408
5965,269800,2698.00,5027651.894227838,12035.271536889024,34.032049860867836,-118.39682332355554,752,1 METHOD,0.814,0.506,3,40,105,189,425,8,37,81,208,405
5966,269903,2699.03,3055079.3549911915,7708.020284084582,34.020907953273415,-118.40648846060108,743,AURORA WELLNESS REDISCOVERY CENTER,0.204,0.126,4,41,95,166,412,8,34,80,195,398
5967,269905,2699.05,2562120.999289418,8317.569972564317,34.02186226980795,-118.40189289375748,513,"SILICON BEACH OUTPATIENT CENTER, LLC",0.05,0.031,3,37,96,170,409,8,35,81,197,399
5968,269906,2699.06,2238833.9517463394,7462.5231727357,34.02496410190908,-118.40318678709191,513,"SILICON BEACH OUTPATIENT CENTER, LLC",0.36,0.224,3,38,98,176,416,7,36,81,202,401
5969,269907,2699.07,2979392.004910118,7628.819056490375,34.02805175898362,-118.40672209698805,743,AURORA WELLNESS REDISCOVERY CENTER,0.599,0.372,6,40,96,177,424,7,38,80,205,404
5970,269908,2699.08,1802430.2458866101,6602.920404793581,34.02969165107278,-118.41322252924313,847,VISTA DEL MAR CHILD AND FAMILY SERVICES SUD OUTPATIENT TREATMENT PROGRAM,0.46,0.286,4,40,94,176,434,7,37,81,202,413
5971,269909,2699.09,1828771.994755823,5970.59776116583,34.02596306974836,-118.4105788994087,638,OVERLAND RECOVERY,0.189,0.117,5,37,95,173,424,7,37,80,203,404
5972,270101,2701.01,4031192.8302538395,12050.079413470332,34.02822507669379,-118.39474785974164,388,BEIT T'SHUVAH,0.802,0.499,2,38,105,185,414,8,38,76,201,403
5973,270102,2701.02,2113198.0300155366,7624.064851978848,34.02567652824774,-118.39833103708838,513,"SILICON BEACH OUTPATIENT CENTER, LLC",0.574,0.357,2,38,100,177,414,9,37,78,202,402
5974,270200,2702.00,8225812.219652526,14331.193993669054,34.03333499687775,-118.38070321059303,389,BEIT T'SHUVAH,0.578,0.359,3,45,123,189,418,5,39,82,210,403
5975,270300,2703.00,10511306.679289037,13672.051378785938,34.03973351842121,-118.37086242322891,304,CHABAD RECOVERY OUTPATIENT CENTER,0.812,0.505,2,42,129,196,425,5,41,88,223,409
5976,271100,2711.00,8658188.234974394,14154.497356501008,34.03391742109556,-118.42682534306272,405,CASA PALMERA LOS ANGELES,0.686,0.426,1,40,89,179,453,6,38,75,195,430
5977,271200,2712.00,5645328.397426461,13688.496681803526,34.031396623307394,-118.44201470172483,256,KEY OUTPATIENT,0.556,0.345,3,37,83,162,450,5,35,58,198,437
5978,271300,2713.00,15826987.723307015,19352.63846925863,34.02596497358248,-118.44140679710931,256,KEY OUTPATIENT,1.159,0.72,0,40,81,154,443,4,37,59,185,427
5979,271400,2714.00,12368280.707463088,14507.932247060404,34.01008273494383,-118.44741187360309,496,THRIVE TREATMENT,1.304,0.81,0,38,65,115,418,1,37,55,154,393
5980,271500,2715.00,9795954.183569452,13061.357078088944,34.016686966391184,-118.4382536358322,453,"ACADIA MALIBU, INC.",1.356,0.843,0,39,81,143,424,4,39,59,173,403
5981,271600,2716.00,9746277.955170263,12575.792572820754,34.021219245261335,-118.43106501515933,453,"ACADIA MALIBU, INC.",1.496,0.93,0,44,85,155,433,1,43,61,183,405
5982,271702,2717.02,7604859.172006514,13325.68225023941,34.02561121665315,-118.42605759581662,638,OVERLAND RECOVERY,1.244,0.773,0,39,87,169,439,2,37,70,188,411
5983,271703,2717.03,4879506.954648102,12236.927743197984,34.02499210103712,-118.4188338262807,638,OVERLAND RECOVERY,0.581,0.361,1,42,93,166,431,6,40,77,191,407
5984,271704,2717.04,5852767.97404338,11870.496839279544,34.02889379999954,-118.41957441232951,638,OVERLAND RECOVERY,0.748,0.465,2,41,93,176,441,6,40,78,195,414
5985,271801,2718.01,5165916.653232442,9610.551951213149,34.016731063807505,-118.41824644585084,497,THRIVE TREATMENT,0.94,0.584,1,36,87,160,417,7,35,70,182,392
5986,271803,2718.03,2460589.4032832906,6334.912776634875,34.019476300231005,-118.41036144436546,743,AURORA WELLNESS REDISCOVERY CENTER,0.537,0.333,4,39,94,164,412,6,38,80,189,396
5987,271804,2718.04,3754565.303070997,10109.447168219733,34.02017391727834,-118.41387831696439,638,OVERLAND RECOVERY,0.606,0.377,3,40,94,164,418,6,37,78,191,397
5988,271901,2719.01,7084576.930471012,10708.185657057868,34.01385739251667,-118.42418912704618,453,"ACADIA MALIBU, INC.",0.733,0.455,2,37,87,152,413,6,35,63,172,393
5989,271902,2719.02,9948084.653073175,12748.859972630435,34.009633745589625,-118.43168934335456,453,"ACADIA MALIBU, INC.",0.393,0.244,3,38,82,139,408,3,38,59,164,393
5990,272100,2721.00,12909213.57628778,14819.19998679491,34.00371493115377,-118.4423003775728,617,MISSION HARBOR BEHAVIORAL HEALTH,1.123,0.698,0,36,68,115,403,4,33,55,142,379
5991,272201,2722.01,2798671.1785321883,6700.250797933048,34.000388012156925,-118.43413873793705,617,MISSION HARBOR BEHAVIORAL HEALTH,0.644,0.4,2,33,73,124,396,5,33,57,148,372
5992,272202,2722.02,3332333.626524256,8785.831819795956,33.99755804935532,-118.43916107303573,393,CLEARVIEW TREATMENT PROGRAMS,1.037,0.645,0,32,68,118,392,4,30,55,138,367
5993,272301,2723.01,6501743.76408767,12731.19438196423,34.00502035233274,-118.42225259326142,453,"ACADIA MALIBU, INC.",0.618,0.384,5,33,84,144,399,7,33,64,164,384
5994,272302,2723.02,5437258.840508242,10565.236583551057,34.00211443734168,-118.42745403580963,617,MISSION HARBOR BEHAVIORAL HEALTH,0.429,0.267,4,35,78,136,399,5,29,58,160,377
5995,273100,2731.00,12669382.085571446,15531.262887186169,34.00348936465284,-118.45982403959056,393,CLEARVIEW TREATMENT PROGRAMS,1.36,0.845,0,27,58,103,403,1,25,50,119,382
5996,273200,2732.00,6909620.784730424,11507.950170068623,33.997591057368695,-118.46698712698411,800,WEST LA RECOVERY LLC,1.161,0.721,0,20,56,95,386,4,19,44,108,368
5997,273300,2733.00,6160288.2588634435,11227.070176598534,33.99555893251914,-118.47221943298324,335,PHOENIX HOUSE - VENICE,0.668,0.415,2,17,51,95,378,4,15,43,102,363
5998,273404,2734.04,2327819.8468125304,7349.181812534802,33.99498901476872,-118.47770072989728,335,PHOENIX HOUSE - VENICE,0.22,0.137,2,15,51,94,379,2,15,43,100,363
5999,273600,2736.00,6336240.5141199585,10768.185456373305,33.993365660367616,-118.45995547737056,800,WEST LA RECOVERY LLC,0.597,0.371,3,19,57,99,377,3,19,47,111,352
6000,273700,2737.00,7430946.828025205,11006.394337258342,33.99838411568842,-118.45269048685122,393,CLEARVIEW TREATMENT PROGRAMS,0.506,0.315,1,28,60,105,398,3,27,51,120,362
6001,273800,2738.00,7982920.519085896,16482.300433438348,33.99271499378466,-118.45127478070332,393,CLEARVIEW TREATMENT PROGRAMS,0.242,0.15,1,23,58,105,379,3,22,48,117,348
6002,274100,2741.00,6760379.6255455995,14311.71798400294,33.98752722330805,-118.44893435220668,393,CLEARVIEW TREATMENT PROGRAMS,0.781,0.485,1,22,60,105,365,4,21,46,121,339
6003,275101,2751.01,3705137.436025543,10261.606717110331,33.99918067096141,-118.40391588035254,309,DIDI HIRSCH MENTAL HEALTH SERVICES- SEPULVEDA SITE,0.269,0.167,2,26,90,159,387,6,26,68,173,361
6004,275102,2751.02,6715142.6282101385,12213.60605064133,33.99796018877799,-118.41073892052741,834,PURPOSES RECOVERY EAST,0.064,0.04,4,28,84,154,386,6,28,65,169,359
6005,275200,2752.00,4995609.95469389,10528.63160040439,33.99549473319626,-118.42102329327484,480,"RESTORE HEALTH AND WELLNESS CENTER, LLC",0.661,0.411,3,28,76,137,388,6,25,60,162,360
6006,275311,2753.11,13911137.736338697,17145.12468438066,33.98844773301959,-118.42331260129669,544,ORIGINS TREATMENT CENTER,0.998,0.62,1,23,71,130,371,5,23,56,147,335
6007,275312,2753.12,8845821.92041958,14309.694903803565,33.98027344122478,-118.43294484129717,469,LAT INTENSIVE OUTPATIENT PROGRAMS INC.,0.368,0.229,2,22,64,119,346,2,21,46,134,315
6008,275313,2753.13,10521744.67791622,16011.017232833281,33.98542257098055,-118.43235550713689,469,LAT INTENSIVE OUTPATIENT PROGRAMS INC.,0.235,0.146,1,25,66,118,358,2,23,47,137,337
6009,275400,2754.00,8083680.879601789,13077.503750713962,33.99061857702422,-118.4391851056499,469,LAT INTENSIVE OUTPATIENT PROGRAMS INC.,0.944,0.586,1,26,64,114,375,2,25,51,132,349
6010,275500,2755.00,8479393.609349832,11765.88674196358,33.99229831498219,-118.41447430278846,834,PURPOSES RECOVERY EAST,0.674,0.419,3,27,80,142,377,6,26,61,164,342
6011,275603,2756.03,11021305.942382405,16863.935215081634,33.9862864377669,-118.40647592720893,917,IN OUR POWER BY FRIENDLY HOUSE,0.239,0.149,1,21,79,148,351,3,21,56,163,327
6012,275604,2756.04,16689091.140604133,25536.539830186754,33.97579783021711,-118.41550315873262,544,ORIGINS TREATMENT CENTER,0.764,0.474,1,20,67,133,329,3,20,44,147,304
6013,275605,2756.05,11199011.524830637,17382.008877415657,33.97863804631155,-118.42079235079262,544,ORIGINS TREATMENT CENTER,0.183,0.113,1,19,68,129,338,3,19,44,143,311
6014,276000,2760.00,25171416.394075107,22610.58259870896,33.96918315430382,-118.38903200613743,349,CNV DETOX,0.589,0.366,1,15,69,150,313,2,14,38,170,286
6015,276101,2761.01,3512604.809258916,10402.965208955147,33.975350407648996,-118.37838573509836,349,CNV DETOX,0.801,0.498,1,15,80,165,322,1,14,46,178,301
6016,276102,2761.02,7089689.876874986,20588.73139681523,33.97619091699784,-118.37036982180973,349,CNV DETOX,1.546,0.96,0,15,85,168,327,1,13,47,181,298
6017,276400,2764.00,13734682.785285989,16202.110937573305,33.966892921655855,-118.40951395206235,620,PURPOSES RECOVERY,1.363,0.847,0,17,65,132,310,1,16,36,148,285
6018,276500,2765.00,12830486.019978212,15367.422769857729,33.96654606026047,-118.41804705241229,544,ORIGINS TREATMENT CENTER,1.497,0.93,0,18,59,120,308,1,17,37,137,278
6019,276601,2766.01,24108939.821054824,23283.339996419632,33.96419388791373,-118.43352619769134,544,ORIGINS TREATMENT CENTER,1.984,1.233,0,16,49,113,297,0,14,31,122,270
6020,276605,2766.05,2559688.203231876,8205.751141254043,33.956476106872984,-118.43484605330657,544,ORIGINS TREATMENT CENTER,2.803,1.742,0,10,46,104,277,0,9,29,122,260
6021,276606,2766.06,2334635.867311443,7340.205444175609,33.9551397478071,-118.43833965511364,544,ORIGINS TREATMENT CENTER,3.079,1.913,0,9,45,98,274,0,9,26,118,259
6022,276607,2766.07,5146159.69969143,11378.394867631623,33.956755868181745,-118.42148076597437,226,HIGH GAIN PROGRAM,2.506,1.557,0,12,49,118,280,0,9,29,126,259
6023,276608,2766.08,3878120.747421114,8653.146155856746,33.957720363452694,-118.42936264059865,544,ORIGINS TREATMENT CENTER,2.504,1.556,0,13,48,109,278,0,11,31,124,261
6024,277000,2770.00,24745922.485023152,21847.745994075507,33.971372361026894,-118.40034576112781,620,PURPOSES RECOVERY,0.711,0.442,1,17,68,141,318,3,16,41,159,299
6025,277100,2771.00,13284299.751148185,15316.174991290809,33.965222698870775,-118.37841092097132,349,CNV DETOX,1.271,0.79,0,11,66,153,300,2,11,38,173,280
6026,277200,2772.00,11214606.895394005,15139.030266405183,33.952633463025954,-118.38225070690342,358,WESTSIDE RESIDENCE HALL,0.77,0.479,1,8,53,145,281,2,8,31,154,258
6027,277400,2774.00,6877748.650185939,10438.697565242579,33.94904018412643,-118.37436068370342,358,WESTSIDE RESIDENCE HALL,0.496,0.308,1,7,55,142,276,1,6,29,156,256
6028,278001,2780.01,17381916.072763596,25351.630870038392,33.957222485997505,-118.40199122387949,226,HIGH GAIN PROGRAM,0.764,0.475,1,11,54,130,289,1,9,29,147,263
6029,291110,2911.10,7657279.708209881,11598.826196782133,33.92009598418033,-118.28683313131293,355,DARE U TO CARE OUTREACH MINISTRY,0.814,0.506,1,14,43,95,272,1,13,31,121,268
6030,291120,2911.20,7550919.82624546,10995.43050752979,33.91279683254294,-118.28693887284247,355,DARE U TO CARE OUTREACH MINISTRY,1.393,0.866,0,14,43,89,269,1,13,29,113,264
6031,291130,2911.30,13902008.938078087,15841.299380627332,33.902447263810764,-118.28715408934785,493,CLEAR BEHAVIORAL HEALTH,2.345,1.457,0,12,39,85,266,0,12,27,97,255
6032,291210,2912.10,13376733.658877177,15695.077519499722,33.88869526298244,-118.2870936074364,493,CLEAR BEHAVIORAL HEALTH,2.61,1.622,0,9,35,79,251,0,9,23,95,242
6033,291220,2912.20,8812973.172491426,12324.817722088,33.877144305529804,-118.286721152854,543,TRANSFORMATIONS CARE,1.786,1.11,0,7,36,72,241,0,7,23,99,223
6034,291300,2913.00,25882983.424790036,31774.853654008395,33.865041181183095,-118.29346508943209,543,TRANSFORMATIONS CARE,0.836,0.519,1,8,31,84,220,2,7,18,91,207
6035,292001,2920.01,38000055.41234487,29400.306421707483,33.851306527545205,-118.29935825032368,545,TRANSFORMATIONS CARE,1.324,0.822,0,6,31,76,202,1,5,17,89,186
6036,292002,2920.02,5042123.290331206,9285.74469433414,33.83873542464578,-118.30313968181565,222,NATIONAL COUNCIL ON ALCOHOLISM & DRUG DEPENDENCE OF THE SOUTH BAY,1.38,0.857,0,6,25,72,182,1,4,15,83,166
6037,293203,2932.03,5012929.39260294,9650.830464195078,33.83234928288078,-118.30649971328704,222,NATIONAL COUNCIL ON ALCOHOLISM & DRUG DEPENDENCE OF THE SOUTH BAY,1.05,0.653,0,5,25,69,172,1,5,16,80,151
6038,293204,2932.04,6510043.0795437,13445.224469143792,33.82997584137627,-118.3025271389482,222,NATIONAL COUNCIL ON ALCOHOLISM & DRUG DEPENDENCE OF THE SOUTH BAY,1.485,0.923,0,5,24,71,168,1,4,16,80,147
6039,293205,2932.05,6841626.324458177,11447.791504421395,33.818361314610705,-118.30390256261089,222,NATIONAL COUNCIL ON ALCOHOLISM & DRUG DEPENDENCE OF THE SOUTH BAY,2.235,1.389,0,5,33,68,145,0,2,14,73,136
6040,293206,2932.06,4487548.202123164,9175.342369815105,33.82354284566288,-118.30357059709743,222,NATIONAL COUNCIL ON ALCOHOLISM & DRUG DEPENDENCE OF THE SOUTH BAY,1.807,1.123,0,5,29,69,152,0,3,15,76,141
6041,293301,2933.01,9096252.059547491,14291.050180569267,33.81118212010431,-118.30384058421483,222,NATIONAL COUNCIL ON ALCOHOLISM & DRUG DEPENDENCE OF THE SOUTH BAY,2.934,1.823,0,2,34,67,138,0,2,17,69,125
6042,293302,2933.02,12049791.76611578,15348.48861298189,33.8016166720875,-118.30422075165247,222,NATIONAL COUNCIL ON ALCOHOLISM & DRUG DEPENDENCE OF THE SOUTH BAY,3.911,2.43,0,3,33,62,123,0,3,24,69,113
6043,293304,2933.04,6130718.869952247,9931.991662243796,33.79262201194119,-118.30432705437708,215,WILMINGTON COMMUNITY RECOVERY CENTER,3.847,2.39,0,4,34,57,113,0,3,23,64,103
6044,293306,2933.06,6625296.9695669385,11528.811790405407,33.782655550493004,-118.30465434089389,694,MISSION PREP HEALTHCARE,2.96,1.839,0,4,31,52,103,0,3,22,58,99
6045,293307,2933.07,3648247.745340602,9160.78481670289,33.78738192397615,-118.30356467253766,694,MISSION PREP HEALTHCARE,3.426,2.129,0,3,33,56,105,0,3,22,60,102
6046,294110,2941.10,10648763.566358998,16670.81704240451,33.79798433250819,-118.26039583683689,215,WILMINGTON COMMUNITY RECOVERY CENTER,0.975,0.606,1,3,34,68,120,1,3,24,73,112
6047,294120,2941.20,16804337.503836665,17112.992501679822,33.79578454199431,-118.24758845381669,215,WILMINGTON COMMUNITY RECOVERY CENTER,1.578,0.98,0,7,36,66,116,1,7,23,71,109
6048,294200,2942.00,10267494.613748986,12897.319715412821,33.79484253461538,-118.26940141783811,215,WILMINGTON COMMUNITY RECOVERY CENTER,0.85,0.528,1,3,34,67,118,1,3,24,72,108
6049,294301,2943.01,7676011.8015779825,11675.194190570868,33.79466666847799,-118.27956480774158,215,WILMINGTON COMMUNITY RECOVERY CENTER,1.648,1.024,0,2,34,66,118,0,2,23,72,108
6050,294302,2943.02,9046111.65399026,14638.17802497205,33.78488118834381,-118.27830238671706,215,WILMINGTON COMMUNITY RECOVERY CENTER,1.514,0.941,0,2,34,58,106,1,2,21,67,101
6051,294410,2944.10,8975866.65377923,12597.189125017549,33.79413280910665,-118.28990526027032,215,WILMINGTON COMMUNITY RECOVERY CENTER,2.552,1.586,0,3,34,60,116,0,3,22,71,106
6052,294421,2944.21,7247758.884800812,16413.82518916883,33.79027961232597,-118.29756265734137,215,WILMINGTON COMMUNITY RECOVERY CENTER,3.207,1.993,0,3,32,57,110,0,3,23,64,103
6053,294510,2945.10,5578850.225758032,9841.680985424933,33.78659253209471,-118.27170617958383,215,WILMINGTON COMMUNITY RECOVERY CENTER,0.876,0.545,1,3,34,60,110,1,3,22,69,101
6054,294520,2945.20,5211211.2729341015,9527.664463704783,33.786837094939145,-118.26583175475886,215,WILMINGTON COMMUNITY RECOVERY CENTER,0.4,0.248,1,3,35,61,110,1,3,24,69,103
6055,294610,2946.10,8868460.150005484,11953.810959588025,33.787328817199494,-118.25820897356881,215,WILMINGTON COMMUNITY RECOVERY CENTER,0.492,0.306,1,3,35,61,110,1,3,24,68,107
6056,294620,2946.20,9059969.429934584,12685.368502023166,33.787474451238324,-118.24793883141187,215,WILMINGTON COMMUNITY RECOVERY CENTER,1.398,0.868,0,6,35,61,109,1,6,27,69,105
6057,294701,2947.01,18881648.42931622,19842.785052293995,33.77801411451867,-118.2549199272909,400,COASTAL COMPREHENSIVE TREATMENT CENTER,0.916,0.569,1,3,32,59,106,2,3,24,62,99
6058,294810,2948.10,3449897.0448274473,7567.76843532403,33.77953127596643,-118.27150668386061,400,COASTAL COMPREHENSIVE TREATMENT CENTER,1.319,0.82,0,6,34,59,103,2,3,23,63,100
6059,294820,2948.20,4128349.6581564895,8204.36946745661,33.779786767526915,-118.26563794350899,400,COASTAL COMPREHENSIVE TREATMENT CENTER,1.016,0.631,0,4,32,61,104,2,3,24,63,99
6060,294830,2948.30,9536773.893375143,13691.463330878416,33.772948195888816,-118.26702314179758,400,COASTAL COMPREHENSIVE TREATMENT CENTER,0.58,0.36,1,13,31,56,100,1,13,22,61,96
6061,294900,2949.00,6938717.872390752,13623.827838719255,33.7748750447046,-118.27745748379037,400,COASTAL COMPREHENSIVE TREATMENT CENTER,1.567,0.974,0,14,31,54,101,1,13,20,61,96
6062,295103,2951.03,22155295.47404749,25554.10513289793,33.7624846714609,-118.29633358665694,350,"FRED BROWN'S RECOVERY SERVICES, INC.",2.663,1.655,0,15,25,48,91,0,15,19,51,87
6063,296210,2962.10,6023396.92599841,9602.705455449537,33.74761859621657,-118.28396495570031,350,"FRED BROWN'S RECOVERY SERVICES, INC.",0.988,0.614,1,14,24,47,86,9,14,17,48,81
6064,296220,2962.20,5774252.9957921095,9598.055062264611,33.74103268786324,-118.28379195930535,350,"FRED BROWN'S RECOVERY SERVICES, INC.",0.449,0.279,9,14,23,44,81,10,14,15,47,77
6065,296300,2963.00,11439880.344049195,17040.112186639857,33.754593362101666,-118.30128667666119,632,COASTWISE RECOVERY CENTER ,1.904,1.183,0,14,22,46,87,0,14,18,49,87
6066,296401,2964.01,10636314.967933148,14229.755313461417,33.74177789233156,-118.31418140030686,632,COASTWISE RECOVERY CENTER ,0.767,0.476,1,13,19,41,82,1,13,18,45,76
6067,296402,2964.02,11260294.824357353,17051.429559515407,33.746562886538506,-118.3038634805069,632,COASTWISE RECOVERY CENTER ,0.981,0.609,1,14,20,45,87,1,13,18,48,81
6068,296500,2965.00,9782237.269076854,13880.325815181286,33.748314574242215,-118.29308939960919,350,"FRED BROWN'S RECOVERY SERVICES, INC.",1.078,0.67,0,14,21,45,87,2,14,17,49,81
6069,296600,2966.00,9063985.265441012,12269.871561081485,33.739787670469276,-118.29237466035222,221,JOINT EFFORTS,0.369,0.229,4,14,19,44,81,12,14,17,48,76
6070,296901,2969.01,6645893.781476498,11354.589677226435,33.73016766290812,-118.29457770647524,347,FRED BROWN'S RECOVERY SERVICES,0.354,0.22,3,13,19,39,76,12,13,16,45,75
6071,296902,2969.02,5308616.436383954,12001.515613218042,33.73447543477501,-118.29565445224041,221,JOINT EFFORTS,0.604,0.375,4,13,19,42,76,12,13,17,46,75
6072,297001,2970.01,7367416.655730363,14881.61434597188,33.73362838180729,-118.31240229451086,632,COASTWISE RECOVERY CENTER ,0.703,0.437,1,13,19,39,76,1,13,18,45,74
6073,297002,2970.02,8253632.925445484,12470.823525568685,33.732601157114786,-118.30498980962483,632,COASTWISE RECOVERY CENTER ,0.649,0.404,1,13,18,39,76,3,13,18,46,75
6074,297110,2971.10,5248002.954394178,9163.59280339569,33.734666656916005,-118.28419915969428,353,S. H. A. W. L. HOUSE,0.114,0.071,10,13,21,41,77,11,13,15,47,76
6075,297120,2971.20,4586175.321672515,10097.878433161433,33.72821994147114,-118.2851049564505,346,FRED BROWN'S RECOVERY SERVICES,0.444,0.276,8,12,19,40,76,11,12,15,43,74
6076,297201,2972.01,4348887.164488037,8280.532165904373,33.72490844158367,-118.29142869104199,347,FRED BROWN'S RECOVERY SERVICES,0.48,0.298,1,12,19,38,75,10,12,15,42,74
6077,297202,2972.02,6198688.537508273,9987.203954404487,33.7247397562373,-118.29901951319383,347,FRED BROWN'S RECOVERY SERVICES,0.398,0.247,1,13,18,37,75,1,12,16,42,75
6078,297502,2975.02,10354627.653585473,17579.801524534207,33.71563359725849,-118.29650300872122,347,FRED BROWN'S RECOVERY SERVICES,1.283,0.797,0,12,18,35,74,1,12,14,38,69
6079,297602,2976.02,6697030.71080118,12308.315384774742,33.715907237122465,-118.2903330366675,347,FRED BROWN'S RECOVERY SERVICES,1.352,0.84,0,12,17,36,73,1,12,14,39,70
6080,300100,3001.00,49617592.340355046,31214.27760403743,34.242016005658996,-118.23439226979069,733,U MATTER LUXURY RESORT ,0.998,0.62,1,4,13,69,261,1,4,6,83,243
6081,300200,3002.00,21032321.383136142,22239.275327558404,34.2280647017077,-118.23811452879497,733,U MATTER LUXURY RESORT ,1.366,0.849,0,4,20,82,281,1,4,8,101,264
6082,300301,3003.01,66719773.3859832,42030.08785455583,34.250896467186905,-118.25194854128546,729,RISE WELLNESS CENTER III,1.431,0.889,0,2,16,69,280,2,2,6,84,259
6083,300400,3004.00,21619992.059675954,23832.1063694315,34.229404607975184,-118.2572527738867,733,U MATTER LUXURY RESORT ,1.582,0.983,0,4,24,97,318,1,4,12,115,294
6084,300501,3005.01,13564261.465333862,20460.861691401842,34.22069361443397,-118.24006163008075,733,U MATTER LUXURY RESORT ,2.089,1.298,0,4,23,91,290,0,4,11,111,273
6085,300503,3005.03,11660723.690104619,18182.529786903375,34.21094865231927,-118.22834981899207,772,"RISE IN GLENDALE SOBRIETY CENTER, INC.",1.304,0.811,0,3,28,90,287,1,3,15,113,274
6086,300601,3006.01,7932533.971888568,17361.559198542927,34.21590890749068,-118.24299147344495,780,HIGHERVISION GH INC.,1.95,1.212,0,4,25,97,300,0,4,14,119,277
6087,300602,3006.02,16428832.144717699,25321.46793575142,34.20456477278341,-118.234305185018,780,HIGHERVISION GH INC.,0.758,0.471,1,4,27,104,299,2,4,17,120,282
6088,300701,3007.01,144319238.1419944,64594.01276040159,34.2028672967442,-118.25269005540756,780,HIGHERVISION GH INC.,1.374,0.854,0,6,29,117,338,1,5,18,143,306
6089,300702,3007.02,123689655.41281396,67272.79014771299,34.18532793864791,-118.26013692052896,716,GLENDALE LUXURY REHAB LLC,2.411,1.498,0,12,39,141,363,0,11,23,170,333
6090,300800,3008.00,66052510.00812935,46618.39606683712,34.18482148240782,-118.22029877166995,772,"RISE IN GLENDALE SOBRIETY CENTER, INC.",1.836,1.141,0,6,37,107,302,0,5,22,125,288
6091,300901,3009.01,74823499.97336277,43253.80689720538,34.16901076328784,-118.20608734162327,564,"ANNANDALE BEHAVIORAL HEALTH, LLC",2.651,1.647,0,8,40,100,294,0,7,27,116,281
6092,300902,3009.02,47352163.71328764,36957.52911682414,34.15427749267483,-118.2003224009993,581,"RECOVERY ZONE, INC.",1.724,1.072,0,8,44,99,300,0,7,29,118,278
6093,301000,3010.00,22281599.2335663,21107.760260039257,34.15684926978426,-118.23135352551687,310,DIDI HIRSCH MENTAL HEALTH SERVICES - GLENDALE SITE,1.599,0.994,0,9,45,129,336,1,9,25,156,317
6094,301100,3011.00,14474919.809125686,18435.34532750643,34.16231933249143,-118.24661273519133,716,GLENDALE LUXURY REHAB LLC,0.465,0.289,1,8,49,149,352,2,7,22,174,337
6095,301203,3012.03,5892198.632885261,10515.722483706668,34.16626201724382,-118.26095998092165,716,GLENDALE LUXURY REHAB LLC,1.267,0.787,0,11,53,161,375,2,11,26,188,349
6096,301204,3012.04,4401250.364824696,8682.858787326715,34.161486819073886,-118.25975655216757,771,LUXE RECOVERY OUTPATIENT,0.999,0.621,1,12,55,165,374,2,11,25,188,352
6097,301205,3012.05,8323225.521169452,12800.239788370282,34.16841468354001,-118.27293971553475,907,RESET WELLNESS CENTER INC.,2.156,1.34,0,12,61,175,401,0,11,32,193,370
6098,301206,3012.06,8916575.232245868,13372.313270805673,34.16316629256273,-118.27241328213692,907,RESET WELLNESS CENTER INC.,1.573,0.977,0,13,63,177,405,1,11,35,201,368
6099,301300,3013.00,12537926.147152388,19797.057882915986,34.175085363693405,-118.27147205664758,884,MONARCH TREATMENT CENTER,2.427,1.508,0,11,57,169,398,0,11,31,189,365
6100,301400,3014.00,17197932.42313552,19116.946218484718,34.18153404445667,-118.28333534746059,884,MONARCH TREATMENT CENTER,1.185,0.736,0,11,59,166,420,1,11,35,201,393
6101,301501,3015.01,6501439.568619342,14082.124744567653,34.17528936822544,-118.28699342401917,820,CLEAR PATH IOP,1.16,0.721,0,10,64,189,422,1,10,38,207,405
6102,301502,3015.02,7275273.907779363,15159.549579204333,34.172433626260094,-118.28877509673964,820,CLEAR PATH IOP,1.042,0.647,0,10,68,196,426,1,10,41,211,409
6103,301601,3016.01,24312180.45072931,26095.75325722477,34.16433201368922,-118.28931688439994,820,CLEAR PATH IOP,1.532,0.952,0,10,76,196,430,1,10,46,218,411
6104,301602,3016.02,10709878.213196829,15494.008773177022,34.161571103722366,-118.29917552702787,897,AURA WELLNESS CENTER,1.209,0.751,0,14,81,200,452,2,13,53,227,424
6105,301701,3017.01,10030751.909790877,15501.149379354649,34.15844440188385,-118.27367782696392,907,RESET WELLNESS CENTER INC.,1.052,0.653,0,12,66,179,409,4,12,40,205,369
6106,301702,3017.02,8923311.875386652,12339.440856786812,34.15116427153234,-118.26927625703354,891,"LUXURY ROYAL TREATMENT CENTER, INC",0.342,0.212,3,13,68,176,392,4,13,38,208,374
6107,301801,3018.01,7784905.634979569,11140.33976829401,34.15545599210791,-118.25978213129098,771,LUXE RECOVERY OUTPATIENT,0.365,0.227,1,12,60,169,379,4,11,34,195,353
6108,301802,3018.02,5155927.424721082,9450.60354792563,34.14921893413549,-118.25971471215715,771,LUXE RECOVERY OUTPATIENT,0.427,0.265,2,11,60,171,380,4,11,38,198,355
6109,301901,3019.01,4942420.556040861,9780.512786335097,34.15507761031981,-118.25153631394575,771,LUXE RECOVERY OUTPATIENT,0.625,0.389,1,11,58,160,360,2,9,25,185,350
6110,301902,3019.02,6869899.407488313,12760.93904695142,34.15476624975589,-118.24302044995801,716,GLENDALE LUXURY REHAB LLC,1.357,0.843,0,10,55,150,354,2,8,23,175,336
6111,302002,3020.02,5411692.2867130255,9621.426998582954,34.14917359673151,-118.25054002617937,771,LUXE RECOVERY OUTPATIENT,0.763,0.474,1,10,58,158,362,1,10,28,186,350
6112,302003,3020.03,2552867.1669116183,6617.578666457308,34.14878766711785,-118.2439893186074,771,LUXE RECOVERY OUTPATIENT,1.332,0.827,0,11,59,155,358,2,11,25,180,343
6113,302004,3020.04,3657387.413843999,7716.803888980889,34.14885234943399,-118.23878565166639,310,DIDI HIRSCH MENTAL HEALTH SERVICES - GLENDALE SITE,1.06,0.659,0,9,61,147,351,1,9,24,170,333
6114,302102,3021.02,11146809.486341214,18268.295311991726,34.134757170776155,-118.23639243742902,310,DIDI HIRSCH MENTAL HEALTH SERVICES - GLENDALE SITE,1.033,0.642,0,13,66,152,356,1,13,34,175,341
6115,302103,3021.03,5927468.9318495225,9560.522879076078,34.14258322874952,-118.238031176265,310,DIDI HIRSCH MENTAL HEALTH SERVICES - GLENDALE SITE,0.721,0.448,1,12,64,151,356,1,11,26,171,337
6116,302104,3021.04,6128928.50269009,12263.787171630274,34.14540477479198,-118.23210765707974,310,DIDI HIRSCH MENTAL HEALTH SERVICES - GLENDALE SITE,0.368,0.229,1,10,60,141,348,1,9,24,164,327
6117,302201,3022.01,5356510.100554025,10679.671471943439,34.144483960572245,-118.2484574402677,771,LUXE RECOVERY OUTPATIENT,1.244,0.773,0,12,62,161,366,1,11,31,182,346
6118,302202,3022.02,5505961.77985383,10955.368783211847,34.14075800065971,-118.24856808555576,771,LUXE RECOVERY OUTPATIENT,1.568,0.974,0,12,64,164,367,1,12,35,184,348
6119,302301,3023.01,7540427.128125472,13199.09978517176,34.14468804288409,-118.26325661762979,891,"LUXURY ROYAL TREATMENT CENTER, INC",0.609,0.378,3,13,66,171,387,4,12,41,201,363
6120,302302,3023.02,6813634.228334245,12078.23458818814,34.140331285463866,-118.26179523959449,891,"LUXURY ROYAL TREATMENT CENTER, INC",1.061,0.659,0,11,67,175,388,4,11,42,197,363
6121,302401,3024.01,14763514.317200985,17996.81687952485,34.13161916435111,-118.25975690601678,675,SOLACE TREATMENT CENTER,1.969,1.223,0,11,71,172,386,0,11,46,195,363
6122,302503,3025.03,3515609.499164783,9965.939809945956,34.137609681161464,-118.24735434653758,310,DIDI HIRSCH MENTAL HEALTH SERVICES - GLENDALE SITE,1.67,1.038,0,12,66,166,366,0,12,37,185,353
6123,302504,3025.04,4059815.0856270753,11451.95799143402,34.13513331792617,-118.24920583350021,310,DIDI HIRSCH MENTAL HEALTH SERVICES - GLENDALE SITE,1.932,1.2,0,12,65,166,366,0,12,40,188,354
6124,302505,3025.05,5769178.815288951,15679.789915299236,34.12731378465895,-118.25308921805374,675,SOLACE TREATMENT CENTER,2.241,1.392,0,12,70,172,373,0,12,45,192,360
6125,302506,3025.06,9754383.117076797,15033.971213973546,34.12879117197641,-118.24626827670512,802,CA DRUG DETOX LLC,2.054,1.276,0,13,67,164,366,0,12,45,184,352
6126,310100,3101.00,141177853.01433355,57403.225542835375,34.20792027792924,-118.30546340466833,871,RECREATION HEALING CENTER INC,1.514,0.941,0,9,64,153,420,1,9,43,181,404
6127,310201,3102.01,11840846.589798367,13982.608218543684,34.19221003384815,-118.30460436823718,871,RECREATION HEALING CENTER INC,0.393,0.244,1,10,75,175,427,3,10,39,198,415
6128,310202,3102.02,9750645.40301318,13451.420103031729,34.18662144206871,-118.2959688865998,884,MONARCH TREATMENT CENTER,0.716,0.445,1,12,68,170,427,4,10,41,206,406
6129,310300,3103.00,11421816.70303555,18611.359316686103,34.19915334285377,-118.31786750800138,871,RECREATION HEALING CENTER INC,1.055,0.655,0,14,81,171,434,1,13,50,199,429
6130,310400,3104.00,15141126.68404761,20340.488814564498,34.20268187000169,-118.33541864994265,634,LA WELLNESS HOME,0.274,0.17,3,25,86,179,459,4,22,58,201,441
6131,310501,3105.01,21156697.775186785,24961.6240171248,34.194659522288966,-118.33946313206704,396,ABSOLUTE CONTROL,0.713,0.443,2,27,98,187,468,4,27,63,217,449
6132,310601,3106.01,11060995.2380715,18813.197402871378,34.193639494100964,-118.32725267931085,634,LA WELLNESS HOME,1.045,0.649,0,20,90,185,451,1,20,58,205,432
6133,310602,3106.02,9589672.879463913,13922.963046646439,34.19207604412046,-118.31798850938807,871,RECREATION HEALING CENTER INC,0.964,0.599,1,17,85,178,438,1,13,52,207,430
6134,310701,3107.01,5546692.872087038,11912.007952995791,34.185397130547074,-118.31285621898581,230,FOCUS ON TODAY,1.016,0.631,0,12,84,185,447,2,12,50,210,424
6135,310703,3107.03,10706614.77754441,16117.913123073375,34.17581082766679,-118.30026097954757,820,CLEAR PATH IOP,0.094,0.058,2,15,76,191,444,3,13,48,219,424
6136,310704,3107.04,5330172.922378693,9704.852273772236,34.18309796039002,-118.3047042655014,230,FOCUS ON TODAY,0.393,0.244,2,13,80,184,443,4,11,45,212,418
6137,310705,3107.05,5994483.544457951,10157.223739058269,34.17941185671883,-118.30861645637941,230,FOCUS ON TODAY,0.393,0.244,2,14,83,192,448,3,13,47,210,428
6138,310800,3108.00,23086921.3283775,23538.1099175035,34.17445076392907,-118.32268467168521,897,AURA WELLNESS CENTER,1.393,0.866,0,20,95,199,463,1,20,60,222,448
6139,310900,3109.00,23388464.69972391,21427.405770213285,34.18138910655807,-118.33100183541333,899,REGAIN HOPE DETOX AND RECOVERY CENTER INC.,1.672,1.039,0,24,97,202,469,0,24,62,224,446
6140,311000,3110.00,14234396.601062333,15633.622254763242,34.18495518304145,-118.34383592986399,899,REGAIN HOPE DETOX AND RECOVERY CENTER INC.,1.454,0.904,0,27,112,203,476,2,26,66,233,462
6141,311100,3111.00,18349521.40755983,18030.237697048145,34.18569516771189,-118.35463901387935,778,MIRACLE REHAB INC.,1.031,0.641,0,31,114,211,484,3,29,76,243,466
6142,311200,3112.00,10644705.354932066,13994.314363389221,34.17201205169335,-118.35313117146633,778,MIRACLE REHAB INC.,0.698,0.434,2,34,124,225,488,5,31,79,250,474
6143,311300,3113.00,13151296.297313942,14726.634080430917,34.17415103844699,-118.34311351300649,899,REGAIN HOPE DETOX AND RECOVERY CENTER INC.,0.309,0.192,1,30,117,217,484,2,26,69,238,465
6144,311400,3114.00,10108104.339646673,15209.478282959242,34.16227825357092,-118.3493296023106,529,MULTI CONCEPT RECOVERY,1.068,0.664,0,32,129,229,486,3,28,79,254,474
6145,311500,3115.00,16104492.475842025,16060.053340569391,34.16476238470742,-118.33838150875036,899,REGAIN HOPE DETOX AND RECOVERY CENTER INC.,1.009,0.627,0,28,113,219,479,2,27,70,243,467
6146,311601,3116.01,18352022.01993989,18686.280982725937,34.15353802622383,-118.33436925327412,529,MULTI CONCEPT RECOVERY,0.922,0.573,1,24,109,224,477,1,23,71,254,462
6147,311602,3116.02,11956659.008981181,17199.361304375747,34.151983359489925,-118.34515502971276,529,MULTI CONCEPT RECOVERY,0.192,0.119,1,29,121,233,487,2,23,77,259,473
6148,311700,3117.00,25324717.89785788,20887.496437397826,34.161769263239705,-118.3201008815551,897,AURA WELLNESS CENTER,1.219,0.758,0,22,94,211,465,1,20,61,233,452
6149,311801,3118.01,6524746.316407445,12074.972380785262,34.1660821982141,-118.30676345395733,897,AURA WELLNESS CENTER,0.353,0.219,1,15,85,204,455,3,14,52,227,440
6150,311802,3118.02,8868053.477587389,12482.310353912242,34.171846738992315,-118.31113357887693,897,AURA WELLNESS CENTER,0.421,0.261,1,17,87,199,454,3,14,54,221,440
6151,320101,3201.01,7324167.419989209,10839.320868657645,34.29928329614495,-118.4326695503869,764,NEW BEGINNINGS DETOX & RECOVERY,0.556,0.345,2,9,52,160,351,3,8,27,184,340
6152,320102,3201.02,13194185.224648938,16354.311615959206,34.29240884852951,-118.4244371590715,203,SAN FERNANDO RECOVERY CENTER,0.62,0.385,1,8,59,165,357,2,8,29,194,348
6153,320201,3202.01,9893645.495017353,16454.76897054008,34.28603890195487,-118.43964883846685,903,ENTRUST RECOVERY CENTER INC.,0.903,0.561,1,13,70,187,361,2,12,41,225,351
6154,320202,3202.02,17383225.24996267,18518.424828157426,34.28975147807906,-118.4345213737489,903,ENTRUST RECOVERY CENTER INC.,0.453,0.281,2,12,66,179,357,3,11,35,214,351
6155,320300,3203.00,18455638.633443937,18337.889044872227,34.282152495065695,-118.44587347238995,903,ENTRUST RECOVERY CENTER INC.,1.559,0.969,0,14,82,207,364,1,13,46,238,353
6156,400205,4002.05,257115263.31094778,84603.3785078327,34.14777965807452,-117.71618690770646,522,HATHAWAY RECOVERY,2.02,1.255,0,2,5,14,19,0,2,3,16,19
6157,400206,4002.06,36094785.21922091,31912.214900040704,34.1266472649977,-117.71533946644692,357,CROSSROADS,2.236,1.389,0,3,7,16,19,0,3,4,16,19
6158,400207,4002.07,54108335.8751357,56442.47962396078,34.14311579858134,-117.76941802760749,724,PATHWAYS RECOVERY CENTER 2,6.09,3.784,0,0,11,19,21,0,0,5,19,20
6159,400208,4002.08,8851514.066335721,13823.67533344409,34.1266532199287,-117.77306116445146,724,PATHWAYS RECOVERY CENTER 2,4.388,2.727,0,1,14,19,23,0,1,9,19,21
6160,400209,4002.09,73887794.26935461,40593.924233862155,34.13285118617165,-117.75623920450276,357,CROSSROADS,4.645,2.886,0,1,11,19,20,0,1,6,19,20
6161,400304,4003.04,33814221.29590481,33542.638820376655,34.10598280114477,-117.80078512364717,724,PATHWAYS RECOVERY CENTER 2,1.141,0.709,0,2,16,19,27,1,2,13,19,26
6162,400402,4004.02,47185458.40105099,40506.20045563997,34.1356466483328,-117.82410696307079,548,GLENDORA RECOVERY CENTER,1.735,1.078,0,3,13,19,30,0,2,7,20,27
6163,400403,4004.03,141348544.94200426,59037.92975875243,34.14273801630207,-117.79568602090707,548,GLENDORA RECOVERY CENTER,4.445,2.762,0,1,13,19,25,0,1,4,19,23
6164,400404,4004.04,173968682.8475551,70709.49226312799,34.16119379157372,-117.82404502450622,548,GLENDORA RECOVERY CENTER,3.974,2.469,0,2,7,19,29,0,2,5,20,27
6165,400501,4005.01,126490827.02190533,54271.2778262399,34.160178727975534,-117.86603266334369,582,PATHWAYS WELLNESS CENTER,2.596,1.613,0,3,9,17,45,0,3,5,19,35
6166,400602,4006.02,16609048.603791658,21934.768269559023,34.13848610004401,-117.90922360001393,580,PATHWAYS RECOVERY CENTER,0.512,0.318,1,2,9,19,61,1,2,8,20,58
6167,400603,4006.03,98883988.54015283,64948.460207466014,34.15294440636322,-117.92223007889727,580,PATHWAYS RECOVERY CENTER,2.187,1.359,0,1,8,16,61,0,1,6,24,58
6168,400605,4006.05,53486146.99780194,37045.527300947455,34.14834514985023,-117.89805751741146,580,PATHWAYS RECOVERY CENTER,1.058,0.657,0,2,9,16,58,1,2,7,18,52
6169,400801,4008.01,38595769.123305105,26500.195179226648,34.13681251063787,-117.88087891212362,582,PATHWAYS WELLNESS CENTER,1.455,0.904,0,5,9,17,53,1,5,8,21,49
6170,401001,4010.01,15605775.083624756,15802.995108141067,34.141517357671205,-117.85280082241941,582,PATHWAYS WELLNESS CENTER,1.243,0.772,0,4,9,20,37,1,4,9,20,35
6171,401002,4010.02,15859141.888965106,15902.422711968708,34.14150905114647,-117.8659006996878,582,PATHWAYS WELLNESS CENTER,0.524,0.326,1,4,9,18,49,1,4,9,20,37
6172,401101,4011.01,32453940.069350936,25073.84020793678,34.1260528294585,-117.85466309485973,548,GLENDORA RECOVERY CENTER,1.31,0.814,0,5,12,20,39,2,5,9,20,39
6173,401102,4011.02,13800316.546991289,15934.96591900979,34.131048356239475,-117.86667416105742,582,PATHWAYS WELLNESS CENTER,0.661,0.411,1,5,9,19,49,1,5,9,21,40
6174,401201,4012.01,25213285.06885754,23559.574902220822,34.12416952394011,-117.8347624074262,548,GLENDORA RECOVERY CENTER,0.706,0.439,1,5,14,20,37,1,5,9,20,29
6175,401202,4012.02,34259209.144041784,25891.550026658995,34.11337907268933,-117.83394999151142,548,GLENDORA RECOVERY CENTER,1.762,1.095,0,5,14,19,37,0,5,12,20,31
6176,401203,4012.03,20501499.73881169,18844.863931315598,34.112073084895236,-117.85505227704489,407,CHARTER OAK RECOVERY CENTER,1.707,1.061,0,7,12,20,42,0,7,9,21,41
6177,401303,4013.03,62465682.58063841,43099.0758613954,34.07243427234059,-117.81013687729968,220,AMERICAN RECOVERY CENTER,2.209,1.373,0,5,16,18,33,0,4,14,18,31
6178,401304,4013.04,106366286.02791993,70996.38845971753,34.08437322030783,-117.81760316429354,724,PATHWAYS RECOVERY CENTER 2,1.863,1.158,0,6,16,18,34,0,5,14,18,31
6179,401311,4013.11,46051481.05568006,31456.227764348576,34.11119687563869,-117.81448706907166,724,PATHWAYS RECOVERY CENTER 2,2.011,1.25,0,3,17,19,29,0,2,13,19,27
6180,401312,4013.12,30222476.33407636,24426.330854686476,34.09885858492647,-117.82894551529752,724,PATHWAYS RECOVERY CENTER 2,2.423,1.505,0,5,16,18,35,0,5,12,20,32
6181,401500,4015.00,51333776.85888195,46188.01163854158,34.09688029194022,-117.77867068344261,724,PATHWAYS RECOVERY CENTER 2,2.232,1.387,0,6,15,18,26,0,6,10,19,24
6182,401601,4016.01,27953045.546377078,29226.296967676582,34.11717888918669,-117.764094662038,427,"PROTOTYPES OUTPATIENT BEHAVIORAL HEALTH SERVICES CENTER, POMONA",3.945,2.451,0,3,13,19,21,0,3,10,19,21
6183,401602,4016.02,21815355.02400036,19135.936699763617,34.10608596245079,-117.76399893542678,427,"PROTOTYPES OUTPATIENT BEHAVIORAL HEALTH SERVICES CENTER, POMONA",3.133,1.947,0,4,14,19,22,0,4,11,19,21
6184,401705,4017.05,17481731.263131913,22160.025299973695,34.1155926917716,-117.74347535080045,357,CROSSROADS,2.635,1.638,0,2,11,18,20,0,2,10,19,20
6185,401706,4017.06,13341546.823180899,19057.11430740031,34.102142125125745,-117.75228072735355,427,"PROTOTYPES OUTPATIENT BEHAVIORAL HEALTH SERVICES CENTER, POMONA",2.0,1.243,0,4,11,18,21,0,4,10,19,20
6186,401707,4017.07,22666357.57016658,24977.752043807657,34.10131435005139,-117.74184382310861,427,"PROTOTYPES OUTPATIENT BEHAVIORAL HEALTH SERVICES CENTER, POMONA",1.308,0.813,0,3,11,17,20,1,3,10,19,20
6187,401801,4018.01,38345146.36671741,25381.717107061617,34.11456758594928,-117.70835949902781,357,CROSSROADS,1.192,0.74,0,3,10,13,19,1,3,5,16,19
6188,401802,4018.02,26395951.89117201,20557.886640214274,34.114284949250646,-117.7285061448682,357,CROSSROADS,1.362,0.846,0,3,10,17,20,1,3,7,18,19
6189,401901,4019.01,18480713.486246027,18375.015898114016,34.10071175113951,-117.70871091320902,357,CROSSROADS,1.004,0.624,0,3,10,14,19,1,3,6,15,19
6190,401902,4019.02,28632192.372609284,24786.858621500043,34.10092693698578,-117.72527596453077,357,CROSSROADS,0.988,0.614,1,3,10,16,19,2,2,10,17,19
6191,402001,4020.01,15701036.005937543,18566.424321877395,34.08732940099245,-117.72435459334743,427,"PROTOTYPES OUTPATIENT BEHAVIORAL HEALTH SERVICES CENTER, POMONA",1.088,0.676,0,4,10,16,19,1,4,10,17,19
6192,402002,4020.02,17810907.181600824,17687.78478249131,34.08742377940196,-117.71349893515671,427,"PROTOTYPES OUTPATIENT BEHAVIORAL HEALTH SERVICES CENTER, POMONA",2.051,1.274,0,4,10,15,19,0,3,9,17,19
6193,402101,4021.01,12803862.997169957,17664.270691474725,34.08605438042471,-117.73375867228583,427,"PROTOTYPES OUTPATIENT BEHAVIORAL HEALTH SERVICES CENTER, POMONA",0.553,0.343,1,5,10,17,20,1,5,10,17,19
6194,402102,4021.02,24736703.02890737,20823.53921753051,34.08509286145679,-117.74507599091913,427,"PROTOTYPES OUTPATIENT BEHAVIORAL HEALTH SERVICES CENTER, POMONA",1.097,0.682,0,8,10,17,20,1,5,10,18,20
6195,402200,4022.00,68457965.31434399,45687.76522657122,34.08211452353749,-117.76660258656736,366,"NATIONAL COUNCIL ON ALCOHOLISM AND DRUG DEPENDENCE OF EAST SAN GABRIEL AND POMONA VALLEYS, INCORPORA",2.285,1.42,0,8,14,18,24,0,8,9,18,22
6196,402301,4023.01,14331189.67319689,16815.666599361644,34.068039475068055,-117.77010010330014,366,"NATIONAL COUNCIL ON ALCOHOLISM AND DRUG DEPENDENCE OF EAST SAN GABRIEL AND POMONA VALLEYS, INCORPORA",1.501,0.933,0,8,13,18,27,1,8,9,18,23
6197,402303,4023.03,10164035.122604568,13648.709801592748,34.06713277069333,-117.7559202029355,366,"NATIONAL COUNCIL ON ALCOHOLISM AND DRUG DEPENDENCE OF EAST SAN GABRIEL AND POMONA VALLEYS, INCORPORA",0.354,0.22,1,7,11,17,22,2,7,9,18,22
6198,402304,4023.04,7506213.951022987,14825.455414606991,34.061711666502234,-117.76581802456907,366,"NATIONAL COUNCIL ON ALCOHOLISM AND DRUG DEPENDENCE OF EAST SAN GABRIEL AND POMONA VALLEYS, INCORPORA",1.079,0.671,0,7,10,17,27,1,7,9,18,22
6199,402403,4024.03,21876056.809262995,31893.74673114707,34.05029050233119,-117.81327354999041,220,AMERICAN RECOVERY CENTER,2.401,1.492,0,3,14,18,35,0,3,12,18,34
6200,402404,4024.04,44033423.28694522,35801.85136117977,34.05579071441944,-117.81998454612395,220,AMERICAN RECOVERY CENTER,2.767,1.719,0,5,15,18,35,0,5,12,18,34
6201,402405,4024.05,10912056.182117037,17844.365349951393,34.06749223483296,-117.79329408961713,220,AMERICAN RECOVERY CENTER,0.772,0.479,3,6,15,18,32,3,6,12,18,28
6202,402406,4024.06,12567423.00104261,14369.785082197148,34.06704532569825,-117.7827945442878,220,AMERICAN RECOVERY CENTER,0.99,0.615,3,7,15,18,28,3,7,10,18,27
6203,402501,4025.01,10935142.165524868,16013.786290292179,34.05429428791771,-117.76438293465726,461,BIENESTAR HUMAN SERVICES,1.402,0.871,0,7,10,17,26,2,6,9,18,23
6204,402503,4025.03,9410579.248965284,12828.235940271188,34.04787814893086,-117.76470540585278,461,BIENESTAR HUMAN SERVICES,1.627,1.011,0,6,10,17,27,0,6,9,17,23
6205,402504,4025.04,6462249.30111032,10587.752861698418,34.047465101846484,-117.75428486523865,461,BIENESTAR HUMAN SERVICES,0.946,0.588,2,6,9,17,23,2,6,9,17,20
6206,402601,4026.01,11137846.129796501,17697.401254097247,34.06933687066189,-117.73922548191997,366,"NATIONAL COUNCIL ON ALCOHOLISM AND DRUG DEPENDENCE OF EAST SAN GABRIEL AND POMONA VALLEYS, INCORPORA",1.518,0.943,0,8,10,17,20,1,8,9,17,19
6207,402602,4026.02,13424901.449857585,15377.500806331342,34.06997546368645,-117.74655149050461,366,"NATIONAL COUNCIL ON ALCOHOLISM AND DRUG DEPENDENCE OF EAST SAN GABRIEL AND POMONA VALLEYS, INCORPORA",0.974,0.605,1,8,10,17,22,1,7,9,17,19
6208,402702,4027.02,16129395.715229785,18402.485774094577,34.063535101460054,-117.72793264689368,461,BIENESTAR HUMAN SERVICES,2.183,1.356,0,5,10,16,19,0,4,9,17,19
6209,402703,4027.03,11527439.475189785,18762.319559845433,34.07808500427288,-117.7254304313015,427,"PROTOTYPES OUTPATIENT BEHAVIORAL HEALTH SERVICES CENTER, POMONA",1.689,1.049,0,5,10,17,19,0,5,10,17,19
6210,402705,4027.05,9316061.083795767,12971.517352713205,34.071709899294255,-117.73118049678082,427,"PROTOTYPES OUTPATIENT BEHAVIORAL HEALTH SERVICES CENTER, POMONA",2.162,1.343,0,5,10,17,19,0,5,9,17,19
6211,402706,4027.06,11429287.67322273,13791.644589459645,34.07163546603842,-117.72052564702389,427,"PROTOTYPES OUTPATIENT BEHAVIORAL HEALTH SERVICES CENTER, POMONA",2.536,1.576,0,5,10,14,19,0,5,9,17,19
6212,402801,4028.01,19587559.24453147,22078.385539133702,34.055455170923075,-117.73274223504941,461,BIENESTAR HUMAN SERVICES,1.516,0.942,0,4,10,16,19,2,4,9,17,19
6213,402803,4028.03,6784198.302131249,10582.253746440145,34.04785373868847,-117.74531722257795,863,WELLNESS DETOX LA LLC,0.354,0.22,2,7,9,17,21,2,6,9,17,20
6214,402804,4028.04,14189019.025532344,16159.226345147925,34.04837982159698,-117.7322011904653,863,WELLNESS DETOX LA LLC,1.154,0.717,0,4,9,16,19,1,4,8,17,19
6215,402902,4029.02,19861682.879066233,20771.779058760978,34.03400959056368,-117.74496900264083,863,WELLNESS DETOX LA LLC,1.211,0.752,0,3,9,16,21,1,3,7,17,20
6216,402903,4029.03,17053651.164457988,16962.334747577348,34.03939331362689,-117.73360198003341,863,WELLNESS DETOX LA LLC,1.134,0.705,0,3,9,16,20,1,3,8,16,19
6217,402904,4029.04,20543582.631572448,20771.829030118726,34.02608067467441,-117.73620506839751,863,WELLNESS DETOX LA LLC,2.209,1.372,0,3,9,14,21,0,3,7,16,20
6218,403000,4030.00,26031458.97935879,25904.900868823457,34.037497777144104,-117.75721595256583,863,WELLNESS DETOX LA LLC,1.469,0.913,0,6,9,17,24,1,6,8,17,22
6219,403305,4033.05,15947998.461945148,16251.109878532137,33.97794479598954,-117.84836565047188,711,HERITAGE RECOVERY CENTER,10.572,6.569,0,0,0,15,41,0,0,0,16,40
6220,403316,4033.16,31323211.228232097,28487.484516932935,34.03182051897373,-117.79859489860587,220,AMERICAN RECOVERY CENTER,3.319,2.062,0,3,13,16,35,0,3,8,18,33
6221,403317,4033.17,45106832.849781446,38918.44549517371,34.03762102650309,-117.7830935768169,220,AMERICAN RECOVERY CENTER,2.682,1.666,0,6,10,17,32,0,6,8,18,30
6222,403318,4033.18,36258881.60841789,30428.615112514937,34.03056102747219,-117.76528649366918,863,WELLNESS DETOX LA LLC,2.527,1.57,0,6,9,17,26,0,6,8,17,23
6223,403319,4033.19,24047582.157238733,19931.018292463705,34.01133523606735,-117.81383810479919,220,AMERICAN RECOVERY CENTER,5.916,3.676,0,0,8,16,37,0,0,6,16,34
6224,403320,4033.20,42162026.53014719,29224.042181449993,34.00520550504981,-117.79635100045668,220,AMERICAN RECOVERY CENTER,6.218,3.864,0,0,7,15,34,0,0,6,16,33
6225,403321,4033.21,68509266.8728086,41258.107970490615,34.01709002459237,-117.7867891852351,220,AMERICAN RECOVERY CENTER,4.887,3.037,0,3,9,15,34,0,0,6,17,32
6226,403323,4033.23,33887173.18794568,28119.524895052742,33.99839621659499,-117.82395103041542,220,AMERICAN RECOVERY CENTER,7.602,4.724,0,0,7,14,39,0,0,3,18,36
6227,403324,4033.24,85633509.46839313,46754.89249236867,33.98266111267198,-117.81482342881728,220,AMERICAN RECOVERY CENTER,8.984,5.583,0,0,4,13,38,0,0,0,14,36
6228,403325,4033.25,184241977.90863365,84070.84613138436,33.959234770646376,-117.8255436974256,220,AMERICAN RECOVERY CENTER,11.757,7.306,0,0,0,11,39,0,0,0,14,38
6229,403326,4033.26,20641816.628345296,28079.02936305207,33.99731823982411,-117.8588337088452,711,HERITAGE RECOVERY CENTER,8.338,5.181,0,0,6,16,42,0,0,0,19,42
6230,403327,4033.27,95712656.98554164,59688.79591153944,34.01537232184909,-117.83637503044523,220,AMERICAN RECOVERY CENTER,6.592,4.096,0,0,12,17,41,0,0,4,19,37
6231,403328,4033.28,30037951.758213736,32118.49627820899,33.993342004838404,-117.83698733638232,220,AMERICAN RECOVERY CENTER,8.646,5.372,0,0,4,15,40,0,0,0,17,40
6232,403401,4034.01,24700325.160999805,31751.29605007075,34.013668843695584,-117.87023808081572,711,HERITAGE RECOVERY CENTER,6.54,4.064,0,0,8,19,44,0,0,3,26,42
6233,403402,4034.02,18698451.690432757,17632.480293272165,34.018019285806645,-117.85592206381025,711,HERITAGE RECOVERY CENTER,6.064,3.768,0,0,9,18,44,0,0,6,20,42
6234,403403,4034.03,41949527.63270165,43277.10975987339,34.03362620014197,-117.84029795187335,711,HERITAGE RECOVERY CENTER,4.786,2.974,0,1,12,17,38,0,1,9,18,37
6235,403404,4034.04,25738899.01883715,25244.975970983858,34.0284356040445,-117.8541501795016,711,HERITAGE RECOVERY CENTER,4.94,3.07,0,1,9,17,44,0,0,7,20,42
6236,403407,4034.07,50858683.85814996,37617.28592655169,34.038612722722476,-117.87266936785964,711,HERITAGE RECOVERY CENTER,3.833,2.382,0,3,9,19,50,0,2,8,24,48
6237,403408,4034.08,34118833.82909241,26149.635859437356,34.025457326892585,-117.88191558962923,711,HERITAGE RECOVERY CENTER,5.473,3.401,0,0,8,23,51,0,0,4,28,45
6238,403409,4034.09,50422527.76682398,38745.78356895605,34.04927949868611,-117.84580010602069,711,HERITAGE RECOVERY CENTER,3.018,1.875,0,1,14,17,40,0,1,9,19,38
6239,403500,4035.00,52941374.3708697,37462.38342923626,34.062546248009724,-117.85187617118085,711,HERITAGE RECOVERY CENTER,1.506,0.936,0,5,14,17,46,1,5,10,19,36
6240,403601,4036.01,52968675.99487139,38262.68512759651,34.07588527858047,-117.86101119361913,711,HERITAGE RECOVERY CENTER,0.462,0.287,1,5,13,19,48,1,5,11,21,44
6241,403702,4037.02,18428228.78254933,18852.855943260132,34.09076169051923,-117.85881347419145,407,CHARTER OAK RECOVERY CENTER,1.314,0.816,0,6,12,19,46,2,6,12,21,43
6242,403703,4037.03,23245721.558248628,22658.261532740868,34.092947864122834,-117.84644732438674,407,CHARTER OAK RECOVERY CENTER,2.072,1.288,0,7,14,19,43,0,7,12,20,39
6243,403721,4037.21,20440719.99572416,20616.631529805043,34.09588718524265,-117.87744130919981,367,"NATIONAL COUNCIL ON ALCOHOLISM & DRUG DEPENDENCE OF EAST SAN GABRIEL & POMONA VALLEYS, INCORPORATED",0.481,0.299,1,7,12,21,56,2,6,9,23,49
6244,403722,4037.22,19410076.91845461,18585.342322014974,34.08754787633194,-117.87225562041088,367,"NATIONAL COUNCIL ON ALCOHOLISM & DRUG DEPENDENCE OF EAST SAN GABRIEL & POMONA VALLEYS, INCORPORATED",0.99,0.615,1,5,12,20,54,4,5,9,23,46
6245,403801,4038.01,20265004.04365349,21698.439231830256,34.10292005919242,-117.86790972634134,407,CHARTER OAK RECOVERY CENTER,0.292,0.181,2,7,12,19,50,2,7,9,22,43
6246,403802,4038.02,14034817.95332142,16185.971803567092,34.103084214311025,-117.84635889269153,407,CHARTER OAK RECOVERY CENTER,1.932,1.2,0,8,13,19,42,0,8,12,20,39
6247,403901,4039.01,13539511.040981993,16955.158446298185,34.1215134608399,-117.87325936507283,582,PATHWAYS WELLNESS CENTER,1.864,1.158,0,7,9,20,55,0,7,9,22,45
6248,403902,4039.02,22743652.423854157,18644.04374692794,34.112088321638055,-117.87249247982726,407,CHARTER OAK RECOVERY CENTER,1.393,0.866,0,8,12,19,55,1,8,9,22,46
6249,404000,4040.00,14222194.174013756,16106.719413369327,34.11410335750868,-117.88581952180562,407,CHARTER OAK RECOVERY CENTER,2.303,1.431,0,7,9,19,59,0,7,9,24,56
6250,404100,4041.00,14517882.802371131,16224.373794668745,34.1142646118386,-117.89470463404601,367,"NATIONAL COUNCIL ON ALCOHOLISM & DRUG DEPENDENCE OF EAST SAN GABRIEL & POMONA VALLEYS, INCORPORATED",2.863,1.779,0,6,10,21,61,0,6,8,23,59
6251,404201,4042.01,9983439.762999576,13490.394470957062,34.12659220734417,-117.89532385329684,580,PATHWAYS RECOVERY CENTER,1.719,1.068,0,4,10,18,60,0,4,8,22,59
6252,404203,4042.03,6941534.719922836,10591.143477867898,34.125061683111596,-117.88575390281652,582,PATHWAYS WELLNESS CENTER,2.311,1.436,0,6,9,20,60,0,5,8,24,53
6253,404301,4043.01,11920269.578910327,13965.59288117767,34.12753149433712,-117.9041227652096,580,PATHWAYS RECOVERY CENTER,1.414,0.879,0,4,10,18,62,1,4,8,22,59
6254,404302,4043.02,6627701.893340943,10366.200522364734,34.11790092535464,-117.90347618528682,580,PATHWAYS RECOVERY CENTER,2.485,1.544,0,6,10,19,61,0,6,8,23,61
6255,404401,4044.01,15612529.536026321,20034.49754044823,34.12923271869659,-117.91619516067935,580,PATHWAYS RECOVERY CENTER,1.656,1.029,0,2,9,19,65,0,2,9,21,61
6256,404402,4044.02,36231963.23124892,28016.45454239956,34.12030559248568,-117.92285391922184,580,PATHWAYS RECOVERY CENTER,2.811,1.747,0,1,9,19,71,0,1,9,21,65
6257,404501,4045.01,8666861.291659104,14072.777095031766,34.11093001795927,-117.92204333799543,580,PATHWAYS RECOVERY CENTER,3.655,2.271,0,4,10,19,72,0,3,9,19,68
6258,404503,4045.03,7069231.06643725,10733.029441490731,34.110603153921105,-117.91208447222658,580,PATHWAYS RECOVERY CENTER,3.378,2.099,0,5,9,18,69,0,5,8,20,63
6259,404504,4045.04,7236360.560916454,10783.277894780049,34.1104973506468,-117.9033525089694,367,"NATIONAL COUNCIL ON ALCOHOLISM & DRUG DEPENDENCE OF EAST SAN GABRIEL & POMONA VALLEYS, INCORPORATED",3.261,2.026,0,6,10,19,65,0,6,8,22,61
6260,404600,4046.00,267921347.05463937,131670.4058324679,34.11211079384054,-117.96370037441578,848,"UNITED DRUG REHAB CENTER, INC",4.175,2.594,0,1,12,24,86,0,1,7,29,79
6261,404701,4047.01,18376054.70639062,18332.12539040916,34.07207306278046,-117.99655232155972,284,OMNI CENTER,1.943,1.208,0,5,6,34,97,0,5,6,44,94
6262,404702,4047.02,12445835.188700195,16228.620601898283,34.07075926036149,-117.98504075193591,284,OMNI CENTER,2.952,1.834,0,3,8,32,94,0,3,6,37,88
6263,404703,4047.03,13831309.586811567,24076.38186723959,34.064539590032794,-117.98919178563634,284,OMNI CENTER,2.558,1.589,0,5,8,29,97,0,5,5,40,93
6264,404804,4048.04,10196696.701015014,13780.650369990197,34.07743915632372,-117.97985995894389,284,OMNI CENTER,3.589,2.23,0,2,9,30,92,0,2,6,35,84
6265,404805,4048.05,4829747.789392921,8782.803168922397,34.08086373342861,-117.97198317512759,284,OMNI CENTER,4.4,2.734,0,1,11,27,86,0,1,8,34,85
6266,404806,4048.06,16462801.569887485,19364.10612776342,34.07100399234089,-117.9681444527907,284,OMNI CENTER,4.501,2.797,0,1,12,28,85,0,1,8,34,84
6267,404901,4049.01,12290340.63012135,14576.706774284836,34.09573743064643,-117.97692531194457,284,OMNI CENTER,4.858,3.019,0,1,10,27,87,0,0,6,39,86
6268,404902,4049.02,7447334.845316191,11501.021951635508,34.087003341552226,-117.97912786026829,284,OMNI CENTER,4.113,2.556,0,1,10,31,89,0,1,6,37,85
6269,404903,4049.03,5870169.23093015,10537.569515317622,34.08759816464421,-117.97270982775696,284,OMNI CENTER,4.654,2.892,0,1,11,27,86,0,1,7,34,85
6270,405001,4050.01,18341729.542023037,19350.7813986365,34.103104861694,-117.96657335236335,848,"UNITED DRUG REHAB CENTER, INC",4.791,2.977,0,1,11,24,86,0,1,7,30,84
6271,405002,4050.02,9526559.311291816,12604.036271761195,34.103279177026145,-117.94901312996012,848,"UNITED DRUG REHAB CENTER, INC",5.829,3.622,0,0,13,21,82,0,0,7,29,79
6272,405101,4051.01,12068451.27298848,14792.002091425133,34.095835544426684,-117.96170333772973,848,"UNITED DRUG REHAB CENTER, INC",5.713,3.55,0,0,13,25,86,0,0,7,28,84
6273,405102,4051.02,10352608.19544441,15544.32869215347,34.08919533203506,-117.96271845951537,284,OMNI CENTER,5.552,3.45,0,0,12,25,85,0,0,9,31,84
6274,405201,4052.01,14614119.769937806,17807.35648315839,34.08494554724773,-117.95104838716512,272,RIVER COMMUNITY DAY TREATMENT,5.883,3.655,0,0,13,19,85,0,0,9,29,83
6275,405202,4052.02,10260640.563221429,13428.753866390127,34.080853705343905,-117.96321214232857,284,OMNI CENTER,5.165,3.21,0,0,12,26,85,0,0,8,34,84
6276,405203,4052.03,7741069.954727133,13619.860356047679,34.0762654641735,-117.95697355628836,284,OMNI CENTER,5.602,3.481,0,0,12,21,84,0,0,8,32,84
6277,405301,4053.01,8883917.107835274,19172.859724616905,34.08760510985304,-117.94122143520228,272,RIVER COMMUNITY DAY TREATMENT,5.018,3.118,0,0,13,21,84,0,0,8,28,80
6278,405302,4053.02,19321553.16249994,21908.306370191054,34.076465538000136,-117.94400501788304,272,RIVER COMMUNITY DAY TREATMENT,5.234,3.253,0,0,13,23,85,0,0,7,25,82
6279,405400,4054.00,14303607.130056204,20339.446301132826,34.09157521224619,-117.93155112061055,272,RIVER COMMUNITY DAY TREATMENT,4.246,2.639,0,2,12,20,80,0,2,8,21,72
6280,405500,4055.00,20072929.55885432,20094.49320563564,34.078925988707766,-117.9284765324749,272,RIVER COMMUNITY DAY TREATMENT,3.789,2.354,0,2,12,20,79,0,2,6,23,73
6281,405600,4056.00,22613541.782264728,23814.65897987047,34.07962850561266,-117.91561307418219,272,RIVER COMMUNITY DAY TREATMENT,2.601,1.617,0,4,10,20,71,0,3,7,22,70
6282,405701,4057.01,11236215.77479546,14628.61465127647,34.09377076710072,-117.92113672137306,272,RIVER COMMUNITY DAY TREATMENT,3.436,2.135,0,3,10,18,72,0,3,7,21,69
6283,405702,4057.02,14819120.792967122,16477.977007430636,34.09219940196754,-117.91211277240966,272,RIVER COMMUNITY DAY TREATMENT,2.617,1.626,0,4,9,19,69,0,4,8,21,67
6284,405800,4058.00,20400612.751240496,20951.14836298341,34.10339927380449,-117.91269053583375,272,RIVER COMMUNITY DAY TREATMENT,3.444,2.14,0,5,9,18,69,0,5,8,21,66
6285,405900,4059.00,14207761.52098443,15926.131135002077,34.10308111020055,-117.89026312018913,367,"NATIONAL COUNCIL ON ALCOHOLISM & DRUG DEPENDENCE OF EAST SAN GABRIEL & POMONA VALLEYS, INCORPORATED",1.814,1.127,0,7,9,22,62,0,7,8,23,57
6286,406000,4060.00,20545510.912879605,26186.233640873128,34.092237716215514,-117.9014378908067,272,RIVER COMMUNITY DAY TREATMENT,1.83,1.137,0,5,9,20,67,0,5,8,22,63
6287,406101,4061.01,14941133.175378762,17618.518376982636,34.09029546414065,-117.891160933092,272,RIVER COMMUNITY DAY TREATMENT,1.133,0.704,0,5,12,22,63,2,5,8,22,59
6288,406103,4061.03,23782263.987477165,23965.236907388393,34.08026181740514,-117.89121191509787,272,RIVER COMMUNITY DAY TREATMENT,0.354,0.22,2,5,12,22,62,2,5,8,23,58
6289,406201,4062.01,8614549.921924157,15718.351528896525,34.07814199292637,-117.9046677807719,272,RIVER COMMUNITY DAY TREATMENT,1.614,1.003,0,5,9,21,69,0,5,7,23,62
6290,406300,4063.00,58018793.24610381,34331.40136555025,34.06052828180023,-117.8782266220689,711,HERITAGE RECOVERY CENTER,1.889,1.174,0,5,12,23,53,0,5,6,24,51
6291,406413,4064.13,34188466.18395661,27758.48999558051,34.06439614957574,-117.8990199126346,272,RIVER COMMUNITY DAY TREATMENT,2.095,1.302,0,5,12,22,65,0,4,5,25,61
6292,406500,4065.00,22027097.501923524,20253.83110872774,34.06607914828405,-117.91716280696531,272,RIVER COMMUNITY DAY TREATMENT,3.182,1.977,0,2,9,21,76,0,2,5,25,70
6293,406601,4066.01,21185194.728951953,18624.173571396263,34.055741906795625,-117.91668530253769,272,RIVER COMMUNITY DAY TREATMENT,3.862,2.4,0,2,7,24,75,0,2,5,28,68
6294,406602,4066.02,17117524.00820178,18521.91586291723,34.05428616725428,-117.93190791049288,272,RIVER COMMUNITY DAY TREATMENT,5.037,3.13,0,0,11,25,80,0,0,6,27,75
6295,406701,4067.01,10151661.81380763,13657.217620676718,34.05527597259113,-117.94638821044377,272,RIVER COMMUNITY DAY TREATMENT,6.12,3.803,0,0,10,26,85,0,0,5,31,80
6296,406702,4067.02,30384918.283746414,24280.777703894917,34.06594557065007,-117.93686204268559,272,RIVER COMMUNITY DAY TREATMENT,4.839,3.007,0,2,12,23,81,0,0,6,26,77
6297,406801,4068.01,18781804.713166032,24875.115128531037,34.064213626802506,-117.95355143132224,284,OMNI CENTER,5.834,3.625,0,0,12,22,84,0,0,7,30,84
6298,406903,4069.03,21113884.29018478,19904.304398361306,34.05786136614108,-117.96652423164457,284,OMNI CENTER,4.743,2.947,0,1,10,26,87,0,1,7,33,84
6299,407001,4070.01,10678460.675247578,14146.901571450702,34.060859467926264,-117.97698543630158,284,OMNI CENTER,3.732,2.319,0,1,8,29,92,0,1,5,34,85
6300,407002,4070.02,34356998.41342236,26566.80143265852,34.05526526270433,-117.99218811824602,284,OMNI CENTER,2.622,1.629,0,5,8,34,98,0,5,5,40,94
6301,407101,4071.01,12219677.208983896,15240.25644360234,34.04786973913948,-117.9723378642611,284,OMNI CENTER,4.621,2.871,0,1,9,25,91,0,1,5,33,85
6302,407102,4071.02,9931003.001730423,14540.701158105716,34.0437504774941,-117.9768079590931,284,OMNI CENTER,4.508,2.801,0,1,11,29,94,0,1,5,34,87
6303,407201,4072.01,6963037.923244269,11309.324497280648,34.03531443943551,-117.96531016699413,284,OMNI CENTER,5.916,3.676,0,0,11,28,87,0,0,6,31,82
6304,407202,4072.02,8701609.918264963,13466.71083347762,34.032145904382205,-117.95537975165911,284,OMNI CENTER,6.865,4.266,0,0,11,25,83,0,0,4,34,81
6305,407301,4073.01,10651399.84078269,15402.11461739259,34.04549616009311,-117.95872544696734,284,OMNI CENTER,5.864,3.644,0,0,11,26,84,0,0,7,34,81
6306,407302,4073.02,8652375.043713043,12289.712199698815,34.039514956528286,-117.96085881694295,284,OMNI CENTER,5.998,3.727,0,0,10,26,85,0,0,5,34,82
6307,407400,4074.00,6540440.291598467,10298.179479019256,34.0523677382003,-117.9577703344564,284,OMNI CENTER,5.679,3.529,0,0,11,25,85,0,0,7,31,83
6308,407501,4075.01,12177326.54586613,17041.3296930669,34.04664183484154,-117.94776845581308,272,RIVER COMMUNITY DAY TREATMENT,6.722,4.177,0,0,11,27,82,0,0,3,30,79
6309,407502,4075.02,11084866.99013295,15725.987227689195,34.043991456070565,-117.9379469101407,272,RIVER COMMUNITY DAY TREATMENT,6.185,3.843,0,0,11,27,82,0,0,4,28,74
6310,407601,4076.01,8408716.363945564,11715.966500774597,34.03841455863555,-117.94618522430194,272,RIVER COMMUNITY DAY TREATMENT,7.165,4.452,0,0,10,28,81,0,0,3,30,79
6311,407602,4076.02,10060120.041296288,13487.271974478888,34.030992494846146,-117.94471449555274,272,RIVER COMMUNITY DAY TREATMENT,7.636,4.745,0,0,11,28,81,0,0,3,33,77
6312,407701,4077.01,12291945.18444865,15602.048545239264,34.0139487097659,-117.92980820274963,947,BLUE SKIES TREATMENT CENTER LLC,7.463,4.637,0,0,6,26,68,0,0,1,31,63
6313,407702,4077.02,21547788.411444146,23231.30445263133,34.020484009530406,-117.94622304976575,947,BLUE SKIES TREATMENT CENTER LLC,7.119,4.424,0,0,13,25,80,0,0,1,34,73
6314,407801,4078.01,11534523.745189143,13131.243731039418,34.0302280709126,-117.92150487181667,272,RIVER COMMUNITY DAY TREATMENT,6.422,3.99,0,0,7,27,70,0,0,3,29,67
6315,407802,4078.02,33728020.438976474,31294.77316231802,34.02585927553532,-117.93148158056586,272,RIVER COMMUNITY DAY TREATMENT,7.317,4.547,0,0,6,28,71,0,0,2,28,68
6316,407901,4079.01,11036212.664689867,14097.110155760316,34.04215750680395,-117.93014601108592,272,RIVER COMMUNITY DAY TREATMENT,5.812,3.611,0,0,10,27,77,0,0,3,28,70
6317,407902,4079.02,5067132.767073749,9664.986218419765,34.0391013935925,-117.92338637876314,272,RIVER COMMUNITY DAY TREATMENT,5.682,3.53,0,0,6,26,74,0,0,4,29,68
6318,408003,4080.03,14692670.241474764,16519.775427353128,34.046320064384574,-117.91735112621046,272,RIVER COMMUNITY DAY TREATMENT,4.705,2.924,0,2,6,25,73,0,2,5,29,68
6319,408004,4080.04,6690367.011761505,11890.20343760566,34.03798004692933,-117.91568494851735,272,RIVER COMMUNITY DAY TREATMENT,5.408,3.36,0,0,6,26,70,0,0,4,31,67
6320,408005,4080.05,39660739.9208987,26830.828657857965,34.048385313731785,-117.89538276666212,397,CENTER FOR INTEGRATED FAMILY AND HEALTH SERVICES (THE FAMILY CENTER),3.619,2.249,0,3,8,24,63,0,3,5,28,54
6321,408006,4080.06,35771302.8796626,25486.50625054504,34.034548586657365,-117.90142925243873,397,CENTER FOR INTEGRATED FAMILY AND HEALTH SERVICES (THE FAMILY CENTER),5.249,3.262,0,0,5,27,63,0,0,5,29,57
6322,408133,4081.33,11375724.595895449,17633.21266033107,34.02415336172808,-117.90934056699102,397,CENTER FOR INTEGRATED FAMILY AND HEALTH SERVICES (THE FAMILY CENTER),6.573,4.084,0,0,6,26,63,0,0,3,31,59
6323,408134,4081.34,9515502.536986789,12212.8544650829,34.0224555856078,-117.89809331089111,711,HERITAGE RECOVERY CENTER,6.392,3.972,0,0,5,27,58,0,0,3,30,54
6324,408135,4081.35,12138548.608485192,17522.97795216481,34.01615525961309,-117.89782664692332,711,HERITAGE RECOVERY CENTER,6.996,4.347,0,0,6,28,58,0,0,3,30,55
6325,408136,4081.36,10861256.169431651,17005.09559905021,34.00891229819726,-117.87556446354093,711,HERITAGE RECOVERY CENTER,7.128,4.429,0,0,7,20,44,0,0,3,27,42
6326,408137,4081.37,8942495.990387982,14267.310463442765,34.00845434337149,-117.88384578216805,711,HERITAGE RECOVERY CENTER,7.336,4.559,0,0,4,24,48,0,0,3,29,44
6327,408138,4081.38,9633622.80980368,16153.059384585691,34.01922552230453,-117.91603726534747,397,CENTER FOR INTEGRATED FAMILY AND HEALTH SERVICES (THE FAMILY CENTER),7.305,4.539,0,0,5,27,67,0,0,3,30,59
6328,408139,4081.39,8443284.712646939,13034.378187650107,34.012324503213016,-117.91341541779781,397,CENTER FOR INTEGRATED FAMILY AND HEALTH SERVICES (THE FAMILY CENTER),7.939,4.933,0,0,4,27,63,0,0,2,31,57
6329,408140,4081.40,9825439.974071775,13677.942717260012,34.00953888063819,-117.90319957843096,711,HERITAGE RECOVERY CENTER,7.877,4.895,0,0,4,27,58,0,0,3,30,55
6330,408141,4081.41,12097475.504524179,17253.039760174604,34.008790101065294,-117.89244184545055,711,HERITAGE RECOVERY CENTER,7.544,4.688,0,0,5,27,55,0,0,3,30,48
6331,408212,4082.12,30689587.248286147,22683.818395582013,33.99430090051341,-117.87929442398593,711,HERITAGE RECOVERY CENTER,8.787,5.46,0,0,3,19,46,0,0,0,26,42
6332,408213,4082.13,16664039.831432916,21021.58313820873,33.99160280176284,-117.89873128008134,947,BLUE SKIES TREATMENT CENTER LLC,8.542,5.308,0,0,5,22,52,0,0,0,27,49
6333,408301,4083.01,29251582.175081864,31005.810905686,34.04360418717494,-117.99598172401917,284,OMNI CENTER,3.242,2.015,0,5,10,32,104,0,5,6,39,95
6334,408302,4083.02,36562956.74959068,32533.10866865246,34.03858436365842,-118.01794364188888,370,SPIRITT FAMILY SERVICES,2.229,1.385,0,5,13,36,127,0,5,8,48,114
6335,408303,4083.03,20729970.528105095,27704.687879165696,34.03398373427734,-118.00369515859217,370,SPIRITT FAMILY SERVICES,3.58,2.225,0,4,11,33,113,0,3,9,40,104
6336,408401,4084.01,12473307.580664543,17022.37640429187,34.01827987495167,-117.98193659160351,947,BLUE SKIES TREATMENT CENTER LLC,5.875,3.65,0,0,12,30,101,0,0,9,34,90
6337,408402,4084.02,124540848.4242557,61470.609899322204,34.015480064441974,-118.00436559422178,705,SOLACE TREATMENT CENTER LLC,4.659,2.895,0,2,16,33,115,0,1,10,38,108
6338,408503,4085.03,45244986.159559265,38515.97739620027,33.985451514775896,-117.98320786205278,947,BLUE SKIES TREATMENT CENTER LLC,2.227,1.384,0,4,15,27,101,0,1,10,33,86
6339,408504,4085.04,15262251.035335718,18598.856190699316,33.99877546339047,-117.97107373619536,947,BLUE SKIES TREATMENT CENTER LLC,3.939,2.448,0,1,14,28,91,0,1,7,29,83
6340,408505,4085.05,21423470.60163828,22179.985242919836,34.0021024714875,-117.98001265079645,947,BLUE SKIES TREATMENT CENTER LLC,4.101,2.548,0,1,15,27,100,0,1,9,33,88
6341,408623,4086.23,10335916.210034551,13628.910696775763,33.99531596490798,-117.93761121146655,947,BLUE SKIES TREATMENT CENTER LLC,5.547,3.447,0,0,7,23,69,0,0,2,29,58
6342,408624,4086.24,14845670.047632195,18484.858951233367,33.99344486936987,-117.94907163361798,947,BLUE SKIES TREATMENT CENTER LLC,4.598,2.857,0,1,8,26,78,0,1,2,28,65
6343,408625,4086.25,23129156.201744728,20580.142164762245,33.98865928526365,-117.96340092168536,947,BLUE SKIES TREATMENT CENTER LLC,3.302,2.052,0,1,11,27,85,0,1,7,28,82
6344,408626,4086.26,26875332.359437734,26379.52441648199,33.985106120588405,-117.9197857488323,947,BLUE SKIES TREATMENT CENTER LLC,6.471,4.021,0,0,3,25,57,0,0,2,26,52
6345,408627,4086.27,33643290.599970005,32269.248953126327,33.976148718085305,-117.92553017034675,947,BLUE SKIES TREATMENT CENTER LLC,5.689,3.535,0,0,6,23,59,0,0,3,29,53
6346,408628,4086.28,25396601.20759987,26498.576810661205,33.98407559285877,-117.94299759713816,947,BLUE SKIES TREATMENT CENTER LLC,4.459,2.771,0,1,8,26,70,0,1,3,26,61
6347,408629,4086.29,19082418.02279711,19665.223873811676,33.97801426567573,-117.96046631653725,947,BLUE SKIES TREATMENT CENTER LLC,2.723,1.692,0,2,10,25,84,0,2,7,27,66
6348,408631,4086.31,15895054.498584257,16761.349568743568,34.000294089730396,-117.95837774290827,947,BLUE SKIES TREATMENT CENTER LLC,4.622,2.872,0,1,11,28,84,0,1,5,29,77
6349,408703,4087.03,184208024.25641584,70723.32772208146,33.95922148786546,-117.88861483463101,844,YPF OUTPATIENT SERVICES,8.947,5.559,0,0,3,15,47,0,0,0,18,44
6350,408705,4087.05,20753732.41577553,19115.092796701334,33.98217508237833,-117.8797957481674,947,BLUE SKIES TREATMENT CENTER LLC,9.956,6.186,0,0,1,19,45,0,0,0,22,42
6351,408707,4087.07,53306769.365735635,38380.0998321609,33.98519961488425,-117.85801745406995,711,HERITAGE RECOVERY CENTER,9.687,6.019,0,0,1,16,42,0,0,0,17,41
6352,408722,4087.22,22664852.165290467,21725.987607130985,33.97002935517994,-117.90235967338509,947,BLUE SKIES TREATMENT CENTER LLC,7.719,4.796,0,0,3,18,52,0,0,1,23,49
6353,408724,4087.24,5743580.135104151,10137.274243779551,33.98414345436694,-117.90333980217984,947,BLUE SKIES TREATMENT CENTER LLC,7.887,4.901,0,0,2,21,52,0,0,1,26,50
6354,408725,4087.25,20962523.978611458,26020.47840178524,33.98055173333912,-117.89655290200248,947,BLUE SKIES TREATMENT CENTER LLC,8.405,5.222,0,0,2,19,50,0,0,0,26,48
6355,408800,4088.00,19285663.503085822,20136.49086270422,34.057748318718296,-117.7503313164437,461,BIENESTAR HUMAN SERVICES,0.339,0.211,2,7,9,17,22,3,7,9,17,20
6356,408900,4089.00,33986996.31189358,24334.793138435612,34.11190047788858,-117.78251156227788,724,PATHWAYS RECOVERY CENTER 2,2.587,1.608,0,2,15,19,26,0,1,10,19,23
6357,409000,4090.00,84699176.67463982,59401.98150711231,34.04902611324505,-117.79643955929002,220,AMERICAN RECOVERY CENTER,1.429,0.888,0,6,15,18,33,3,5,9,18,32
6358,409100,4091.00,16764062.46299575,24276.853970445576,34.00917293382413,-117.96270455099229,947,BLUE SKIES TREATMENT CENTER LLC,5.301,3.294,0,0,13,27,89,0,0,5,30,79
6359,430003,4300.03,128544944.10369296,75719.99029280628,34.17226985010645,-117.94217064523401,580,PATHWAYS RECOVERY CENTER,4.996,3.105,0,1,3,21,61,0,0,2,25,59
6360,430004,4300.04,12061582.863643609,16771.825413988285,34.138473511937576,-117.96177915571863,848,"UNITED DRUG REHAB CENTER, INC",3.091,1.921,0,1,10,23,79,0,1,2,32,72
6361,430005,4300.05,11147328.77695915,15991.852211376652,34.140252058024956,-117.94869957030143,580,PATHWAYS RECOVERY CENTER,4.106,2.551,0,2,7,24,73,0,2,3,24,67
6362,430101,4301.01,21417873.51194776,20104.435067736114,34.137555400398476,-117.97558552206245,848,"UNITED DRUG REHAB CENTER, INC",1.827,1.135,0,1,6,32,82,0,1,2,34,77
6363,430102,4301.02,13856061.966520531,19361.767816001393,34.12859856744835,-117.98005053792733,848,"UNITED DRUG REHAB CENTER, INC",1.823,1.133,0,1,8,32,84,0,1,5,35,82
6364,430200,4302.00,55572357.80891784,36351.372675490195,34.153447054764634,-117.96837496990824,848,"UNITED DRUG REHAB CENTER, INC",2.958,1.838,0,1,4,26,72,0,1,2,33,69
6365,430301,4303.01,263125799.3169713,85159.50540260429,34.17594119463706,-117.98768116496545,848,"UNITED DRUG REHAB CENTER, INC",4.168,2.59,0,1,6,34,70,0,1,2,37,65
6366,430302,4303.02,20870341.76282159,23536.06996502761,34.15479143961837,-118.00344989777936,848,"UNITED DRUG REHAB CENTER, INC",1.907,1.185,0,1,14,35,82,0,1,4,39,74
6367,430400,4304.00,38758703.304081164,35132.26525115116,34.16251640828689,-118.02587964917753,848,"UNITED DRUG REHAB CENTER, INC",3.837,2.384,0,2,17,32,90,0,2,10,39,82
6368,430501,4305.01,50690750.77543935,33018.446208599555,34.1729643698883,-118.04850425524336,833,PINNACLE DETOX & RECOVERY INC,2.486,1.545,0,5,24,34,98,0,5,14,36,91
6369,430502,4305.02,31686189.427961,25001.297997661513,34.1619240750744,-118.05331202963822,833,PINNACLE DETOX & RECOVERY INC,1.455,0.904,0,9,24,36,113,1,8,20,37,100
6370,430600,4306.00,39834187.05475156,35198.963531035246,34.15457732556445,-118.04693397315077,833,PINNACLE DETOX & RECOVERY INC,1.996,1.24,0,8,26,36,113,0,5,16,38,97
6371,430701,4307.01,32192328.03780739,27315.68396546737,34.141100004846805,-118.05902164855011,833,PINNACLE DETOX & RECOVERY INC,2.037,1.266,0,8,28,39,138,0,8,20,44,125
6372,430721,4307.21,44038550.19527414,31686.338488620655,34.137854059316325,-118.04170425992496,833,PINNACLE DETOX & RECOVERY INC,3.297,2.049,0,4,25,38,124,0,2,12,41,107
6373,430723,4307.23,5235291.41606816,12934.55407240541,34.13004127864493,-118.05862939895727,833,PINNACLE DETOX & RECOVERY INC,3.205,1.992,0,6,29,42,143,0,6,20,45,131
6374,430724,4307.24,6241313.443182019,13445.804622088199,34.127059052405635,-118.0591298320635,833,PINNACLE DETOX & RECOVERY INC,3.514,2.183,0,6,29,42,146,0,5,20,46,134
6375,430801,4308.01,18401605.741766118,17780.505064328554,34.13793802852973,-118.02601990005145,848,"UNITED DRUG REHAB CENTER, INC",2.824,1.755,0,2,19,38,105,0,2,13,43,96
6376,430802,4308.02,20014144.005904134,19713.978429957086,34.126104628052,-118.02026800136848,848,"UNITED DRUG REHAB CENTER, INC",2.704,1.68,0,1,15,38,108,0,1,11,44,96
6377,430803,4308.03,24516002.46362861,21886.61553096856,34.11561711230234,-118.02276841308748,848,"UNITED DRUG REHAB CENTER, INC",3.623,2.251,0,3,15,40,115,0,1,12,45,104
6378,430901,4309.01,12533248.146718463,14932.604961886043,34.141648064955945,-118.01146893081697,848,"UNITED DRUG REHAB CENTER, INC",1.511,0.939,0,1,15,37,94,1,1,7,40,91
6379,430902,4309.02,12677912.296936652,17022.453005728334,34.134876609734675,-118.01455370944092,848,"UNITED DRUG REHAB CENTER, INC",1.825,1.134,0,1,15,36,96,0,1,10,43,93
6380,431002,4310.02,14569725.266201135,17516.33465392709,34.14524496190975,-117.98470757814586,848,"UNITED DRUG REHAB CENTER, INC",1.202,0.747,0,1,8,33,82,1,1,3,37,72
6381,431003,4310.03,9191483.36714778,13223.5283864297,34.14848409414481,-118.01302001816028,848,"UNITED DRUG REHAB CENTER, INC",1.937,1.204,0,1,13,36,94,0,1,8,39,84
6382,431004,4310.04,9756470.665210307,13608.789781285706,34.14835441267129,-117.99773087608742,848,"UNITED DRUG REHAB CENTER, INC",1.063,0.66,0,1,13,37,86,1,1,2,38,74
6383,431100,4311.00,32367055.594284773,26288.3484709044,34.13609095269882,-117.99722902286045,848,"UNITED DRUG REHAB CENTER, INC",0.366,0.228,1,1,15,37,88,1,1,5,38,82
6384,431200,4312.00,16014637.898282709,20578.208156440236,34.123448476145036,-117.99542481111045,848,"UNITED DRUG REHAB CENTER, INC",1.729,1.075,0,1,13,35,92,0,1,5,41,83
6385,431300,4313.00,8790517.255935647,14337.17685618385,34.12513231694404,-118.00668687960889,848,"UNITED DRUG REHAB CENTER, INC",1.861,1.157,0,1,15,37,96,0,1,5,41,88
6386,431400,4314.00,19356385.715079393,21367.526658087605,34.111252545443804,-118.00983108721952,848,"UNITED DRUG REHAB CENTER, INC",3.361,2.088,0,4,12,40,107,0,2,7,44,93
6387,431501,4315.01,11174204.541133005,15337.409736162354,34.099730374648104,-118.03303007942813,277,MID VALLEY OUTPATIENT SERVICES,2.967,1.843,0,4,14,44,131,0,3,8,55,116
6388,431502,4315.02,21770822.176587913,22578.669775334445,34.10238333658121,-118.0208124642469,277,MID VALLEY OUTPATIENT SERVICES,3.487,2.167,0,4,12,44,114,0,4,7,48,107
6389,431600,4316.00,22910771.710050926,23729.500924840173,34.11017487745739,-118.04300560986216,277,MID VALLEY OUTPATIENT SERVICES,4.204,2.612,0,2,22,44,135,0,2,12,51,126
6390,431701,4317.01,35371711.20336871,25397.659849971555,34.121169526946375,-118.04264228025063,833,PINNACLE DETOX & RECOVERY INC,4.701,2.921,0,2,23,41,134,0,2,15,47,116
6391,431800,4318.00,14658205.643938743,16310.834317900675,34.11980724616951,-118.061632797402,833,PINNACLE DETOX & RECOVERY INC,4.262,2.648,0,4,29,43,151,0,4,22,48,139
6392,431900,4319.00,10754445.409778321,14945.378617658405,34.110178718203386,-118.06051663497709,277,MID VALLEY OUTPATIENT SERVICES,4.782,2.972,0,1,25,45,152,0,1,18,51,140
6393,432001,4320.01,7861967.732992254,12069.402731114329,34.1026342778033,-118.04437039412572,277,MID VALLEY OUTPATIENT SERVICES,3.417,2.123,0,3,21,47,139,0,3,12,52,131
6394,432002,4320.02,16249383.048556812,17083.57841120785,34.102164035825126,-118.05979496556341,277,MID VALLEY OUTPATIENT SERVICES,3.999,2.485,0,2,23,47,154,0,2,12,51,143
6395,432101,4321.01,12492483.794885242,15250.227569758794,34.095899821271544,-118.04293650229036,277,MID VALLEY OUTPATIENT SERVICES,2.661,1.654,0,5,18,49,139,0,4,10,54,130
6396,432102,4321.02,20132923.684115145,18702.44383311856,34.092742729822994,-118.05880158238779,277,MID VALLEY OUTPATIENT SERVICES,3.145,1.954,0,5,24,48,158,0,4,10,57,142
6397,432201,4322.01,13099273.298945015,15009.60711646666,34.08742638371045,-118.08266569483976,277,MID VALLEY OUTPATIENT SERVICES,4.735,2.942,0,1,27,55,186,0,1,14,61,166
6398,432202,4322.02,14204520.268120075,15699.982180912793,34.08532426845783,-118.07096031348772,277,MID VALLEY OUTPATIENT SERVICES,3.644,2.264,0,4,25,53,170,0,3,10,58,160
6399,432300,4323.00,21388852.719927408,21139.50863912703,34.086861046080124,-118.04399589237988,277,MID VALLEY OUTPATIENT SERVICES,1.776,1.104,0,5,15,49,142,0,5,6,56,137
6400,432401,4324.01,11430187.136694942,17896.257948100312,34.09063824285019,-118.02212112923739,277,MID VALLEY OUTPATIENT SERVICES,2.251,1.399,0,5,11,45,120,0,5,6,51,109
6401,432402,4324.02,16271819.626447156,18832.321698886964,34.085038607230345,-118.02812529396986,277,MID VALLEY OUTPATIENT SERVICES,1.446,0.899,0,5,10,45,129,2,5,6,53,114
6402,432501,4325.01,11489768.14633414,16145.486120635733,34.09340897187855,-118.01233987485134,284,OMNI CENTER,2.952,1.834,0,4,8,44,110,0,4,6,48,99
6403,432502,4325.02,18943571.958232924,20971.57153506872,34.09582252393487,-118.00223115632672,284,OMNI CENTER,3.462,2.151,0,4,7,39,103,0,3,6,45,92
6404,432601,4326.01,15121527.669307608,17344.535619021055,34.08200807988862,-118.01435172694157,284,OMNI CENTER,1.67,1.038,0,5,7,41,116,0,5,6,48,103
6405,432602,4326.02,11457807.321684502,14750.79890602059,34.0814756415122,-118.00530871446973,284,OMNI CENTER,1.914,1.19,0,5,6,39,106,0,5,6,48,95
6406,432700,4327.00,20010930.62509501,22628.397081082843,34.075964215111796,-118.03441497925384,277,MID VALLEY OUTPATIENT SERVICES,0.322,0.2,2,5,12,44,140,2,5,6,57,127
6407,432801,4328.01,8772998.466566479,13495.965580621036,34.077036935356396,-118.04685715033162,277,MID VALLEY OUTPATIENT SERVICES,1.241,0.771,0,5,13,52,149,2,5,5,58,138
6408,432802,4328.02,6379927.010994796,12169.770586670234,34.07887586621199,-118.05331778330991,277,MID VALLEY OUTPATIENT SERVICES,1.87,1.162,0,5,14,51,155,0,5,6,58,139
6409,432901,4329.01,12213303.391602734,14095.209304335354,34.07666772261208,-118.0708703714875,277,MID VALLEY OUTPATIENT SERVICES,3.395,2.11,0,4,20,55,170,0,4,8,58,160
6410,432902,4329.02,11714353.442486748,15036.164804453256,34.07872830032145,-118.05995422348677,277,MID VALLEY OUTPATIENT SERVICES,2.448,1.521,0,5,17,53,164,0,5,7,59,147
6411,433103,4331.03,22418407.551726855,25927.572892501168,34.0679174794705,-118.05918716791005,277,MID VALLEY OUTPATIENT SERVICES,2.366,1.47,0,5,14,54,162,0,5,8,62,151
6412,433200,4332.00,19238660.41502478,23403.925954845738,34.06782201346286,-118.03687435570791,277,MID VALLEY OUTPATIENT SERVICES,0.631,0.392,2,5,10,47,147,3,5,5,63,133
6413,433302,4333.02,9194825.03078708,16806.579011022757,34.06300799074027,-118.01440017288544,284,OMNI CENTER,0.507,0.315,1,5,7,43,120,1,5,5,50,102
6414,433304,4333.04,8499642.096724123,12749.077433272874,34.070898926288535,-118.0199081185293,284,OMNI CENTER,0.509,0.316,1,5,7,42,124,3,5,6,53,107
6415,433305,4333.05,5510063.350033903,12378.720393963582,34.07030037406124,-118.01272751741078,284,OMNI CENTER,0.515,0.32,1,5,7,40,114,1,5,6,50,100
6416,433306,4333.06,4674828.832060212,12132.811891625215,34.07151167926323,-118.0077689791779,284,OMNI CENTER,0.963,0.599,1,5,6,38,108,1,5,6,49,95
6417,433307,4333.07,4540740.17513779,12822.700894879852,34.068493400940646,-118.00625755312876,284,OMNI CENTER,0.982,0.61,1,5,7,38,109,1,5,6,48,95
6418,433402,4334.02,6005004.500634821,10182.703649304787,34.05960731867905,-118.03459384189802,490,CLEAR BEHAVIORAL HEALTH ,0.462,0.287,2,5,11,48,149,4,5,5,61,132
6419,433403,4334.03,7607529.450055426,11940.534539363685,34.06276127129601,-118.02704961026704,430,HEALTHRIGHT 360,1.033,0.642,0,5,9,43,137,5,5,5,60,120
6420,433505,4335.05,8236356.897397547,17035.26500528492,34.06052127397154,-118.04845391692714,490,CLEAR BEHAVIORAL HEALTH ,1.205,0.749,0,5,9,53,157,2,5,7,64,149
6421,433506,4335.06,17614450.094356492,22684.175843523008,34.05750447317845,-118.0629763402208,490,CLEAR BEHAVIORAL HEALTH ,2.431,1.511,0,5,11,56,163,0,5,8,62,155
6422,433601,4336.01,12114060.462498099,14675.197538618726,34.0670869311179,-118.07613224283459,490,CLEAR BEHAVIORAL HEALTH ,3.845,2.389,0,4,16,55,179,0,4,8,64,164
6423,433602,4336.02,10782753.826890897,16051.879994839273,34.05851210422136,-118.07665419374864,490,CLEAR BEHAVIORAL HEALTH ,3.696,2.297,0,4,13,58,181,0,4,9,66,165
6424,433803,4338.03,12796336.627341736,22436.7325082592,34.03964372849545,-118.04435360403667,370,SPIRITT FAMILY SERVICES,1.588,0.987,0,5,15,48,160,1,5,10,56,150
6425,433804,4338.04,16287702.06987423,19168.097761195237,34.04948649090226,-118.03711257476452,370,SPIRITT FAMILY SERVICES,0.309,0.192,2,5,12,48,151,2,5,8,59,138
6426,433901,4339.01,7759901.599604908,11249.36027892168,34.05870893934283,-118.02010337725793,284,OMNI CENTER,0.984,0.611,1,5,10,48,127,2,5,5,52,109
6427,433903,4339.03,9792355.7780232,13498.200314242675,34.05298094502491,-118.0280792935539,370,SPIRITT FAMILY SERVICES,0.723,0.449,2,5,12,48,139,2,5,6,55,122
6428,434001,4340.01,11550969.304040575,16305.750517359584,34.052167944282026,-118.01419331566476,284,OMNI CENTER,1.68,1.044,0,5,13,41,121,0,5,6,51,103
6429,434003,4340.03,10371063.408880943,15938.20419496368,34.04655049548577,-118.02267016332831,370,SPIRITT FAMILY SERVICES,1.36,0.845,0,5,12,41,132,1,5,6,53,117
6430,434004,4340.04,7366791.69189274,11945.160910304327,34.04022505600361,-118.03220165932147,370,SPIRITT FAMILY SERVICES,1.358,0.844,0,5,14,42,146,1,5,10,57,130
6431,434100,4341.00,26841415.646413766,25502.220373352688,34.05055342124331,-118.05076113274592,370,SPIRITT FAMILY SERVICES,1.384,0.86,0,5,13,53,159,2,5,9,61,154
6432,460001,4600.01,55955876.85955994,50542.48548664076,34.17845015686309,-118.08624099347882,664,UPLIFT RECOVERY CENTER LLC,0.818,0.508,1,13,26,40,133,2,13,24,43,124
6433,460002,4600.02,16882957.312565695,22441.34177566685,34.169340454736485,-118.07279056879541,525,"PATH TO RECOVERY DETOX, LLC",1.139,0.708,0,10,26,37,125,3,10,24,42,115
6434,460101,4601.01,61333859.5371707,44969.89751684086,34.19257169882512,-118.1155411312975,583,INVICTA RECOVERY CENTER,1.761,1.094,0,13,28,38,156,0,13,25,47,136
6435,460200,4602.00,34318548.82040979,27180.474603958643,34.20036015409354,-118.13667882442104,583,INVICTA RECOVERY CENTER,1.847,1.148,0,9,29,42,174,0,9,26,50,162
6436,460301,4603.01,52943400.99122724,40661.85708915234,34.20856830809883,-118.15464315381635,731,ALTADENA RECOVERY CENTER,1.296,0.806,0,6,31,45,196,1,6,22,50,173
6437,460302,4603.02,14130156.522250026,17616.05506419274,34.1943874890251,-118.15771266691716,731,ALTADENA RECOVERY CENTER,0.384,0.238,1,10,32,51,216,1,10,28,54,196
6438,460401,4604.01,57784780.66147512,86126.00064468062,34.216723225268936,-118.17943208638263,731,ALTADENA RECOVERY CENTER,2.821,1.753,0,2,27,50,225,0,2,13,56,203
6439,460501,4605.01,80381884.78595257,61025.30796313098,34.21796450252455,-118.19275935559097,772,"RISE IN GLENDALE SOBRIETY CENTER, INC.",3.131,1.945,0,3,27,54,248,0,3,14,63,230
6440,460502,4605.02,28136711.638542004,30368.730837714887,34.20624544502405,-118.1950225685011,772,"RISE IN GLENDALE SOBRIETY CENTER, INC.",2.382,1.48,0,4,31,59,260,0,4,17,74,243
6441,460601,4606.01,52362044.59156261,44778.84853312743,34.223798019769696,-118.21885814968606,772,"RISE IN GLENDALE SOBRIETY CENTER, INC.",2.501,1.554,0,3,25,68,268,0,3,8,91,248
6442,460700,4607.00,80122266.25348069,45282.21499140166,34.193359038279894,-118.19720385631346,772,"RISE IN GLENDALE SOBRIETY CENTER, INC.",2.296,1.426,0,5,35,69,269,0,5,22,93,260
6443,460800,4608.00,72586091.7721417,42259.73009423414,34.16213182143776,-118.17755476597499,564,"ANNANDALE BEHAVIORAL HEALTH, LLC",0.548,0.34,1,17,37,79,262,1,15,30,93,245
6444,460900,4609.00,26419740.227557812,25249.04672611544,34.17636628572181,-118.16076124576188,312,"PRINCIPLES, INC. DBA IMPACT",1.0,0.621,1,16,33,54,232,1,16,30,64,219
6445,461000,4610.00,19048172.918707516,21730.125859680113,34.18646910931179,-118.16054162046811,731,ALTADENA RECOVERY CENTER,1.239,0.77,0,14,34,53,225,2,13,28,58,210
6446,461100,4611.00,21082355.411283616,19661.288727446426,34.18524543633443,-118.14091103992214,583,INVICTA RECOVERY CENTER,0.844,0.524,1,19,31,49,200,3,19,28,56,180
6447,461200,4612.00,26432261.374249198,27914.019277546646,34.18097686607662,-118.11545833443391,329,LOS ANGELES CENTERS FOR ALCOHOL AND DRUG ABUSE,1.212,0.753,0,23,28,45,166,3,23,25,49,148
6448,461300,4613.00,20985084.128617354,29222.98869953048,34.17377536750627,-118.11139582975827,853,SERENITY PATH RECOVERY INC,0.854,0.531,2,23,27,46,167,3,23,25,49,153
6449,461400,4614.00,10943648.727695424,15901.565929828914,34.17232446090927,-118.12468820487952,444,ELIJAH'S HOUSE TREATMENT CENTER,0.386,0.24,3,24,28,46,188,4,23,27,56,165
6450,461501,4615.01,10807053.520149067,13636.904449301395,34.17416987964895,-118.13722041952163,311,IMPACT OUTPATIENT/AFTERCARE PROGRAM,0.609,0.379,2,24,30,53,203,6,23,27,58,184
6451,461502,4615.02,12620646.292506736,14633.523929436857,34.17521154982424,-118.14621573888664,312,"PRINCIPLES, INC. DBA IMPACT",0.353,0.219,2,18,32,53,214,3,18,28,58,197
6452,461600,4616.00,17884091.195927735,18010.619608895275,34.16251698004278,-118.1568343366754,245,GRANDVIEW FOUNDATION,0.632,0.393,2,19,34,59,238,4,19,28,76,220
6453,461700,4617.00,23766381.903989617,27778.098428312136,34.158281805393955,-118.16417281962826,491,CLEAR BEHAVIORAL HEALTH,0.949,0.59,1,18,37,67,255,3,18,30,89,231
6454,461901,4619.01,9458533.005969815,13427.543212257151,34.154456861761766,-118.1488853574574,491,CLEAR BEHAVIORAL HEALTH,0.528,0.328,2,23,34,63,233,6,20,28,80,218
6455,461902,4619.02,8990947.913184451,12376.653013038456,34.14876365068483,-118.1481311349666,227,THE BISHOP GOODEN HOME,0.995,0.618,1,21,33,69,233,6,21,29,82,223
6456,462001,4620.01,5507636.962523686,10803.22390007603,34.16337373846681,-118.14384435821485,242,"GRANDVIEW FOUNDATION, INC. - RESIDENTIAL",0.446,0.277,2,22,33,56,223,5,21,27,70,207
6457,462002,4620.02,5505805.327101961,10785.63210886035,34.16334542943051,-118.14837332847401,245,GRANDVIEW FOUNDATION,0.314,0.195,3,20,33,57,228,4,19,29,70,208
6458,462100,4621.00,11236050.817604827,13716.960536720871,34.16340544836189,-118.137008433768,242,"GRANDVIEW FOUNDATION, INC. - RESIDENTIAL",0.904,0.562,2,24,31,52,214,4,23,27,63,193
6459,462201,4622.01,5778243.807587088,9688.132439479734,34.15489609917394,-118.13696334126591,227,THE BISHOP GOODEN HOME,0.637,0.396,4,23,31,58,222,9,22,27,72,198
6460,462202,4622.02,6116369.426754193,9952.68578017564,34.14893224589232,-118.13694222081588,227,THE BISHOP GOODEN HOME,0.045,0.028,6,22,32,61,226,6,21,27,74,200
6461,462301,4623.01,6807546.38879979,10725.28757490372,34.15496733083428,-118.12701542764742,445,ELIJAH'S HOUSE IOP CENTER,0.902,0.56,1,23,29,56,206,6,23,27,62,187
6462,462302,4623.02,7544740.257343514,11249.339247995445,34.14905606348393,-118.12681413986708,273,SOCIAL MODEL RECOVERY SYSTEMS (PCADD),0.553,0.343,6,22,29,57,209,6,22,27,63,190
6463,462400,4624.00,14165404.707775671,15479.284229041445,34.16352391970432,-118.12670610045599,444,ELIJAH'S HOUSE TREATMENT CENTER,0.908,0.564,2,24,29,54,202,2,23,27,59,178
6464,462500,4625.00,27635915.509137787,31260.429941110713,34.1655652938627,-118.10192796383465,666,"WILLPOWER RECOVERY CENTER, INC",0.362,0.225,2,23,27,44,164,4,22,25,51,144
6465,462600,4626.00,11286691.041440511,15930.80833026005,34.160970388823486,-118.11351956226564,853,SERENITY PATH RECOVERY INC,1.068,0.663,0,23,27,49,186,3,23,26,56,164
6466,462700,4627.00,18034569.169927698,17736.31388858216,34.15193115467129,-118.11449943700075,511,DEDICATO TREATMENT CENTER,1.432,0.89,0,23,28,51,193,2,23,27,58,176
6467,462800,4628.00,12134280.839265905,15312.62275952505,34.15224209203968,-118.10310923646425,511,DEDICATO TREATMENT CENTER,0.527,0.327,3,23,27,47,178,3,22,25,54,157
6468,462900,4629.00,25237606.579405516,21386.79717910768,34.15380249659903,-118.09008193056883,426,PROTOTYPES OUTPATIENT BEHAVIORAL HEALTH SERVICES CENTER,0.697,0.433,2,18,28,45,158,5,18,24,48,142
6469,463000,4630.00,19555228.016644027,18119.385051217116,34.15516150159458,-118.0752193571362,833,PINNACLE DETOX & RECOVERY INC,0.699,0.434,1,10,27,39,140,3,10,24,46,126
6470,463103,4631.03,39557047.54010325,40367.076452326866,34.13839632049183,-118.07785076757324,426,PROTOTYPES OUTPATIENT BEHAVIORAL HEALTH SERVICES CENTER,2.066,1.284,0,11,30,44,157,0,9,24,48,140
6471,463200,4632.00,17529277.960710388,23318.87844478471,34.140400589676936,-118.08950042988162,426,PROTOTYPES OUTPATIENT BEHAVIORAL HEALTH SERVICES CENTER,1.176,0.731,0,16,30,46,162,3,16,23,49,152
6472,463300,4633.00,7100235.645348197,14079.397580343568,34.13922665451708,-118.10253617858638,432,PAX HOUSE,1.069,0.665,0,18,31,49,182,3,17,25,55,168
6473,463400,4634.00,20773911.47031988,25592.27576689107,34.14093294984002,-118.112833240646,511,DEDICATO TREATMENT CENTER,1.495,0.929,0,21,29,54,196,2,21,27,61,181
6474,463500,4635.00,18103948.221760806,17623.269807788973,34.13844029600402,-118.12696988627098,234,THE GOODEN CENTER OUTPATIENT PROGRAM,0.778,0.484,2,20,32,60,213,6,19,28,70,201
6475,463601,4636.01,9989929.217067307,12789.622394028107,34.14086909352368,-118.13684960690493,234,THE GOODEN CENTER OUTPATIENT PROGRAM,0.63,0.392,6,21,34,65,227,6,19,28,75,207
6476,463602,4636.02,9984146.746686874,12758.19774525395,34.14080936351041,-118.14590499869362,227,THE BISHOP GOODEN HOME,1.22,0.758,0,20,36,72,239,6,20,30,83,220
6477,463700,4637.00,18684306.226629335,18113.39897988234,34.1405822822817,-118.15893463523938,491,CLEAR BEHAVIORAL HEALTH,1.82,1.131,0,15,38,79,248,0,15,30,101,234
6478,463800,4638.00,30863331.26127467,30072.53676441893,34.13405956742323,-118.17486016637918,819,HIGHLAND PARK,1.344,0.835,0,12,46,96,282,1,12,31,113,256
6479,463900,4639.00,20256574.825396255,19311.972800507734,34.129898781005366,-118.15819431377153,819,HIGHLAND PARK,2.745,1.706,0,12,38,88,255,0,12,32,104,242
6480,464000,4640.00,33868850.62106992,26665.580375562815,34.12736929484438,-118.13933283206583,234,THE GOODEN CENTER OUTPATIENT PROGRAM,2.024,1.258,0,14,34,70,233,0,13,29,87,213
6481,464101,4641.01,34217758.70076393,34041.48852213176,34.12360106016856,-118.11386776177257,234,THE GOODEN CENTER OUTPATIENT PROGRAM,2.821,1.753,0,11,32,61,208,0,9,28,67,188
6482,464102,4641.02,33208939.05570116,41809.39175482524,34.11721481955888,-118.12804986175007,234,THE GOODEN CENTER OUTPATIENT PROGRAM,3.036,1.886,0,10,35,68,230,0,9,29,78,208
6483,464200,4642.00,37247025.606195554,26011.052866524446,34.12583329639096,-118.09960744752944,432,PAX HOUSE,2.505,1.556,0,14,33,48,187,0,14,23,59,168
6484,480002,4800.02,15109244.312107388,17235.74955975414,34.120596697361144,-118.08621991898684,432,PAX HOUSE,3.298,2.049,0,7,33,46,173,0,5,23,50,158
6485,480011,4800.11,12124997.801989136,14222.105579440331,34.126334455261436,-118.07506580183019,426,PROTOTYPES OUTPATIENT BEHAVIORAL HEALTH SERVICES CENTER,3.214,1.997,0,6,30,45,156,0,6,24,48,148
6486,480012,4800.12,13808182.311606767,15252.604169963637,34.11803660339102,-118.07407029482688,426,PROTOTYPES OUTPATIENT BEHAVIORAL HEALTH SERVICES CENTER,4.04,2.51,0,4,30,45,158,0,4,22,48,150
6487,480101,4801.01,12236218.300592694,14642.82934818518,34.10920485170606,-118.0734586619968,426,PROTOTYPES OUTPATIENT BEHAVIORAL HEALTH SERVICES CENTER,4.941,3.07,0,3,29,47,161,0,0,21,53,151
6488,480102,4801.02,13221959.753736213,15030.550608067108,34.10819833982596,-118.08498559263042,432,PAX HOUSE,4.644,2.886,0,3,34,48,179,0,3,22,53,162
6489,480201,4802.01,16499275.375923105,19172.831450276284,34.10816520661743,-118.11064275860188,234,THE GOODEN CENTER OUTPATIENT PROGRAM,4.459,2.77,0,6,38,59,208,0,5,25,69,196
6490,480202,4802.02,16307332.30414788,16299.744705980469,34.108905563377235,-118.09730301926119,432,PAX HOUSE,4.388,2.727,0,3,37,50,195,0,3,24,59,176
6491,480302,4803.02,11306722.398737125,14875.121202414826,34.101249763794996,-118.12181434851139,234,THE GOODEN CENTER OUTPATIENT PROGRAM,4.876,3.03,0,2,40,70,229,0,0,23,81,208
6492,480303,4803.03,4861184.044092987,8952.418747274782,34.095146977446845,-118.13772986415414,313,"PRINCIPLES, INC., D.B.A. IMPACT",4.013,2.493,0,2,38,85,244,0,2,20,98,231
6493,480304,4803.04,4699816.1616311455,8998.89584817421,34.09617252066516,-118.13161423034722,313,"PRINCIPLES, INC., D.B.A. IMPACT",4.581,2.846,0,2,40,79,239,0,2,19,94,225
6494,480400,4804.00,13837042.97069635,17488.56742546315,34.104004551439196,-118.13218198358216,234,THE GOODEN CENTER OUTPATIENT PROGRAM,4.489,2.789,0,5,39,74,239,0,2,24,90,221
6495,480500,4805.00,22726779.970034864,24410.026443625018,34.10827331842878,-118.14493279423665,234,THE GOODEN CENTER OUTPATIENT PROGRAM,4.201,2.61,0,8,36,86,252,0,8,28,97,236
6496,480601,4806.01,7605226.71409385,14210.499815420264,34.11942299068386,-118.1467072967079,234,THE GOODEN CENTER OUTPATIENT PROGRAM,3.109,1.932,0,9,35,83,248,0,9,31,97,228
6497,480602,4806.02,17824541.831862785,22301.759005437252,34.11937297116012,-118.16058738582205,819,HIGHLAND PARK,2.73,1.696,0,11,38,95,264,0,11,29,110,245
6498,480702,4807.02,23421364.004118167,22292.379304806276,34.104946323915335,-118.1699209216199,313,"PRINCIPLES, INC., D.B.A. IMPACT",2.628,1.633,0,6,42,110,283,0,4,21,120,264
6499,480703,4807.03,12218482.609030109,22394.606295756617,34.10944178395305,-118.16138969063152,819,HIGHLAND PARK,3.258,2.024,0,9,37,97,270,0,5,26,112,249
6500,480704,4807.04,11510635.371403977,17632.281953696434,34.10578484072381,-118.15371723624386,313,"PRINCIPLES, INC., D.B.A. IMPACT",3.459,2.15,0,4,37,91,262,0,3,25,109,245
6501,480802,4808.02,18521811.566397633,17673.945559985434,34.08205951761761,-118.15263019405157,313,"PRINCIPLES, INC., D.B.A. IMPACT",2.382,1.48,0,5,34,98,266,0,5,19,114,244
6502,480803,4808.03,11749748.436973045,14283.431859980303,34.09092557019864,-118.15361880546317,313,"PRINCIPLES, INC., D.B.A. IMPACT",2.479,1.541,0,3,40,97,264,0,3,17,112,246
6503,480804,4808.04,9024257.00818972,15035.639355895215,34.095762535507475,-118.1472706212035,313,"PRINCIPLES, INC., D.B.A. IMPACT",3.237,2.011,0,3,37,94,256,0,2,21,101,240
6504,480901,4809.01,10240590.053841384,12999.100398443867,34.0869855170384,-118.1401731579018,313,"PRINCIPLES, INC., D.B.A. IMPACT",3.566,2.216,0,2,35,92,243,0,2,20,103,233
6505,480902,4809.02,5527046.636782218,10264.607784004003,34.080284717693694,-118.13893838814062,892,"NEW HORIZON REHABILITATION CENTER, INC.",2.871,1.784,0,2,30,94,242,0,2,17,111,230
6506,480903,4809.03,8652149.56289973,11806.239263192643,34.07366541424972,-118.13936121057478,892,"NEW HORIZON REHABILITATION CENTER, INC.",2.147,1.334,0,2,32,99,245,0,2,13,114,231
6507,481001,4810.01,11297986.285031276,15896.27554537715,34.08766705498411,-118.13030087892534,892,"NEW HORIZON REHABILITATION CENTER, INC.",3.706,2.303,0,2,38,82,235,0,2,19,99,226
6508,481002,4810.02,10062437.116901714,14045.940293542562,34.09519392035106,-118.11898485050273,892,"NEW HORIZON REHABILITATION CENTER, INC.",4.762,2.959,0,1,41,67,228,0,1,17,85,210
6509,481101,4811.01,9571160.547088282,13645.9108724108,34.09912753882536,-118.10698415333331,234,THE GOODEN CENTER OUTPATIENT PROGRAM,5.512,3.425,0,0,39,57,206,0,0,21,72,197
6510,481102,4811.02,6627347.783578195,11834.266240503595,34.09984056221964,-118.09446713923289,432,PAX HOUSE,5.409,3.361,0,0,34,51,193,0,0,21,60,180
6511,481103,4811.03,15215534.911926588,16990.071989515916,34.09346285091255,-118.09834762473805,892,"NEW HORIZON REHABILITATION CENTER, INC.",5.513,3.426,0,0,35,58,201,0,0,18,64,187
6512,481201,4812.01,11113477.396601222,16493.44234494528,34.09761860312433,-118.07122072572729,277,MID VALLEY OUTPATIENT SERVICES,4.363,2.711,0,2,26,49,166,0,2,15,54,153
6513,481203,4812.03,16785127.314086862,17303.100448649682,34.09808603275646,-118.08166011640938,277,MID VALLEY OUTPATIENT SERVICES,5.176,3.216,0,0,31,52,178,0,0,19,56,162
6514,481300,4813.00,9652440.672243569,14112.518550748819,34.076282069067865,-118.08254476088696,277,MID VALLEY OUTPATIENT SERVICES,4.461,2.772,0,3,23,56,189,0,3,8,63,171
6515,481401,4814.01,12987121.780624226,16283.06069916326,34.083198282529814,-118.10398670899698,892,"NEW HORIZON REHABILITATION CENTER, INC.",4.307,2.676,0,1,32,61,206,0,1,17,72,198
6516,481403,4814.03,8722796.321474925,18149.962289560623,34.081781775089745,-118.08982427535913,892,"NEW HORIZON REHABILITATION CENTER, INC.",5.182,3.22,0,0,26,59,195,0,0,13,64,183
6517,481404,4814.04,11024962.820480265,14420.885071674918,34.08407471384761,-118.09545119224543,892,"NEW HORIZON REHABILITATION CENTER, INC.",4.936,3.067,0,1,33,59,201,0,0,15,64,189
6518,481500,4815.00,23551642.26781425,24596.542227752958,34.082189106946636,-118.11277108722248,892,"NEW HORIZON REHABILITATION CENTER, INC.",3.715,2.308,0,1,34,66,217,0,1,19,83,204
6519,481603,4816.03,7057784.482098542,12084.74852213469,34.084160362659915,-118.12019896384955,892,"NEW HORIZON REHABILITATION CENTER, INC.",3.576,2.222,0,1,36,71,225,0,1,19,90,212
6520,481604,4816.04,6705887.52002806,11095.317641603515,34.08325004229465,-118.12607468006956,892,"NEW HORIZON REHABILITATION CENTER, INC.",3.301,2.051,0,2,36,77,235,0,1,18,101,219
6521,481605,4816.05,8233583.318393015,14015.862437778993,34.071907515776864,-118.12560622355008,892,"NEW HORIZON REHABILITATION CENTER, INC.",2.129,1.323,0,1,28,80,230,0,1,10,105,216
6522,481606,4816.06,9278983.620768966,14834.303532696093,34.07645478409673,-118.12599715418561,892,"NEW HORIZON REHABILITATION CENTER, INC.",2.582,1.605,0,2,29,79,233,0,1,13,104,217
6523,481711,4817.11,4815034.219273934,8919.164585960507,34.06617566704076,-118.11985475048105,892,"NEW HORIZON REHABILITATION CENTER, INC.",1.934,1.202,0,3,29,76,226,0,2,12,96,213
6524,481712,4817.12,7928551.557662436,12649.278204405402,34.06639428653828,-118.11191200360004,892,"NEW HORIZON REHABILITATION CENTER, INC.",2.54,1.579,0,3,26,71,216,0,2,11,85,203
6525,481713,4817.13,5018014.453447923,10376.954885648795,34.067968969997025,-118.12916969709093,892,"NEW HORIZON REHABILITATION CENTER, INC.",1.596,0.992,0,2,28,87,231,1,2,10,110,221
6526,481714,4817.14,4898370.641952073,10358.44291990685,34.064310856089456,-118.12901298137551,892,"NEW HORIZON REHABILITATION CENTER, INC.",1.234,0.767,0,4,28,88,234,1,2,11,111,221
6527,481800,4818.00,8848178.347635044,13011.563118404545,34.065321559140315,-118.14076601894202,892,"NEW HORIZON REHABILITATION CENTER, INC.",1.283,0.797,0,2,29,106,251,1,2,12,115,231
6528,481901,4819.01,19740208.768242057,19732.163248559747,34.07102445254303,-118.155057213431,313,"PRINCIPLES, INC., D.B.A. IMPACT",2.502,1.555,0,5,29,108,270,0,5,12,120,247
6529,481902,4819.02,9559230.198480863,17761.61955039731,34.06549668739538,-118.15071997646629,892,"NEW HORIZON REHABILITATION CENTER, INC.",1.848,1.149,0,5,28,110,260,0,5,13,117,247
6530,482001,4820.01,31702668.18027456,25648.86656756133,34.05533130302707,-118.15977262074941,892,"NEW HORIZON REHABILITATION CENTER, INC.",2.233,1.388,0,8,26,115,270,0,8,17,124,257
6531,482002,4820.02,26784552.403179273,22704.127043638182,34.04884175271931,-118.14827981892287,892,"NEW HORIZON REHABILITATION CENTER, INC.",1.338,0.831,0,6,20,107,263,1,6,14,122,236
6532,482101,4821.01,12402498.09863676,16859.071132694637,34.05875366925382,-118.13539795040566,892,"NEW HORIZON REHABILITATION CENTER, INC.",0.46,0.286,1,5,23,95,239,1,5,12,115,225
6533,482102,4821.02,11818848.541914,15122.516973216376,34.05066389303042,-118.1328824955145,892,"NEW HORIZON REHABILITATION CENTER, INC.",0.504,0.313,1,5,19,93,236,1,5,14,110,223
6534,482201,4822.01,8323560.16853272,12012.801872038866,34.05901192478646,-118.1220083307127,892,"NEW HORIZON REHABILITATION CENTER, INC.",1.339,0.832,0,3,23,82,227,1,3,12,99,214
6535,482202,4822.02,6962713.654396743,10558.12059446686,34.05896213453689,-118.11243946473894,892,"NEW HORIZON REHABILITATION CENTER, INC.",2.183,1.356,0,3,21,74,216,0,3,12,87,204
6536,482301,4823.01,9403183.625862548,17402.05011876698,34.074109451696295,-118.0990818017537,892,"NEW HORIZON REHABILITATION CENTER, INC.",3.997,2.484,0,1,26,63,203,0,1,10,71,193
6537,482303,4823.03,10578497.890761653,15076.411284787551,34.06911437814261,-118.0987526650334,892,"NEW HORIZON REHABILITATION CENTER, INC.",3.753,2.332,0,1,24,63,204,0,1,11,73,195
6538,482304,4823.04,6667529.984959985,12904.70388212978,34.0644347187035,-118.09890294586337,892,"NEW HORIZON REHABILITATION CENTER, INC.",3.547,2.204,0,3,23,67,203,0,1,11,75,197
6539,482401,4824.01,9031482.621634403,12471.224989585908,34.06747169385382,-118.08633208087574,892,"NEW HORIZON REHABILITATION CENTER, INC.",4.753,2.954,0,4,18,60,196,0,2,9,70,178
6540,482403,4824.03,10351935.404171253,13109.539900338523,34.05720192132158,-118.08624680496332,892,"NEW HORIZON REHABILITATION CENTER, INC.",4.551,2.828,0,5,13,63,196,0,5,10,72,180
6541,482404,4824.04,10106824.714178612,15962.876758761415,34.046349959534396,-118.08513272963458,762,ULTIMATE RECOVERY CENTER ,3.686,2.29,0,5,17,61,196,0,5,10,76,177
6542,482502,4825.02,6895933.97882013,10477.01433465085,34.058986707336864,-118.10377629086531,892,"NEW HORIZON REHABILITATION CENTER, INC.",2.967,1.843,0,3,22,70,205,0,3,10,79,200
6543,482503,4825.03,7854059.761409001,11316.176082899598,34.058630008057875,-118.09487082510199,892,"NEW HORIZON REHABILITATION CENTER, INC.",3.773,2.345,0,3,17,66,202,0,3,10,74,192
6544,482521,4825.21,16642922.762368364,18977.981125394195,34.05065246620934,-118.09929231227602,892,"NEW HORIZON REHABILITATION CENTER, INC.",3.369,2.093,0,3,18,71,206,0,3,11,76,196
6545,482522,4825.22,17672855.0823231,19097.216414692888,34.04090932942594,-118.09395889298611,762,ULTIMATE RECOVERY CENTER ,2.696,1.675,0,3,19,66,202,0,3,11,78,191
6546,482600,4826.00,30618352.95382613,24716.648250438615,34.048286140394964,-118.11550103892083,892,"NEW HORIZON REHABILITATION CENTER, INC.",1.976,1.228,0,4,20,77,219,0,4,11,93,210
6547,482701,4827.01,13232862.151652839,25370.921825778918,34.03762684233516,-118.13976067841345,892,"NEW HORIZON REHABILITATION CENTER, INC.",1.929,1.199,0,6,21,95,244,0,6,15,119,231
6548,482702,4827.02,7731124.787616789,13987.984797118766,34.04149010569286,-118.13384294130776,892,"NEW HORIZON REHABILITATION CENTER, INC.",1.468,0.912,0,5,19,92,238,1,5,14,113,222
6549,482801,4828.01,34070214.02358912,30553.019147166684,34.03694993536563,-118.114919568877,937,MONTE REHAB INC.,1.505,0.935,0,5,21,72,216,1,5,11,94,210
6550,500100,5001.00,108209222.64618854,51525.884694874425,33.96051254100535,-117.94295715536134,947,BLUE SKIES TREATMENT CENTER LLC,3.998,2.484,0,2,9,23,62,0,2,4,24,58
6551,500202,5002.02,68430807.85040233,41354.563008767225,33.96000052556899,-117.99521251001443,947,BLUE SKIES TREATMENT CENTER LLC,1.059,0.658,0,9,16,27,99,1,8,12,31,85
6552,500203,5002.03,20130393.85837168,23307.96067587543,33.945994372226146,-117.98150781834752,844,YPF OUTPATIENT SERVICES,0.722,0.449,1,5,15,25,85,1,5,12,27,71
6553,500204,5002.04,57241095.1310463,40501.9263043424,33.95961587507553,-117.97159334716473,947,BLUE SKIES TREATMENT CENTER LLC,1.474,0.916,0,4,12,22,79,1,4,10,28,71
6554,500300,5003.00,96418953.25681274,45393.94931188157,34.01470936717354,-118.0395206818136,705,SOLACE TREATMENT CENTER LLC,3.533,2.195,0,4,21,34,149,0,3,13,42,138
6555,500402,5004.02,14379148.246937988,15368.244440718994,34.00360638259895,-118.07639398097382,762,ULTIMATE RECOVERY CENTER ,3.892,2.418,0,4,27,44,175,0,3,15,49,163
6556,500403,5004.03,23688236.65114814,31124.44621558813,34.011747516831036,-118.06422569616579,705,SOLACE TREATMENT CENTER LLC,4.097,2.546,0,3,24,41,167,0,2,15,49,156
6557,500404,5004.04,12615580.928790774,15083.995066317057,34.013888547246474,-118.07390945850894,762,ULTIMATE RECOVERY CENTER ,3.652,2.269,0,3,24,43,174,0,2,18,59,164
6558,500500,5005.00,7194182.7602960495,11820.635282705643,34.014898620982706,-118.08445709662452,762,ULTIMATE RECOVERY CENTER ,2.685,1.669,0,2,25,47,188,0,2,18,63,172
6559,500600,5006.00,12735084.643306771,14767.177058336063,34.007991193847126,-118.0883233098997,762,ULTIMATE RECOVERY CENTER ,2.705,1.681,0,2,25,49,188,0,2,18,61,179
6560,500700,5007.00,34965017.139013365,25854.75516288706,33.994869400814004,-118.0967239375622,762,ULTIMATE RECOVERY CENTER ,3.343,2.077,0,2,23,56,201,0,2,20,62,182
6561,500800,5008.00,20985927.99387584,19048.03601593919,33.983917155254936,-118.08631003020788,672,TRINITY BEHAVIORAL HEALTH,4.103,2.549,0,6,27,50,190,0,5,19,63,175
6562,500900,5009.00,17097255.66962528,17138.475658699663,33.993120233098686,-118.07973778066491,705,SOLACE TREATMENT CENTER LLC,4.154,2.581,0,6,28,45,182,0,4,19,52,166
6563,501001,5010.01,7712127.876146718,11644.859583727128,33.98862836326522,-118.07023429982345,705,SOLACE TREATMENT CENTER LLC,3.185,1.979,0,6,30,42,170,0,6,16,46,159
6564,501002,5010.02,15855902.295246279,16774.76334448008,33.98227751737523,-118.06204858767039,672,TRINITY BEHAVIORAL HEALTH,2.233,1.388,0,7,27,40,168,0,6,13,46,151
6565,501200,5012.00,15134674.922105862,17573.089689528322,33.99886386918067,-118.06278676562712,705,SOLACE TREATMENT CENTER LLC,3.006,1.868,0,5,28,42,163,0,4,14,44,157
6566,501301,5013.01,9302425.440573286,15779.059585139472,33.99121051038047,-118.0586883184562,705,SOLACE TREATMENT CENTER LLC,2.251,1.398,0,5,31,37,161,0,5,15,45,149
6567,501302,5013.02,12306328.525882464,15423.614587463446,33.99119055612971,-118.04888511398974,705,SOLACE TREATMENT CENTER LLC,1.468,0.912,0,5,27,35,151,1,5,15,38,138
6568,501400,5014.00,11423447.399969433,15159.69562206823,33.98199027221833,-118.04739173009831,705,SOLACE TREATMENT CENTER LLC,1.024,0.637,0,5,25,34,149,1,5,16,38,137
6569,501501,5015.01,68318746.92138784,49511.20477523087,33.9985900964434,-118.02750125314414,705,SOLACE TREATMENT CENTER LLC,1.912,1.188,0,4,21,32,135,0,4,12,36,128
6570,501503,5015.03,8662975.889887342,12547.417939510846,33.98610668283372,-118.03648739996606,705,SOLACE TREATMENT CENTER LLC,0.341,0.212,1,5,23,33,143,1,5,16,35,127
6571,501504,5015.04,8025116.525493963,12471.337807376756,33.979256336975105,-118.03700721404284,705,SOLACE TREATMENT CENTER LLC,0.425,0.264,2,6,21,33,141,3,5,14,36,129
6572,501600,5016.00,110996546.24585378,51070.470273115185,33.97854772665153,-118.00976762847624,842,SOLACE HILLS LLC,2.294,1.426,0,6,19,33,116,0,6,13,35,102
6573,501700,5017.00,14986775.85598043,17080.88630484369,33.96182574887501,-118.01989566423009,368,SPIRITT FAMILY SERVICES,1.344,0.835,0,10,16,33,122,2,10,16,34,105
6574,501802,5018.02,8346721.385471147,13998.117415043802,33.9679164285276,-118.0292644649445,368,SPIRITT FAMILY SERVICES,0.292,0.181,2,7,19,33,132,2,7,16,36,113
6575,501803,5018.03,6377300.5799829755,11123.271188423898,33.971743904857455,-118.04086587013373,842,SOLACE HILLS LLC,0.738,0.458,3,7,22,34,142,4,6,16,39,128
6576,501804,5018.04,5729971.035421699,11153.929292142477,33.96988677517002,-118.034932975949,842,SOLACE HILLS LLC,0.222,0.138,2,7,21,33,138,4,7,16,38,119
6577,501900,5019.00,15000004.0496703,16925.38025245745,33.955844346650025,-118.02746909123971,368,SPIRITT FAMILY SERVICES,1.427,0.886,0,12,16,33,124,1,12,16,36,109
6578,502003,5020.03,6927747.367877607,10675.606372183229,33.96318138748701,-118.03938895381367,672,TRINITY BEHAVIORAL HEALTH,0.8,0.497,2,10,21,35,140,4,9,16,38,118
6579,502004,5020.04,14369469.374912674,17665.54408814315,33.96090984841743,-118.04780519423579,672,TRINITY BEHAVIORAL HEALTH,0.623,0.387,2,10,21,38,147,2,10,16,42,132
6580,502005,5020.05,11221396.151233237,16148.904056412597,33.95170161576941,-118.03439163743259,332,LOS ANGELES CENTERS FOR ALCOHOL AND DRUG ABUSE,1.806,1.122,0,13,18,36,123,0,11,16,41,113
6581,502100,5021.00,20849989.566265333,21465.822641906227,33.972669465544136,-118.05223930675807,672,TRINITY BEHAVIORAL HEALTH,0.836,0.519,1,9,24,38,151,1,8,17,42,138
6582,502200,5022.00,18698618.659911655,18395.25325789366,33.97680171359818,-118.07189076079823,672,TRINITY BEHAVIORAL HEALTH,2.558,1.59,0,7,28,42,176,0,7,19,52,165
6583,502303,5023.03,25100513.829691518,21982.842407895838,33.96739770864182,-118.07531572481868,372,PACIFIC CLINICS,2.381,1.48,0,9,26,46,180,0,9,19,55,167
6584,502401,5024.01,10177297.746190652,13255.4851699622,33.976398765798194,-118.09688273220932,372,PACIFIC CLINICS,3.499,2.174,0,4,24,59,192,0,4,19,63,182
6585,502402,5024.02,9753532.440858856,12968.891912253212,33.97299733112113,-118.08973861716599,372,PACIFIC CLINICS,2.949,1.832,0,4,24,56,187,0,4,22,61,178
6586,502500,5025.00,41068032.30815801,28347.78832744253,33.97728994451077,-118.11007068652319,371,SPIRITT FAMILY SERVICES,3.978,2.472,0,7,26,64,207,0,4,19,74,193
6587,502602,5026.02,13600312.388646364,16471.967463896057,33.96502259112603,-118.10325886761744,328,L.A. CADA - OUTPATIENT,2.616,1.625,0,6,25,60,191,0,6,22,70,182
6588,502603,5026.03,10609435.69282983,14443.891142172759,33.96347623364617,-118.0939671326334,372,PACIFIC CLINICS,2.078,1.291,0,8,26,54,186,0,7,21,64,177
6589,502604,5026.04,10570595.078075545,17254.117909804503,33.95625119750753,-118.09464757209982,328,L.A. CADA - OUTPATIENT,1.407,0.874,0,8,25,54,184,2,8,20,62,172
6590,502700,5027.00,74765715.77064101,44392.69132604685,33.95479953454744,-118.07155743029735,372,PACIFIC CLINICS,1.384,0.86,0,10,26,48,163,1,9,17,53,148
6591,502801,5028.01,23980203.324467156,19857.227481255064,33.94087749141579,-118.08923512050728,328,L.A. CADA - OUTPATIENT,0.375,0.233,2,10,27,51,164,2,10,17,56,149
6592,502901,5029.01,13425517.801385,15049.262618969375,33.94598133915816,-118.04095306990486,332,LOS ANGELES CENTERS FOR ALCOHOL AND DRUG ABUSE,1.549,0.962,0,11,18,38,126,1,11,16,42,113
6593,503000,5030.00,14302650.276567873,16102.343504521805,33.92434894120645,-118.05083731525275,322,ALLEN HOUSE,1.378,0.856,0,10,19,40,116,2,10,17,42,105
6594,503103,5031.03,11725025.12937869,15490.824460933403,33.927926602263184,-118.04088648009697,392,HELPLINE YOUTH COUNSELING,1.074,0.667,0,13,19,37,108,1,11,16,44,102
6595,503104,5031.04,5885569.5217837915,10936.716615966063,33.920075321022715,-118.04255904981751,392,HELPLINE YOUTH COUNSELING,1.561,0.97,0,8,19,36,108,1,8,16,42,98
6596,503105,5031.05,11954723.441223416,16794.76683329806,33.92417971639665,-118.03328969261618,392,HELPLINE YOUTH COUNSELING,0.631,0.392,1,11,19,34,104,1,8,16,39,97
6597,503106,5031.06,9955825.984303815,14526.787222932544,33.920765172671054,-118.02368364491056,392,HELPLINE YOUTH COUNSELING,1.03,0.64,0,9,16,30,100,1,9,16,37,91
6598,503201,5032.01,14476484.67614435,15142.221061679666,33.93249669552838,-118.0266658661528,392,HELPLINE YOUTH COUNSELING,0.479,0.298,1,12,17,33,105,1,10,16,39,99
6599,503202,5032.02,12281026.867474647,15954.600489624398,33.939384350921294,-118.03490028766751,392,HELPLINE YOUTH COUNSELING,1.288,0.8,0,14,18,37,113,1,11,16,42,107
6600,503301,5033.01,11748009.048308905,14413.620787142727,33.94808507076465,-118.01515349904598,392,HELPLINE YOUTH COUNSELING,2.512,1.561,0,12,16,31,113,0,10,16,34,93
6601,503302,5033.02,16640275.422238447,17791.20540799418,33.94164651694251,-118.02138069925688,392,HELPLINE YOUTH COUNSELING,1.606,0.998,0,12,16,33,108,1,12,16,37,98
6602,503401,5034.01,21015443.88563242,18860.274865612362,33.935543806982366,-117.98467865709037,844,YPF OUTPATIENT SERVICES,0.485,0.301,2,5,16,22,83,2,5,12,27,71
6603,503402,5034.02,17410098.103143424,17818.879702109578,33.941767361754124,-118.00080285380358,844,YPF OUTPATIENT SERVICES,1.69,1.05,0,7,16,27,94,0,7,15,31,82
6604,503501,5035.01,16587840.513472794,22266.280285966513,33.93303287467541,-118.01339966698058,840,SOLACE HILLS LLC,1.069,0.664,0,11,16,27,100,2,10,16,36,87
6605,503502,5035.02,13168058.003062027,17644.352689884927,33.93199132955226,-118.00334451455292,840,SOLACE HILLS LLC,0.587,0.365,1,6,16,25,91,2,6,15,32,85
6606,503601,5036.01,14976900.484516688,16815.757514265028,33.922529380840416,-118.01118561390453,840,SOLACE HILLS LLC,0.774,0.481,1,5,16,26,93,1,4,16,32,87
6607,503602,5036.02,35545530.58689862,25663.687312696573,33.91212590597229,-118.00224797047356,840,SOLACE HILLS LLC,1.647,1.023,0,4,16,23,82,0,4,13,26,76
6608,503701,5037.01,12463070.401647976,15595.06090322205,33.9274227185463,-117.9948537460567,668,TRINITY BEHAVIORAL HEALTH,0.568,0.353,2,5,16,21,88,2,5,14,26,78
6609,503702,5037.02,17925154.916878376,19119.19060783816,33.92226597746277,-117.98449603425456,668,TRINITY BEHAVIORAL HEALTH,0.757,0.47,1,5,15,19,81,1,5,13,22,72
6610,503704,5037.04,16190310.69814879,18491.796209840784,33.90695288491433,-117.98549729847402,668,TRINITY BEHAVIORAL HEALTH,2.369,1.472,0,4,14,20,79,0,4,9,22,75
6611,503705,5037.05,12664037.12966453,17991.566114587436,33.91424238838764,-117.98552246747632,668,TRINITY BEHAVIORAL HEALTH,1.568,0.974,0,4,15,19,80,1,4,12,23,74
6612,503801,5038.01,13783082.837867616,18398.961985815247,33.89628795952243,-117.99324328925961,840,SOLACE HILLS LLC,3.551,2.207,0,4,13,22,77,0,2,9,23,75
6613,503802,5038.02,14262452.14439297,15640.563362356466,33.89829142328411,-118.00357460777445,840,SOLACE HILLS LLC,3.172,1.971,0,4,16,23,77,0,3,10,26,76
6614,503901,5039.01,9740747.128503919,16159.418533801278,33.889845619976846,-118.00691519253742,840,SOLACE HILLS LLC,4.116,2.557,0,3,15,24,77,0,3,8,26,76
6615,503902,5039.02,56714945.99319946,35071.11016054089,33.88684324405076,-118.01965598195814,840,SOLACE HILLS LLC,4.657,2.894,0,4,16,26,82,0,2,8,28,75
6616,504001,5040.01,14929353.909698937,18099.90345895334,33.90824925779025,-118.01535140474462,840,SOLACE HILLS LLC,2.291,1.423,0,6,16,24,90,0,4,15,28,80
6617,504002,5040.02,16616861.26036208,17868.582441868315,33.90929103228513,-118.02399263660173,392,HELPLINE YOUTH COUNSELING,2.221,1.38,0,7,17,27,92,0,7,15,33,87
6618,504101,5041.01,13117424.300120778,15847.748671142657,33.909914363756535,-118.03332814612953,392,HELPLINE YOUTH COUNSELING,2.131,1.324,0,7,18,31,97,0,7,15,37,92
6619,504200,5042.00,83095630.96061097,55346.75975826576,33.93757067017207,-118.0601197277337,320,L.A. CADA,0.833,0.517,2,11,20,43,140,2,11,18,49,123
6620,530005,5300.05,24599262.757148333,30605.29378603876,34.02827885716144,-118.11144067839788,762,ULTIMATE RECOVERY CENTER ,0.7,0.435,2,5,27,67,213,2,5,11,92,205
6621,530006,5300.06,7110648.265868709,13236.988166208139,34.020718779573954,-118.11391244019639,762,ULTIMATE RECOVERY CENTER ,0.208,0.129,2,6,28,67,216,2,6,10,90,202
6622,530007,5300.07,52272758.646207996,30506.49400202313,34.026334911504726,-118.08943768094896,762,ULTIMATE RECOVERY CENTER ,2.161,1.343,0,2,21,58,199,0,2,12,71,181
6623,530101,5301.01,10894604.973320596,14077.604472361105,34.01226021804598,-118.1004454140532,762,ULTIMATE RECOVERY CENTER ,1.54,0.957,0,3,26,54,203,1,3,18,69,193
6624,530102,5301.02,14231460.362717604,15917.590049480972,34.01535766508452,-118.11548862114213,762,ULTIMATE RECOVERY CENTER ,0.797,0.495,2,6,27,65,217,2,6,9,90,203
6625,530202,5302.02,19357034.945999846,21186.621012699463,34.0272385512624,-118.13658116703884,418,"MELA COUNSELING SERVICES CENTER, INC.",1.391,0.864,0,6,22,88,239,1,6,15,115,224
6626,530203,5302.03,7928251.163789322,14385.205902946633,34.026653095352096,-118.12647260672047,937,MONTE REHAB INC.,0.981,0.61,1,6,23,79,227,2,6,11,105,216
6627,530204,5302.04,7211051.202137706,11616.624851782612,34.01907417430532,-118.12833876852824,937,MONTE REHAB INC.,1.193,0.741,0,7,26,82,227,2,6,10,99,215
6628,530301,5303.01,6288819.603587589,11122.59040522581,34.02946640531707,-118.15520118316684,418,"MELA COUNSELING SERVICES CENTER, INC.",1.401,0.87,0,9,24,106,256,2,8,15,121,248
6629,530302,5303.02,9212524.830680866,13426.06975663364,34.02781634367616,-118.14795799451771,418,"MELA COUNSELING SERVICES CENTER, INC.",1.025,0.637,0,8,25,98,252,2,7,15,122,240
6630,530400,5304.00,16601273.256742597,18725.94741094974,34.038873566743874,-118.15476601691803,418,"MELA COUNSELING SERVICES CENTER, INC.",2.351,1.461,0,6,23,108,264,0,6,14,124,248
6631,530500,5305.00,9694241.741452852,12762.823176382824,34.03876328931177,-118.16589606995971,395,HELPLINE YOUTH COUNSELING ,2.789,1.733,0,11,26,107,273,0,8,18,133,261
6632,530603,5306.03,13316032.004699934,17042.438669928873,34.05333884869623,-118.17346286018555,319,LINCOLN HEIGHTS RECOVERY CAMPUS,3.103,1.928,0,9,35,116,288,0,9,19,144,272
6633,530700,5307.00,11383409.612696037,17884.169294105868,34.059218107324156,-118.18398922543054,319,LINCOLN HEIGHTS RECOVERY CAMPUS,1.933,1.201,0,7,41,124,294,0,6,22,152,285
6634,530801,5308.01,8278551.82609912,14508.595312068523,34.05088138246338,-118.18840195840437,447,"EXODUS RECOVERY, INC.",2.131,1.324,0,9,48,130,299,0,6,24,154,288
6635,530802,5308.02,6095832.591068362,14533.674147768823,34.052284103097776,-118.18133082761014,319,LINCOLN HEIGHTS RECOVERY CAMPUS,2.61,1.622,0,9,41,119,293,0,8,22,153,283
6636,530901,5309.01,4780656.0196911255,8761.150853084198,34.04327971818114,-118.1886158867982,447,"EXODUS RECOVERY, INC.",2.529,1.571,0,9,46,126,299,0,8,26,154,289
6637,530902,5309.02,5630345.732306162,11786.859918296434,34.044528268785974,-118.18102193834441,447,"EXODUS RECOVERY, INC.",3.041,1.889,0,9,41,120,293,0,9,21,147,281
6638,531000,5310.00,10762522.881057618,15882.088922739134,34.040770363058705,-118.17391223124315,395,HELPLINE YOUTH COUNSELING ,3.307,2.055,0,9,35,113,286,0,9,20,138,271
6639,531101,5311.01,7530326.76840229,12294.509337815487,34.03609714672331,-118.18851405685469,218,BHS BOYLE HEIGHTS FAMILY RECOVERY CENTER,2.383,1.481,0,7,47,121,298,0,7,24,153,285
6640,531102,5311.02,5364456.947614262,9848.276920210337,34.03684501094179,-118.18159379970388,218,BHS BOYLE HEIGHTS FAMILY RECOVERY CENTER,2.874,1.786,0,8,41,119,292,0,8,24,149,278
6641,531201,5312.01,5977859.24244492,11143.557634004012,34.02974192403521,-118.18607981417186,218,BHS BOYLE HEIGHTS FAMILY RECOVERY CENTER,2.052,1.275,0,8,46,118,295,0,8,25,146,280
6642,531202,5312.02,4814912.726603439,10576.973206371047,34.025743512464054,-118.18594015095799,218,BHS BOYLE HEIGHTS FAMILY RECOVERY CENTER,1.843,1.145,0,8,46,117,289,0,6,25,143,273
6643,531301,5313.01,8532657.779766453,15266.056113543438,34.021748012465714,-118.18224591924252,218,BHS BOYLE HEIGHTS FAMILY RECOVERY CENTER,2.051,1.274,0,7,44,118,287,0,7,26,134,268
6644,531302,5313.02,9629114.119681312,15856.478658532413,34.016891940298684,-118.18275826015095,218,BHS BOYLE HEIGHTS FAMILY RECOVERY CENTER,1.997,1.241,0,6,43,112,284,0,6,26,130,269
6645,531502,5315.02,4688385.80556451,8974.96638477052,34.01989581403296,-118.17085938820786,395,HELPLINE YOUTH COUNSELING ,1.494,0.928,0,6,34,110,269,1,6,23,129,259
6646,531503,5315.03,12515353.70794069,14516.47845057803,34.0294129611358,-118.17475700226335,395,HELPLINE YOUTH COUNSELING ,2.367,1.471,0,8,36,111,279,0,7,23,135,266
6647,531504,5315.04,5411952.68848988,10726.422499871229,34.02822227055992,-118.16740371766473,395,HELPLINE YOUTH COUNSELING ,1.811,1.125,0,8,29,109,269,0,8,23,126,257
6648,531602,5316.02,4825625.06065402,10203.460434701008,34.01868079835074,-118.1648027754639,395,HELPLINE YOUTH COUNSELING ,0.927,0.576,1,9,30,107,261,2,8,22,125,254
6649,531603,5316.03,4672132.262623206,8755.236784352204,34.02980715348232,-118.16152578946225,395,HELPLINE YOUTH COUNSELING ,1.717,1.067,0,9,26,109,265,0,8,21,122,253
6650,531604,5316.04,3947756.523291056,8092.736172107032,34.02384191581933,-118.16238628021075,395,HELPLINE YOUTH COUNSELING ,1.147,0.713,0,9,28,107,262,2,9,21,125,252
6651,531701,5317.01,6857886.905847141,11506.420879958712,34.021693559302676,-118.15209722211951,418,"MELA COUNSELING SERVICES CENTER, INC.",0.545,0.339,2,9,27,101,252,2,9,15,119,245
6652,531702,5317.02,7235136.750184687,12152.739016102898,34.01587794472596,-118.15978709945536,395,HELPLINE YOUTH COUNSELING ,0.386,0.24,1,9,29,107,263,2,8,18,120,250
6653,531800,5318.00,6686026.159920469,13067.126816797265,34.01870950227472,-118.13918247628634,418,"MELA COUNSELING SERVICES CENTER, INC.",0.767,0.477,1,8,24,89,244,2,8,14,109,223
6654,531901,5319.01,8297933.901793665,11917.918379757426,34.013253719956104,-118.14235040667741,418,"MELA COUNSELING SERVICES CENTER, INC.",0.761,0.473,1,8,27,89,248,2,8,11,111,225
6655,531902,5319.02,7615740.731004672,11315.576813809079,34.01178425249881,-118.13247220493257,418,"MELA COUNSELING SERVICES CENTER, INC.",1.579,0.981,0,8,27,81,229,1,8,11,101,219
6656,532001,5320.01,14571850.537035502,17268.829495160287,34.006014203699245,-118.1235665681757,937,MONTE REHAB INC.,2.047,1.272,0,7,28,72,222,0,7,14,95,210
6657,532002,5320.02,8971861.988270832,14983.523016658603,34.003534093024264,-118.11741720097989,762,ULTIMATE RECOVERY CENTER ,2.109,1.311,0,6,25,69,220,0,6,16,80,202
6658,532101,5321.01,15457706.42827761,15617.519280593327,34.00494375742191,-118.10526533407939,762,ULTIMATE RECOVERY CENTER ,2.007,1.247,0,5,23,56,207,0,5,18,73,197
6659,532102,5321.02,11001392.351240551,13663.127428008707,33.99747204028637,-118.11180682676088,762,ULTIMATE RECOVERY CENTER ,2.73,1.696,0,6,24,63,216,0,5,18,72,201
6660,532200,5322.00,30195399.856641587,27206.305184094235,33.986772886040825,-118.12261576563276,535,EAST LOS ANGELES WOMEN'S CENTER,3.09,1.92,0,8,25,73,224,0,8,16,79,208
6661,532302,5323.02,35456321.75713471,31690.225813334422,34.00959546236239,-118.17581177626778,395,HELPLINE YOUTH COUNSELING ,1.954,1.214,0,6,38,106,274,0,6,25,125,263
6662,532303,5323.03,81463623.01360083,46014.62611715406,34.001614068132994,-118.145840024631,535,EAST LOS ANGELES WOMEN'S CENTER,0.761,0.473,1,8,27,87,254,1,8,16,99,231
6663,532304,5323.04,87189573.41797428,48193.63053006733,33.98478118009922,-118.15181043319184,530,PENNY LANE CENTERS,1.102,0.685,0,6,28,86,257,2,6,18,98,240
6664,532500,5325.00,10962784.567692025,19253.593074785662,33.9899969242168,-118.22135515744195,613,DETOUR TRANSITIONS,1.188,0.738,0,11,60,117,314,2,11,41,136,299
6665,532605,5326.05,5645956.539459478,10365.946429479001,33.98424613447196,-118.2251798409786,613,DETOUR TRANSITIONS,0.572,0.356,2,13,63,120,312,2,10,40,135,299
6666,532606,5326.06,3000929.6513385307,7849.601005210657,33.98321099931284,-118.22088468197009,613,DETOUR TRANSITIONS,0.468,0.291,2,11,59,118,311,2,11,38,132,297
6667,532607,5326.07,11878646.907742107,14270.515668062362,33.984502889717035,-118.23325714888345,613,DETOUR TRANSITIONS,1.098,0.682,0,14,62,123,315,2,14,41,146,301
6668,532700,5327.00,6267973.985018364,12319.020189341549,33.98562048366645,-118.24248727057923,465,"CENTRAL CITY COMMUNITY HEALTH CENTER, INC. ",1.266,0.786,0,16,66,131,320,1,15,44,158,299
6669,532800,5328.00,5931393.328111768,10039.079857126688,33.98641075255595,-118.2521047542393,465,"CENTRAL CITY COMMUNITY HEALTH CENTER, INC. ",0.389,0.241,1,18,69,146,319,1,17,44,166,297
6670,532900,5329.00,8258066.066886989,11928.020200390552,33.97905509512353,-118.25204651058701,465,"CENTRAL CITY COMMUNITY HEALTH CENTER, INC. ",0.826,0.514,1,16,64,137,313,2,16,44,165,292
6671,533001,5330.01,5141720.331884661,11047.160064866892,33.98022695751113,-118.24556220139682,465,"CENTRAL CITY COMMUNITY HEALTH CENTER, INC. ",1.152,0.716,0,16,66,130,312,2,14,44,157,294
6672,533002,5330.02,3097568.759322129,7574.566846037141,33.977403477834926,-118.24083570559887,348,TESSIE CLEVELAND COMMUNITY SERVICES CORPORATION,1.378,0.856,0,13,64,127,309,1,13,41,149,294
6673,533103,5331.03,5853879.493065736,10992.906265682535,33.977308266932305,-118.23327545988062,613,DETOUR TRANSITIONS,0.97,0.603,2,13,58,119,309,2,13,42,137,292
6674,533104,5331.04,3681315.9417025214,7694.335434907035,33.97669474453022,-118.2244211619739,613,DETOUR TRANSITIONS,0.327,0.203,2,10,58,117,306,2,10,39,131,291
6675,533105,5331.05,2054755.608990503,5798.473274220829,33.98288670230169,-118.2164192046084,613,DETOUR TRANSITIONS,0.724,0.45,2,12,58,113,307,2,11,38,126,295
6676,533108,5331.08,6947384.346098968,13467.23125703484,33.97654305687663,-118.21674787533227,613,DETOUR TRANSITIONS,0.664,0.412,2,12,54,110,304,2,10,36,130,289
6677,533201,5332.01,4023505.245788987,9389.961972570805,33.98191910297544,-118.20816832135593,613,DETOUR TRANSITIONS,1.401,0.871,0,12,54,112,302,2,11,36,128,290
6678,533204,5332.04,7661348.890436565,13454.76986688285,33.97619204376678,-118.20899559782613,613,DETOUR TRANSITIONS,1.345,0.836,0,10,50,108,298,2,10,34,128,288
6679,533300,5333.00,3731088.1602490065,8552.870028070214,33.99279714731851,-118.20241728477717,613,DETOUR TRANSITIONS,2.416,1.501,0,10,56,112,301,0,9,31,129,289
6680,533401,5334.01,5113063.300443583,11263.890045439846,33.993666860943165,-118.19359436571301,244,THE SALVATION ARMY BELL SHELTER--WELLNESS CENTER,2.126,1.321,0,9,50,109,297,0,8,27,125,284
6681,533402,5334.02,5227309.4061030485,9807.483571778888,33.98988000264901,-118.19519384264791,244,THE SALVATION ARMY BELL SHELTER--WELLNESS CENTER,2.237,1.39,0,9,49,110,295,0,8,27,121,288
6682,533403,5334.03,5060256.83538548,12364.703659061513,33.98798611351459,-118.18720656286136,244,THE SALVATION ARMY BELL SHELTER--WELLNESS CENTER,1.52,0.944,0,10,46,106,291,1,9,24,122,278
6683,533501,5335.01,4545068.57051372,8907.20864750194,33.98546135000093,-118.20058916191434,613,DETOUR TRANSITIONS,2.179,1.354,0,9,53,109,297,0,8,35,127,291
6684,533504,5335.04,4389903.986457258,8497.981990606257,33.984835751128955,-118.1932624179573,244,THE SALVATION ARMY BELL SHELTER--WELLNESS CENTER,2.142,1.331,0,10,48,110,296,0,9,29,120,281
6685,533601,5336.01,5928001.406480174,12334.74879111215,33.98050451637379,-118.19419538837839,244,THE SALVATION ARMY BELL SHELTER--WELLNESS CENTER,2.398,1.49,0,9,50,108,295,0,9,28,121,278
6686,533602,5336.02,7554341.685744261,14360.050503970837,33.97719968034229,-118.19653633164215,613,DETOUR TRANSITIONS,2.458,1.527,0,10,48,106,294,0,9,28,120,281
6687,533603,5336.03,8713329.910791151,16305.500230288646,33.972777512256144,-118.19524516215417,326,LOS ANGELES CENTERS FOR ALCOHOL AND DRUG ABUSE,2.373,1.474,0,9,48,104,288,0,8,28,117,274
6688,533701,5337.01,4310664.295086784,8283.839489843802,33.988850849567314,-118.18208867749912,244,THE SALVATION ARMY BELL SHELTER--WELLNESS CENTER,1.039,0.645,0,10,44,100,286,1,10,22,121,275
6689,533702,5337.02,3428939.221736785,7524.99885698638,33.98360168019052,-118.1827127545865,244,THE SALVATION ARMY BELL SHELTER--WELLNESS CENTER,1.308,0.813,0,10,45,99,288,1,10,23,118,271
6690,533703,5337.03,6063642.597813177,10976.332951409519,33.9837428434748,-118.17528303891187,244,THE SALVATION ARMY BELL SHELTER--WELLNESS CENTER,0.818,0.508,1,11,41,97,280,2,10,22,113,267
6691,533803,5338.03,8479135.853729084,15462.927983010455,33.97481236625494,-118.18398649303062,244,THE SALVATION ARMY BELL SHELTER--WELLNESS CENTER,2.088,1.297,0,8,48,103,281,0,8,23,111,270
6692,533804,5338.04,5542702.414712037,11202.161365940126,33.97527309296612,-118.1791496220688,244,THE SALVATION ARMY BELL SHELTER--WELLNESS CENTER,1.82,1.131,0,9,42,97,278,0,8,24,109,267
6693,533805,5338.05,4792039.130074651,11078.331149548503,33.97460032049464,-118.17512407354184,530,PENNY LANE CENTERS,1.606,0.998,0,9,39,93,274,1,8,22,107,267
6694,533806,5338.06,10206252.916574897,19422.007218710667,33.972361940587255,-118.17051393197524,530,PENNY LANE CENTERS,1.592,0.989,0,10,34,90,269,1,7,21,108,261
6695,533901,5339.01,8211697.553261226,15693.996166881396,33.97401536040925,-118.15555769473372,371,SPIRITT FAMILY SERVICES,0.991,0.616,1,8,34,85,260,2,7,18,96,240
6696,533902,5339.02,8193148.636801696,14501.947495849357,33.967447808675296,-118.15371338090637,371,SPIRITT FAMILY SERVICES,0.302,0.188,1,7,37,83,257,1,7,18,96,240
6697,534001,5340.01,8449049.557538314,13447.074687563912,33.96793706692181,-118.14687971155296,371,SPIRITT FAMILY SERVICES,0.438,0.272,1,6,34,76,244,1,6,18,95,231
6698,534002,5340.02,9661218.645922508,16884.02628895738,33.96748207091882,-118.1399994222594,371,SPIRITT FAMILY SERVICES,1.027,0.638,0,6,34,76,235,1,6,17,92,222
6699,534101,5341.01,5522544.303316508,14562.466578629068,33.971840332699244,-118.16579535609247,371,SPIRITT FAMILY SERVICES,1.515,0.941,0,9,33,88,268,2,7,20,102,257
6700,534102,5341.02,8610503.074891187,14786.722350618835,33.97021075373429,-118.16165732138468,371,SPIRITT FAMILY SERVICES,1.093,0.679,0,8,34,87,263,1,8,21,98,254
6701,534201,5342.01,5521962.224927718,10286.49848030697,33.9580561234978,-118.16728911915673,371,SPIRITT FAMILY SERVICES,1.741,1.082,0,8,35,90,262,0,8,25,98,248
6702,534202,5342.02,6276261.333933062,11474.477036120847,33.959607829830055,-118.16112250162811,371,SPIRITT FAMILY SERVICES,1.171,0.728,0,8,35,86,256,1,8,20,98,243
6703,534203,5342.03,8262299.235666701,14675.855592182374,33.95746469007592,-118.15479955654139,371,SPIRITT FAMILY SERVICES,1.007,0.626,0,8,36,82,251,1,8,18,96,232
6704,534301,5343.01,9283028.356571557,14342.696401250492,33.959975238941524,-118.18529391050278,449,"COMPATIOR, INC.",2.061,1.281,0,8,42,96,270,0,8,26,111,258
6705,534302,5343.02,6644134.037827518,12917.945679879002,33.95917322605062,-118.17392255492645,371,SPIRITT FAMILY SERVICES,2.246,1.396,0,8,37,92,265,0,8,24,103,257
6706,534403,5344.03,3482178.806404613,8501.549981139235,33.96817754728645,-118.19719672498381,326,LOS ANGELES CENTERS FOR ALCOHOL AND DRUG ABUSE,1.835,1.14,0,9,47,104,287,0,9,31,117,270
6707,534404,5344.04,4446351.610937614,9687.54732856047,33.966259199776935,-118.190633628464,326,LOS ANGELES CENTERS FOR ALCOHOL AND DRUG ABUSE,2.034,1.264,0,8,46,101,278,0,7,28,114,267
6708,534405,5344.05,5707270.0340679055,10578.362381681818,33.96603796772433,-118.18294229981095,326,LOS ANGELES CENTERS FOR ALCOHOL AND DRUG ABUSE,2.58,1.603,0,9,40,96,273,0,8,24,109,266
6709,534406,5344.06,4641643.096172667,10898.179252929262,33.96477810456286,-118.17454047587941,371,SPIRITT FAMILY SERVICES,2.177,1.352,0,10,38,91,268,0,9,22,108,262
6710,534501,5345.01,7204333.57869603,11050.526635639339,33.96772899056138,-118.20764935853857,326,LOS ANGELES CENTERS FOR ALCOHOL AND DRUG ABUSE,1.572,0.977,0,10,48,107,290,1,8,35,119,275
6711,534502,5345.02,6095815.672701074,13917.300108358448,33.96572819991032,-118.20043159854319,326,LOS ANGELES CENTERS FOR ALCOHOL AND DRUG ABUSE,1.461,0.908,0,9,44,104,284,1,9,35,117,269
6712,534700,5347.00,5992639.205715115,9911.235527099201,33.96829627643474,-118.21476962451767,613,DETOUR TRANSITIONS,1.453,0.903,0,9,54,109,293,2,9,35,124,280
6713,534802,5348.02,4347556.490949701,8744.452186079898,33.97118986550638,-118.22168492716231,613,DETOUR TRANSITIONS,0.923,0.573,2,9,54,108,295,2,8,35,128,287
6714,534803,5348.03,6573850.89525117,14163.947104467443,33.969281307969865,-118.22544767128018,613,DETOUR TRANSITIONS,1.147,0.713,0,10,54,111,297,2,10,34,128,288
6715,534804,5348.04,3978855.186490871,9319.055483657237,33.9631979192591,-118.22732782950045,613,DETOUR TRANSITIONS,1.845,1.146,0,12,53,109,292,0,12,37,129,286
6716,534900,5349.00,11282605.265221387,14947.659382453603,33.97077466530871,-118.23680345896567,348,TESSIE CLEVELAND COMMUNITY SERVICES CORPORATION,1.119,0.695,0,15,60,120,299,3,12,41,135,289
6717,535001,5350.01,4841546.923797565,8859.379874314774,33.971411094436256,-118.25315205859994,348,TESSIE CLEVELAND COMMUNITY SERVICES CORPORATION,0.747,0.464,1,16,62,135,304,2,16,41,155,287
6718,535002,5350.02,5201856.182226745,9325.696191498182,33.97117138242493,-118.24653154297968,348,TESSIE CLEVELAND COMMUNITY SERVICES CORPORATION,0.541,0.336,1,16,60,128,303,1,15,42,147,289
6719,535101,5351.01,12205899.237895835,16478.842734738595,33.964432415426806,-118.24882397991668,348,TESSIE CLEVELAND COMMUNITY SERVICES CORPORATION,0.242,0.15,1,19,60,128,298,1,17,40,144,284
6720,535102,5351.02,6362548.259441937,12479.309359133882,33.9587294665543,-118.24884825248256,348,TESSIE CLEVELAND COMMUNITY SERVICES CORPORATION,0.861,0.535,1,18,55,121,297,2,18,40,140,283
6721,535200,5352.00,9316209.739190334,17912.193357464796,33.9512641498647,-118.25090411242623,317,BROWN SCAPULAR PROGRAM,0.98,0.609,1,16,53,113,299,1,16,36,138,279
6722,535300,5353.00,11630273.642861782,16781.046710454106,33.961589256873346,-118.23614845405534,348,TESSIE CLEVELAND COMMUNITY SERVICES CORPORATION,1.196,0.743,0,16,58,115,293,2,15,39,132,284
6723,535400,5354.00,8299926.847427145,16001.826673610465,33.95375884287906,-118.23486634546107,317,BROWN SCAPULAR PROGRAM,0.86,0.535,1,15,55,109,298,1,15,38,126,279
6724,535501,5355.01,5293204.416851989,12074.290201064696,33.9611708080881,-118.22212306576135,326,LOS ANGELES CENTERS FOR ALCOHOL AND DRUG ABUSE,1.662,1.033,0,12,52,108,290,0,11,35,124,279
6725,535502,5355.02,5086501.400547408,9073.05180562503,33.96150305904703,-118.21532670022668,326,LOS ANGELES CENTERS FOR ALCOHOL AND DRUG ABUSE,1.192,0.74,0,11,51,109,287,1,11,35,120,272
6726,535503,5355.03,3416350.038394051,7664.376372056022,33.95525993621418,-118.21448143228494,326,LOS ANGELES CENTERS FOR ALCOHOL AND DRUG ABUSE,0.752,0.467,1,11,47,107,281,1,10,33,116,269
6727,535603,5356.03,8458968.28967816,15286.440729219476,33.95606429677537,-118.22422030355196,326,LOS ANGELES CENTERS FOR ALCOHOL AND DRUG ABUSE,1.65,1.025,0,12,52,106,289,0,12,34,123,274
6728,535604,5356.04,4760342.7017036695,9741.852221685453,33.95067795419376,-118.22411580615368,317,BROWN SCAPULAR PROGRAM,1.591,0.989,0,15,51,102,294,1,12,33,119,269
6729,535605,5356.05,5058629.8797698,9024.66282578565,33.948786185201364,-118.21651931011755,326,LOS ANGELES CENTERS FOR ALCOHOL AND DRUG ABUSE,1.063,0.661,0,11,45,101,287,1,11,33,116,262
6730,535606,5356.06,1999911.2643373196,7508.651854047463,33.947660554691836,-118.22529673230434,317,BROWN SCAPULAR PROGRAM,1.454,0.903,0,15,51,99,293,1,14,32,117,272
6731,535607,5356.07,10132673.927879414,14535.322150083499,33.941948671823425,-118.22112364920186,360,SHIELDS FOR FAMILIES,1.824,1.133,0,13,46,99,284,0,12,29,112,269
6732,535701,5357.01,8305237.515763403,12501.479517924237,33.960186977720475,-118.20415932495614,326,LOS ANGELES CENTERS FOR ALCOHOL AND DRUG ABUSE,0.763,0.474,1,10,44,106,280,1,9,34,117,266
6733,535702,5357.02,10491974.146078885,13532.53783371782,33.95428615040223,-118.20504049668047,326,LOS ANGELES CENTERS FOR ALCOHOL AND DRUG ABUSE,0.16,0.099,1,11,42,100,272,2,11,33,113,266
6734,535802,5358.02,8561347.227817401,12450.17738924858,33.94086703482506,-118.20753729011784,449,"COMPATIOR, INC.",1.171,0.727,0,12,42,94,273,2,11,27,107,265
6735,535803,5358.03,4551608.7176171895,8613.453350357264,33.948092088290956,-118.21007399167787,326,LOS ANGELES CENTERS FOR ALCOHOL AND DRUG ABUSE,0.694,0.431,1,11,44,97,282,2,11,32,112,259
6736,535804,5358.04,5283458.173742542,9663.64764001067,33.94760752482318,-118.20337888507224,326,LOS ANGELES CENTERS FOR ALCOHOL AND DRUG ABUSE,0.731,0.454,2,11,40,97,278,2,11,29,113,254
6737,535901,5359.01,9046374.503064485,13206.020400135221,33.946212953272365,-118.19402021278735,449,"COMPATIOR, INC.",0.336,0.209,1,11,40,94,271,2,8,26,106,251
6738,535902,5359.02,10904590.382607087,13541.40364552452,33.93939451685565,-118.19584228388517,449,"COMPATIOR, INC.",0.445,0.276,1,10,41,89,268,1,9,27,106,249
6739,536000,5360.00,14069887.43659731,16164.207027198896,33.95487650390598,-118.19190395484831,449,"COMPATIOR, INC.",1.316,0.818,0,10,39,100,269,2,10,28,112,256
6740,536102,5361.02,33091050.538459558,27726.22494158345,33.942579239809845,-118.16812470902893,449,"COMPATIOR, INC.",2.5,1.553,0,7,34,85,243,0,7,24,95,225
6741,536103,5361.03,12705298.908021087,16304.510616898795,33.94275454348223,-118.18505941863125,449,"COMPATIOR, INC.",0.939,0.583,1,7,38,94,263,1,7,22,102,241
6742,536104,5361.04,21145108.762847207,26241.752555460276,33.94486418592361,-118.17824723002569,449,"COMPATIOR, INC.",1.573,0.978,0,7,37,88,254,1,7,23,100,240
6743,536201,5362.01,16356164.346601604,21732.999045803175,33.923749252369866,-118.17186462891615,438,"HOPE ALIVE COUNSELING CENTERS, LLC",2.39,1.485,0,9,35,80,227,0,9,23,95,209
6744,536202,5362.02,9938861.979274103,19963.964622728236,33.91549879526248,-118.1636577278543,438,"HOPE ALIVE COUNSELING CENTERS, LLC",2.864,1.779,0,9,34,79,205,0,9,21,92,191
6745,540000,5400.00,15761754.878808342,17451.2525244906,33.92205113536205,-118.18244772662983,438,"HOPE ALIVE COUNSELING CENTERS, LLC",1.474,0.916,0,10,34,84,241,1,10,24,100,217
6746,540101,5401.01,13482674.265664954,17370.70770397072,33.93105445002439,-118.1901984610812,449,"COMPATIOR, INC.",1.444,0.897,0,11,35,86,256,1,11,25,100,237
6747,540102,5401.02,13461838.396459227,15522.650315806392,33.923200209204225,-118.19419682679381,438,"HOPE ALIVE COUNSELING CENTERS, LLC",1.086,0.675,0,10,34,88,246,1,10,26,98,237
6748,540201,5402.01,2807089.8418086856,10415.367186947935,33.940738051268674,-118.21367856440038,326,LOS ANGELES CENTERS FOR ALCOHOL AND DRUG ABUSE,1.575,0.979,0,12,43,97,278,1,11,28,109,265
6749,540202,5402.02,8148659.272124109,12548.678163505912,33.93385544395036,-118.20615839461493,449,"COMPATIOR, INC.",1.462,0.908,0,11,41,91,271,1,11,27,105,252
6750,540203,5402.03,9701045.308487194,13117.263347228809,33.9275142922152,-118.2044011451807,438,"HOPE ALIVE COUNSELING CENTERS, LLC",1.808,1.124,0,12,37,86,260,0,11,26,100,248
6751,540300,5403.00,16490657.004999302,21932.050794932497,33.9335772871738,-118.2196352396599,360,SHIELDS FOR FAMILIES,1.137,0.706,0,14,46,92,275,1,13,28,107,262
6752,540400,5404.00,3655873.6875816053,8271.065172326613,33.932681440853884,-118.22825308345853,360,SHIELDS FOR FAMILIES,0.648,0.402,1,16,44,89,278,4,15,27,108,266
6753,540501,5405.01,15637864.96583258,19057.455050568107,33.924712929618856,-118.21931629842162,360,SHIELDS FOR FAMILIES,0.921,0.572,1,12,43,91,263,1,12,26,102,259
6754,540502,5405.02,6470514.386472591,11178.197266289964,33.91597012803891,-118.21360549003478,438,"HOPE ALIVE COUNSELING CENTERS, LLC",1.777,1.104,0,12,39,86,258,0,12,26,101,242
6755,540600,5406.00,10088024.401243491,12916.124560717622,33.92436314721321,-118.23412834887442,229,BHS RESPITE & RECOVERY CENTER AT MLK CAMPUS,0.478,0.297,4,16,46,87,272,4,15,28,109,261
6756,540700,5407.00,12432417.233587535,16223.02610991937,33.92542223400372,-118.245393692436,229,BHS RESPITE & RECOVERY CENTER AT MLK CAMPUS,0.609,0.378,3,15,42,92,277,4,14,31,110,266
6757,540800,5408.00,21476193.669467364,26448.5993166178,33.91813778081589,-118.25620059645577,654,HAND AT HOME LIMITED LIABILITY COMPANY,1.144,0.711,0,12,41,93,269,1,9,33,108,262
6758,540901,5409.01,12527118.744848697,15839.942587704743,33.91978167281539,-118.2736910818217,355,DARE U TO CARE OUTREACH MINISTRY,0.636,0.395,1,15,42,95,272,1,15,32,112,266
6759,540902,5409.02,27085463.52711813,20791.99621948247,33.90919470136743,-118.27376764950257,355,DARE U TO CARE OUTREACH MINISTRY,1.656,1.029,0,14,41,88,267,0,14,28,105,261
6760,541003,5410.03,65111276.68639001,36767.25937925474,33.88351571206458,-118.27444511868745,703,"UNDERSTANDING NEEDED INTEGRATION, LLC",1.515,0.941,0,8,37,81,243,1,7,24,95,231
6761,541100,5411.00,13396088.109488742,15380.304515721855,33.89847520557806,-118.26076299418153,654,HAND AT HOME LIMITED LIABILITY COMPANY,1.387,0.862,0,12,39,89,256,1,12,28,93,246
6762,541200,5412.00,22806378.40820582,23092.207557810307,33.908059845943484,-118.25444328280199,654,HAND AT HOME LIMITED LIABILITY COMPANY,0.246,0.153,1,12,42,90,262,1,12,27,104,254
6763,541300,5413.00,14593763.993632818,16295.51674695685,33.911719748701124,-118.24220322914655,654,HAND AT HOME LIMITED LIABILITY COMPANY,0.958,0.595,1,14,41,90,264,4,14,28,105,251
6764,541401,5414.01,6177579.589291781,11058.65035967525,33.915542115048936,-118.2347755854107,229,BHS RESPITE & RECOVERY CENTER AT MLK CAMPUS,0.977,0.607,3,15,43,89,261,4,14,28,103,257
6765,541402,5414.02,3724421.679276563,8434.31985945043,33.90915751985814,-118.23229286553904,229,BHS RESPITE & RECOVERY CENTER AT MLK CAMPUS,1.72,1.069,0,13,41,85,258,0,11,29,103,249
6766,541500,5415.00,9067083.280896334,13168.623564802154,33.91480479456126,-118.22714891076203,360,SHIELDS FOR FAMILIES,1.353,0.841,0,14,45,87,259,4,12,25,106,251
6767,541603,5416.03,13525821.421715327,20607.82972738031,33.91396744931108,-118.22071306990381,360,SHIELDS FOR FAMILIES,1.625,1.01,0,12,39,86,257,0,12,24,102,244
6768,541604,5416.04,8934101.196203388,12182.25918316608,33.90785290529481,-118.21192567869676,442,"HOPE ALIVE COUNSELING CENTERS, LLC",1.31,0.814,0,10,39,85,244,2,10,24,103,229
6769,541605,5416.05,9395213.714500712,14023.73944688956,33.89934907199915,-118.2100145102808,442,"HOPE ALIVE COUNSELING CENTERS, LLC",0.348,0.216,2,10,34,88,229,3,10,23,98,216
6770,541606,5416.06,3686961.594124505,8136.611806876173,33.89978989044107,-118.21831985662939,419,SOLUTION FAMILY RESOURCE CENTER,0.906,0.563,2,9,38,90,235,2,9,21,101,222
6771,541700,5417.00,15095861.850528363,17625.73069327796,33.917048273676684,-118.20337255255583,438,"HOPE ALIVE COUNSELING CENTERS, LLC",0.904,0.562,1,12,34,87,247,1,11,26,98,236
6772,541801,5418.01,7695960.581250893,12246.702701002549,33.911809276402245,-118.19468761456216,438,"HOPE ALIVE COUNSELING CENTERS, LLC",0.181,0.112,1,11,33,84,237,1,11,26,100,224
6773,541802,5418.02,11949953.26125301,14396.131142874907,33.90988455874224,-118.18668678624582,438,"HOPE ALIVE COUNSELING CENTERS, LLC",0.829,0.515,1,7,33,83,227,1,7,20,100,211
6774,542000,5420.00,10484967.144985698,13935.832606959406,33.90557563739326,-118.20317016921031,442,"HOPE ALIVE COUNSELING CENTERS, LLC",1.171,0.727,0,11,32,86,237,4,11,23,100,220
6775,542103,5421.03,6150339.297479954,11362.276141980328,33.901226803049596,-118.19650512635732,555,ALPHA & OMEGA SUBSTANCE ABUSE,0.536,0.333,1,10,32,83,224,4,10,23,98,207
6776,542104,5421.04,6250031.330319645,11046.642558210004,33.90092620631825,-118.19081359328341,555,ALPHA & OMEGA SUBSTANCE ABUSE,0.728,0.452,1,8,31,81,221,2,7,22,96,206
6777,542105,5421.05,6711569.613064561,12028.282164622695,33.89321590013213,-118.19907719939019,555,ALPHA & OMEGA SUBSTANCE ABUSE,0.426,0.265,2,8,32,82,215,3,7,22,93,204
6778,542106,5421.06,9409673.654149238,17384.894767204085,33.8926610005318,-118.18894199294277,555,ALPHA & OMEGA SUBSTANCE ABUSE,0.814,0.506,1,7,29,82,207,1,7,22,90,193
6779,542200,5422.00,14932610.41121951,16996.842032856588,33.885172421628226,-118.19676420826497,555,ALPHA & OMEGA SUBSTANCE ABUSE,1.25,0.776,0,7,31,81,204,1,7,19,86,191
6780,542401,5424.01,13922723.52657857,15743.511794190637,33.892367199219315,-118.21091575011907,419,SOLUTION FAMILY RESOURCE CENTER,0.392,0.244,2,10,34,84,220,3,10,22,96,211
6781,542402,5424.02,17936840.015079547,22961.913096073436,33.88146184893407,-118.21218481773003,419,SOLUTION FAMILY RESOURCE CENTER,1.606,0.998,0,9,33,81,211,1,8,21,89,199
6782,542501,5425.01,6299647.178939852,12013.538871945122,33.89223788009155,-118.23658161541017,654,HAND AT HOME LIMITED LIABILITY COMPANY,2.292,1.424,0,10,35,87,237,0,10,24,100,222
6783,542502,5425.02,10710026.54073153,14205.219282875989,33.892526674790005,-118.2261300264934,419,SOLUTION FAMILY RESOURCE CENTER,1.551,0.964,0,10,38,88,230,1,10,23,101,220
6784,542601,5426.01,5920248.25289284,10539.977713158441,33.90581456735377,-118.22662978565762,419,SOLUTION FAMILY RESOURCE CENTER,1.914,1.19,0,10,39,87,250,0,9,23,102,234
6785,542602,5426.02,9372005.236475328,12375.122868957034,33.89961066116137,-118.22632173222998,419,SOLUTION FAMILY RESOURCE CENTER,1.585,0.985,0,10,38,89,242,1,10,23,103,229
6786,542700,5427.00,10727727.0979101,13611.631509816014,33.90074035142235,-118.23697360430863,654,HAND AT HOME LIMITED LIABILITY COMPANY,1.621,1.007,0,11,36,88,251,0,11,29,103,235
6787,542800,5428.00,8516084.519227978,11847.479936229975,33.8995952877793,-118.24740089381535,654,HAND AT HOME LIMITED LIABILITY COMPANY,1.072,0.666,0,12,39,89,253,1,12,29,98,239
6788,542900,5429.00,8688773.07175803,14279.129449457503,33.89188354758713,-118.2453774137992,654,HAND AT HOME LIMITED LIABILITY COMPANY,1.942,1.207,0,10,36,85,241,0,10,29,100,228
6789,543000,5430.00,14154354.915970035,15227.112542570447,33.89067275284041,-118.25827474668627,654,HAND AT HOME LIMITED LIABILITY COMPANY,2.07,1.286,0,10,36,84,245,0,9,24,97,235
6790,543100,5431.00,31111918.83600013,25651.462888843613,33.88104256960688,-118.25390818485744,703,"UNDERSTANDING NEEDED INTEGRATION, LLC",1.376,0.855,0,8,34,81,234,1,5,24,96,219
6791,543201,5432.01,10876948.349992346,13363.853108087043,33.88468418094709,-118.23440645413196,419,SOLUTION FAMILY RESOURCE CENTER,2.585,1.606,0,10,34,82,223,0,9,23,97,214
6792,543203,5432.03,39882812.56075778,34167.52290706665,33.87767799919901,-118.23223891934602,419,SOLUTION FAMILY RESOURCE CENTER,2.888,1.795,0,6,37,78,216,0,5,22,93,208
6793,543304,5433.04,17333054.087016333,16704.725982037835,33.852252934870464,-118.24136837292909,250,PALM HOUSE RECOVERY HOME,2.543,1.58,0,2,35,83,191,0,2,21,92,167
6794,543305,5433.05,90279146.42108352,38293.5747361552,33.860252611252186,-118.21993150780429,250,PALM HOUSE RECOVERY HOME,2.918,1.813,0,8,37,76,186,0,8,20,91,170
6795,543306,5433.06,38418657.9197067,28581.615874515366,33.83244443299209,-118.23904326791232,250,PALM HOUSE RECOVERY HOME,1.371,0.852,0,3,27,77,152,1,2,19,83,139
6796,543321,5433.21,45791011.444599085,30124.406016997098,33.864891987397854,-118.25212252562436,703,"UNDERSTANDING NEEDED INTEGRATION, LLC",1.441,0.896,0,4,35,88,207,1,3,21,97,202
6797,543322,5433.22,21143078.420427706,18335.984800452825,33.852552965880676,-118.25697252516707,703,"UNDERSTANDING NEEDED INTEGRATION, LLC",2.335,1.451,0,4,35,88,197,0,3,15,95,178
6798,543400,5434.00,33454102.09179251,27062.51052060516,33.85613371930859,-118.27274285938091,703,"UNDERSTANDING NEEDED INTEGRATION, LLC",1.968,1.223,0,4,35,88,203,0,4,15,95,190
6799,543501,5435.01,28710611.23385376,34677.29189738031,33.840071256060455,-118.28334985807695,222,NATIONAL COUNCIL ON ALCOHOLISM & DRUG DEPENDENCE OF THE SOUTH BAY,3.194,1.985,0,4,29,80,179,0,4,14,86,162
6800,543502,5435.02,12074395.59941568,15819.245280674699,33.84174198836951,-118.29370866691075,222,NATIONAL COUNCIL ON ALCOHOLISM & DRUG DEPENDENCE OF THE SOUTH BAY,2.312,1.436,0,4,24,80,183,0,4,15,85,172
6801,543503,5435.03,18038367.2476626,20163.686179453278,33.83166448811242,-118.29244015051576,222,NATIONAL COUNCIL ON ALCOHOLISM & DRUG DEPENDENCE OF THE SOUTH BAY,2.336,1.451,0,3,25,74,169,0,3,16,84,151
6802,543601,5436.01,6995154.338021965,10907.781656654026,33.821647090804404,-118.28143378275902,222,NATIONAL COUNCIL ON ALCOHOLISM & DRUG DEPENDENCE OF THE SOUTH BAY,3.641,2.262,0,3,35,73,146,0,2,12,78,135
6803,543603,5436.03,15912602.66265493,17543.137583889842,33.80447673649496,-118.29380883431716,215,WILMINGTON COMMUNITY RECOVERY CENTER,3.311,2.057,0,3,34,66,126,0,3,21,72,117
6804,543605,5436.05,10295711.086222162,13204.547145837114,33.81497751669026,-118.29261795387355,222,NATIONAL COUNCIL ON ALCOHOLISM & DRUG DEPENDENCE OF THE SOUTH BAY,3.197,1.986,0,2,36,68,142,0,2,12,74,129
6805,543606,5436.06,7212259.5705511,11257.699196081598,33.821723924016126,-118.29320049175118,222,NATIONAL COUNCIL ON ALCOHOLISM & DRUG DEPENDENCE OF THE SOUTH BAY,2.681,1.666,0,3,34,69,149,0,3,13,77,138
6806,543607,5436.07,14260154.071298584,14960.764953854256,33.81342099485755,-118.28133027718061,215,WILMINGTON COMMUNITY RECOVERY CENTER,3.163,1.966,0,2,39,72,135,0,2,12,74,130
6807,543701,5437.01,6840817.632018304,11169.867234614532,33.8216456651708,-118.26970921753146,215,WILMINGTON COMMUNITY RECOVERY CENTER,3.634,2.258,0,3,35,73,142,0,3,14,80,133
6808,543703,5437.03,11159725.94263789,13580.869654952405,33.803525579460015,-118.26991178643192,215,WILMINGTON COMMUNITY RECOVERY CENTER,1.694,1.053,0,3,33,72,125,0,3,23,73,118
6809,543704,5437.04,7204983.792662138,15457.13608514556,33.81227553473533,-118.27181663069003,215,WILMINGTON COMMUNITY RECOVERY CENTER,2.668,1.658,0,3,34,72,133,0,2,15,75,126
6810,543705,5437.05,6956205.424651834,10921.24377016456,33.81491169970972,-118.26746746670499,215,WILMINGTON COMMUNITY RECOVERY CENTER,2.862,1.778,0,4,33,74,133,0,2,14,76,126
6811,543801,5438.01,23724216.92304525,22472.594715260428,33.841069310142245,-118.27353572667872,703,"UNDERSTANDING NEEDED INTEGRATION, LLC",3.592,2.232,0,5,34,81,179,0,5,14,89,160
6812,543803,5438.03,8134672.247458598,15554.45518624568,33.830526614909196,-118.2671937527892,250,PALM HOUSE RECOVERY HOME,3.978,2.472,0,4,29,77,156,0,4,14,82,141
6813,543804,5438.04,6461840.553251435,12895.607818455104,33.82788163430425,-118.27292898746752,222,NATIONAL COUNCIL ON ALCOHOLISM & DRUG DEPENDENCE OF THE SOUTH BAY,4.184,2.6,0,4,30,75,157,0,3,12,82,138
6814,543903,5439.03,14602751.751048345,21544.62396998912,33.828913391212694,-118.25720104693929,250,PALM HOUSE RECOVERY HOME,3.091,1.921,0,3,28,78,149,0,2,14,82,140
6815,543905,5439.05,29538912.134788807,24257.624707520496,33.81614730968443,-118.25629550510138,215,WILMINGTON COMMUNITY RECOVERY CENTER,3.029,1.882,0,4,36,75,134,0,3,16,78,127
6816,544001,5440.01,20161641.322116222,19683.78928617822,33.840113091747185,-118.21599185743922,250,PALM HOUSE RECOVERY HOME,1.01,0.628,0,4,38,75,154,1,3,19,81,143
6817,544002,5440.02,17205469.053493235,21176.332068360196,33.83043571195951,-118.21605771369865,250,PALM HOUSE RECOVERY HOME,0.877,0.545,1,8,34,73,142,1,6,21,79,138
6818,550101,5501.01,7730051.967992846,11296.578134243118,33.92785358746336,-118.07706213834643,320,L.A. CADA,1.211,0.753,0,8,22,49,137,2,8,17,52,124
6819,550201,5502.01,5697803.70890887,11919.799708055676,33.92785110000473,-118.08415970162109,320,L.A. CADA,1.848,1.148,0,8,23,51,146,0,8,17,54,128
6820,550202,5502.02,13564231.579585085,16690.672844337147,33.92127510010939,-118.08971637794545,328,L.A. CADA - OUTPATIENT,2.545,1.581,0,7,23,48,138,0,7,16,58,130
6821,550301,5503.01,17817508.172463007,17478.431154659927,33.923938919351464,-118.10468412601716,328,L.A. CADA - OUTPATIENT,2.616,1.626,0,9,27,53,149,0,9,14,63,141
6822,550501,5505.01,9588422.277989572,17036.906872854976,33.952678249216994,-118.10215857152167,328,L.A. CADA - OUTPATIENT,1.456,0.905,0,8,28,58,185,1,8,21,67,170
6823,550502,5505.02,19125743.896975122,19230.217326859325,33.94815556283712,-118.10760509621282,328,L.A. CADA - OUTPATIENT,1.668,1.037,0,7,28,56,183,0,7,19,68,169
6824,550601,5506.01,12616466.501597643,14580.34277681688,33.962273990199,-118.11717034454125,371,SPIRITT FAMILY SERVICES,3.145,1.954,0,5,28,70,200,0,5,22,79,191
6825,550602,5506.02,15898558.642476844,16653.95144649709,33.955129644129144,-118.12237553397796,231,POSITIVE STEPS,2.272,1.412,0,5,30,69,197,0,5,21,81,189
6826,550700,5507.00,23986263.098686248,22073.99517628604,33.96418428829001,-118.13128351104767,371,SPIRITT FAMILY SERVICES,1.827,1.135,0,8,31,75,225,0,8,18,83,201
6827,550801,5508.01,17083726.71158548,17087.372721008724,33.95080854328719,-118.13921698945765,235,DRUG AND ALCOHOL COUNSELING SERVICES,1.184,0.736,0,5,34,76,222,1,5,18,83,191
6828,550802,5508.02,14121380.26843909,16711.952000317677,33.953524366083755,-118.14967776680317,371,SPIRITT FAMILY SERVICES,1.387,0.862,0,7,35,77,239,1,6,18,89,215
6829,550901,5509.01,12117455.501472048,15191.963214139785,33.94206550762692,-118.12898592474741,231,POSITIVE STEPS,0.71,0.441,2,5,35,67,188,2,5,20,75,177
6830,550902,5509.02,10415455.570721861,14238.101301625617,33.94772070370886,-118.12519856628403,231,POSITIVE STEPS,1.427,0.887,0,5,33,66,197,2,5,19,77,179
6831,551001,5510.01,15498171.196155498,20744.78007467334,33.93514154960542,-118.11154237785755,231,POSITIVE STEPS,2.037,1.266,0,7,32,56,167,0,6,18,64,160
6832,551002,5510.02,10462782.361821499,14631.77212365557,33.94142858860176,-118.1143348956513,231,POSITIVE STEPS,1.84,1.144,0,7,29,59,176,0,7,18,67,166
6833,551101,5511.01,18153094.369465113,22027.86330323097,33.921826168275715,-118.12623956088984,231,POSITIVE STEPS,1.806,1.123,0,5,28,62,166,0,4,18,70,153
6834,551102,5511.02,18174743.164727412,20645.4229427278,33.926746392860395,-118.11759090633953,231,POSITIVE STEPS,1.854,1.152,0,7,28,59,169,0,5,17,67,149
6835,551201,5512.01,8490020.761779387,12891.187062507503,33.928087651381034,-118.1453233064762,235,DRUG AND ALCOHOL COUNSELING SERVICES,1.447,0.899,0,6,32,64,200,2,4,22,81,175
6836,551203,5512.03,7780195.072703,12034.689432976395,33.921801024498485,-118.139550607278,231,POSITIVE STEPS,1.769,1.099,0,3,31,65,188,0,3,20,77,165
6837,551204,5512.04,7301476.415816507,12369.848513660829,33.92753247860181,-118.13663538211095,231,POSITIVE STEPS,1.081,0.672,0,5,34,67,185,2,5,21,74,166
6838,551300,5513.00,16471438.465091668,16647.276111411476,33.93528444205614,-118.13392384778872,231,POSITIVE STEPS,0.184,0.114,2,5,36,65,188,2,4,19,74,176
6839,551401,5514.01,7795514.07536664,11651.46257065691,33.94404897926739,-118.15599651137411,235,DRUG AND ALCOHOL COUNSELING SERVICES,1.583,0.984,0,7,36,77,230,1,6,24,92,209
6840,551402,5514.02,12442400.796348404,13893.241075494096,33.941463040438244,-118.14599704660915,235,DRUG AND ALCOHOL COUNSELING SERVICES,0.618,0.384,1,4,36,72,208,2,4,19,86,191
6841,551501,5515.01,15877385.34898593,18345.096662193988,33.935647047655124,-118.15797897924709,235,DRUG AND ALCOHOL COUNSELING SERVICES,1.779,1.105,0,6,35,75,225,0,5,23,90,198
6842,551502,5515.02,11852243.93933347,18384.382145211617,33.92707338892276,-118.15275738123995,235,DRUG AND ALCOHOL COUNSELING SERVICES,1.902,1.182,0,6,34,66,208,0,5,21,89,178
6843,551700,5517.00,13962882.731576666,15848.295790300708,33.917243661066536,-118.14744512921735,231,POSITIVE STEPS,2.536,1.576,0,5,33,68,190,0,5,21,84,179
6844,551801,5518.01,12280690.79389497,14534.264941037647,33.913114632564955,-118.13302875297445,231,POSITIVE STEPS,2.646,1.644,0,4,32,66,175,0,4,18,76,155
6845,551802,5518.02,11722001.68515315,14318.093459150414,33.91335420507237,-118.1180831793739,247,LITTLE HOUSE,2.948,1.832,0,7,29,59,157,0,6,17,70,144
6846,551900,5519.00,16894515.03098727,17346.146364458404,33.91014267966511,-118.10456978631318,247,LITTLE HOUSE,3.222,2.002,0,9,27,54,140,0,9,14,64,131
6847,552001,5520.01,8641585.174422583,12380.487664296863,33.91237122979455,-118.09519003570925,398,HELPLINE YOUTH COUNSELING ,2.601,1.616,0,8,26,53,134,0,8,15,57,129
6848,552002,5520.02,7606499.417710453,11571.53409711898,33.91320403519982,-118.0864971536977,398,HELPLINE YOUTH COUNSELING ,1.902,1.182,0,7,24,48,131,0,7,15,56,123
6849,552100,5521.00,15736279.350624328,17538.22416196692,33.90547658621362,-118.0880913178192,398,HELPLINE YOUTH COUNSELING ,1.812,1.126,0,7,24,52,129,0,7,14,57,122
6850,552200,5522.00,18191295.724164102,22322.372162488486,33.908873263488914,-118.07405265106947,398,HELPLINE YOUTH COUNSELING ,0.677,0.421,2,7,23,43,122,2,7,15,52,117
6851,552301,5523.01,13446807.573196754,17382.49992172205,33.91264723331158,-118.06486297691345,398,HELPLINE YOUTH COUNSELING ,0.921,0.573,2,8,21,41,120,2,7,16,45,110
6852,552302,5523.02,10350115.077997183,15066.88327261132,33.9065240019034,-118.05778468887524,398,HELPLINE YOUTH COUNSELING ,1.002,0.623,0,5,20,40,113,2,5,16,44,107
6853,552400,5524.00,10035510.16798666,15598.798992225747,33.8991555007479,-118.04989233808466,398,HELPLINE YOUTH COUNSELING ,1.83,1.137,0,5,20,37,107,0,5,14,42,96
6854,552601,5526.01,7657744.433419648,11109.53324980094,33.89130648446484,-118.07763850837557,398,HELPLINE YOUTH COUNSELING ,1.734,1.078,0,5,21,46,118,0,5,14,58,113
6855,552602,5526.02,14796886.625437908,16639.46635136065,33.89123572802683,-118.06395181300174,398,HELPLINE YOUTH COUNSELING ,1.578,0.98,0,4,21,41,112,2,4,11,46,104
6856,552700,5527.00,14805976.512249388,16500.31038630422,33.89859473089743,-118.07321601655654,398,HELPLINE YOUTH COUNSELING ,0.829,0.515,2,4,23,43,117,2,4,14,52,113
6857,552800,5528.00,13926657.467483252,15865.659636622435,33.89848200032208,-118.09120410823235,398,HELPLINE YOUTH COUNSELING ,2.217,1.378,0,5,23,54,127,0,5,13,61,118
6858,552900,5529.00,14101549.041592553,16008.335601867037,33.89121500131195,-118.09116541556976,398,HELPLINE YOUTH COUNSELING ,2.59,1.61,0,4,22,54,132,0,3,16,64,118
6859,553000,5530.00,13675967.853245102,16319.543736297263,33.89460205674105,-118.10408502238981,247,LITTLE HOUSE,2.235,1.389,0,3,24,61,142,0,3,15,67,131
6860,553100,5531.00,22121672.0296971,22766.250055767716,33.89044506353071,-118.11255199349186,247,LITTLE HOUSE,1.355,0.842,0,4,24,66,149,1,4,17,70,139
6861,553201,5532.01,11162770.508893458,15658.9428774363,33.90603863111126,-118.12629628978026,247,LITTLE HOUSE,2.02,1.255,0,4,27,67,160,0,4,18,73,155
6862,553202,5532.02,9518705.908515045,12855.260501010525,33.906075494209325,-118.1141624072502,247,LITTLE HOUSE,2.341,1.454,0,6,25,59,154,0,6,16,70,136
6863,553300,5533.00,9051052.13923929,14219.734338528891,33.904381569221805,-118.1392935026006,247,LITTLE HOUSE,2.162,1.344,0,4,30,69,172,0,4,19,81,162
6864,553400,5534.00,7892688.531685799,11760.462130138612,33.90824000983546,-118.14719388531978,247,LITTLE HOUSE,2.938,1.826,0,6,31,71,184,0,6,20,85,170
6865,553502,5535.02,13623335.550404985,15451.849902990898,33.90000387110539,-118.1515817711548,537,LONG BEACH MCRP,2.55,1.584,0,7,31,72,179,0,7,19,85,168
6866,553503,5535.03,4556093.5754433945,9558.944979247042,33.91305074275801,-118.15413079914688,231,POSITIVE STEPS,3.264,2.028,0,6,34,74,191,0,6,22,87,181
6867,553504,5535.04,6868830.487337314,13796.501696382045,33.906743642499194,-118.15546644351666,537,LONG BEACH MCRP,3.064,1.904,0,6,31,76,191,0,6,22,88,176
6868,553601,5536.01,23414587.02078551,28174.302368818808,33.90534399881725,-118.16978942794407,438,"HOPE ALIVE COUNSELING CENTERS, LLC",2.459,1.528,0,10,34,82,203,0,7,19,92,190
6869,553602,5536.02,6496310.164056582,11048.158782569153,33.90897906228478,-118.16444071222536,438,"HOPE ALIVE COUNSELING CENTERS, LLC",2.826,1.756,0,9,36,81,200,0,9,19,89,189
6870,553701,5537.01,11796992.04030938,18847.623428610037,33.90422833217701,-118.17808417427092,438,"HOPE ALIVE COUNSELING CENTERS, LLC",1.835,1.14,0,7,35,84,210,0,6,20,93,197
6871,553702,5537.02,10009757.053062856,19049.433695648033,33.897332046813204,-118.18239160275849,555,ALPHA & OMEGA SUBSTANCE ABUSE,1.308,0.813,0,6,33,82,208,1,6,21,92,194
6872,553801,5538.01,13938320.145221453,15855.234613734205,33.89270968932713,-118.16874179442469,537,LONG BEACH MCRP,1.335,0.829,0,8,29,77,186,1,7,20,90,177
6873,553802,5538.02,19012669.073117107,24460.14990577869,33.88621684932228,-118.17278346704173,537,LONG BEACH MCRP,0.82,0.51,1,8,29,74,184,1,8,21,87,171
6874,553901,5539.01,13751249.906039335,15765.388902234617,33.892808481840966,-118.15143569529155,537,LONG BEACH MCRP,1.941,1.206,0,6,29,74,175,0,6,18,84,165
6875,553902,5539.02,11365367.251681488,14750.993817795483,33.88514499982197,-118.15310075856628,537,LONG BEACH MCRP,1.346,0.837,0,7,30,70,170,1,6,15,82,162
6876,554001,5540.01,11655206.388287665,16116.588796273472,33.899068661483376,-118.13224505301923,247,LITTLE HOUSE,1.338,0.832,0,4,25,70,165,1,4,21,75,156
6877,554002,5540.02,13667447.43652989,20544.12159420981,33.89227695907503,-118.1336443163371,247,LITTLE HOUSE,0.791,0.492,1,5,24,69,163,1,4,20,75,153
6878,554101,5541.01,5101466.372330062,12582.307456766343,33.89281531292113,-118.12361338312105,247,LITTLE HOUSE,0.628,0.39,1,4,24,69,155,1,3,19,73,148
6879,554105,5541.05,3629641.763009561,10099.873951769434,33.88605395262242,-118.11986557491807,247,LITTLE HOUSE,0.681,0.423,1,3,24,64,150,1,3,17,70,143
6880,554106,5541.06,7890983.959408365,14111.31494561447,33.89644287392715,-118.11987949088848,247,LITTLE HOUSE,1.152,0.716,0,6,24,68,155,1,3,17,73,144
6881,554201,5542.01,10454205.519872174,13186.030158768908,33.88385100447927,-118.1382862028356,247,LITTLE HOUSE,1.142,0.71,0,4,25,65,161,1,4,17,74,153
6882,554203,5542.03,7366132.406980364,13835.19882432814,33.88022424616286,-118.12472554010112,247,LITTLE HOUSE,0.874,0.543,1,4,23,62,149,1,4,19,70,142
6883,554204,5542.04,7097729.204417489,12961.79004260921,33.88475232420567,-118.12859608474838,247,LITTLE HOUSE,0.381,0.237,1,4,23,67,155,1,4,19,71,149
6884,554301,5543.01,7272514.621859626,14242.744056912506,33.88226743051137,-118.14562154295265,247,LITTLE HOUSE,1.837,1.141,0,5,29,66,166,0,4,16,75,153
6885,554302,5543.02,7740679.100898254,11136.983833788241,33.87297212639397,-118.14692161456686,537,LONG BEACH MCRP,2.026,1.259,0,6,26,64,159,0,5,14,72,151
6886,554403,5544.03,9049817.83751206,12198.656097954166,33.87369699976263,-118.13823335194532,247,LITTLE HOUSE,1.892,1.176,0,6,25,63,156,0,5,16,70,145
6887,554404,5544.04,9061611.878858097,12142.561310402461,33.873728301933376,-118.12953960301985,247,LITTLE HOUSE,1.592,0.989,0,6,25,61,151,1,5,16,68,142
6888,554405,5544.05,8240568.983367855,11740.794942105467,33.8737650290394,-118.12122682296216,247,LITTLE HOUSE,1.654,1.028,0,6,22,59,144,0,5,13,66,139
6889,554406,5544.06,11876860.725929638,15944.13989328861,33.87261734372755,-118.11252501981602,247,LITTLE HOUSE,2.154,1.339,0,4,22,59,139,0,3,13,62,136
6890,554511,5545.11,25497631.01245441,19924.684995407144,33.879936320561214,-118.03828503925315,398,HELPLINE YOUTH COUNSELING ,3.934,2.445,0,2,17,32,86,0,2,7,37,83
6891,554512,5545.12,41263313.84456089,26498.54749324221,33.87675719984594,-118.05517981536335,398,HELPLINE YOUTH COUNSELING ,3.363,2.09,0,2,16,39,97,0,2,8,43,88
6892,554513,5545.13,6103014.105421648,10499.481523255983,33.883620023409215,-118.06812341802505,398,HELPLINE YOUTH COUNSELING ,2.369,1.472,0,2,20,42,112,0,2,12,53,103
6893,554514,5545.14,16217395.053022476,21747.98974827977,33.87411771490194,-118.06966818862362,398,HELPLINE YOUTH COUNSELING ,3.427,2.129,0,2,19,43,111,0,2,10,53,97
6894,554515,5545.15,13014977.535948182,16355.345783147897,33.85208429339848,-118.07742342540547,340,GRATITUDE LODGE,4.992,3.102,0,1,15,47,111,0,0,7,49,102
6895,554516,5545.16,15649964.176654989,21523.371304427976,33.85531889070541,-118.06729164687873,398,HELPLINE YOUTH COUNSELING ,5.516,3.428,0,0,14,47,106,0,0,7,49,94
6896,554517,5545.17,14229624.62318664,15920.215238084504,33.86234148454462,-118.05490266735566,398,HELPLINE YOUTH COUNSELING ,4.897,3.043,0,2,14,41,91,0,0,9,48,86
6897,554518,5545.18,19455070.389697198,21288.719501982516,33.867840117305335,-118.03895510883792,398,HELPLINE YOUTH COUNSELING ,4.942,3.071,0,2,15,32,85,0,0,6,40,81
6898,554519,5545.19,18662536.46691815,19583.32979666379,33.853313718131055,-118.05625125301154,398,HELPLINE YOUTH COUNSELING ,5.848,3.634,0,0,11,44,98,0,0,7,47,81
6899,554521,5545.21,53255326.41345365,38697.03370490216,33.8718939427785,-118.0996950040394,247,LITTLE HOUSE,3.077,1.912,0,4,20,58,136,0,4,11,60,126
6900,554522,5545.22,23609086.254910007,20804.270857805164,33.852452149629606,-118.09265517690532,384,"POSITIVE STEPS, INC.",3.779,2.348,0,3,16,47,116,0,3,9,56,110
6901,554600,5546.00,11352386.41693432,14572.420917287633,33.88364560409154,-118.08929077395206,398,HELPLINE YOUTH COUNSELING ,3.048,1.894,0,3,21,54,128,0,3,15,63,115
6902,554700,5547.00,8627202.768234078,13803.126476771,33.88429930870614,-118.07689481296781,398,HELPLINE YOUTH COUNSELING ,2.421,1.504,0,3,19,47,115,0,3,12,58,112
6903,554801,5548.01,9729546.523115104,15143.683468901278,33.876836285684426,-118.0832724156933,398,HELPLINE YOUTH COUNSELING ,3.409,2.118,0,3,19,53,125,0,3,12,58,114
6904,554802,5548.02,16528832.74083324,19175.121144681885,33.86939918133682,-118.08070181004253,398,HELPLINE YOUTH COUNSELING ,4.108,2.553,0,3,19,49,121,0,3,9,57,107
6905,554900,5549.00,18920995.035241645,25776.21627765935,33.86126926466389,-118.0792468295112,398,HELPLINE YOUTH COUNSELING ,4.955,3.079,0,2,17,48,113,0,0,9,52,107
6906,555001,5550.01,13869127.84841562,17435.415983069932,33.843133055344865,-118.08882646536436,340,GRATITUDE LODGE,3.592,2.232,0,3,16,46,112,0,3,9,48,106
6907,555002,5550.02,9800320.22009676,12798.668702818715,33.83506035306929,-118.0878916325245,340,GRATITUDE LODGE,3.388,2.105,0,4,17,41,109,0,4,10,47,99
6908,555105,5551.05,11847002.30197706,18475.845945281086,33.84213990050793,-118.07569240775372,340,GRATITUDE LODGE,4.679,2.907,0,2,14,45,106,0,1,7,49,97
6909,555106,5551.06,9492930.03705746,14600.274302153124,33.834805542235486,-118.0743725133973,340,GRATITUDE LODGE,4.615,2.868,0,2,13,43,100,0,1,8,45,93
6910,555107,5551.07,13646789.669859124,18334.58622878479,33.83958106622681,-118.06434601750495,340,GRATITUDE LODGE,5.619,3.492,0,0,10,44,97,0,0,7,46,90
6911,555202,5552.02,11886564.079483677,17710.931611025742,33.820800540258375,-118.07301132623698,501,FAITH RECOVERY ,4.245,2.638,0,2,13,37,93,0,2,6,42,88
6912,555211,5552.11,8460731.042479658,11821.079237739585,33.82766011055824,-118.07682678064603,340,GRATITUDE LODGE,4.348,2.702,0,3,13,41,98,0,3,6,43,92
6913,555212,5552.12,8717767.05098893,14099.762139123086,33.828090127165574,-118.0672908704025,501,FAITH RECOVERY ,5.176,3.216,0,0,11,39,93,0,0,5,44,88
6914,555300,5553.00,18420967.333734855,20623.774108703732,33.92210538884695,-118.07160762142988,322,ALLEN HOUSE,1.134,0.705,0,8,22,43,128,2,8,17,51,119
6915,570001,5700.01,16496177.217663663,17436.42260279487,33.86347084866338,-118.1171141864597,384,"POSITIVE STEPS, INC.",1.912,1.188,0,6,25,56,139,0,5,11,60,131
6916,570002,5700.02,8377397.286276632,11629.553925940849,33.86466246060366,-118.12948515576039,384,"POSITIVE STEPS, INC.",1.347,0.837,0,6,27,57,147,1,6,13,68,134
6917,570003,5700.03,12320969.740174595,14213.518103848844,33.864615783198055,-118.14023849674102,384,"POSITIVE STEPS, INC.",1.427,0.887,0,7,28,61,148,1,7,14,67,142
6918,570100,5701.00,12426468.198008996,14656.53941388617,33.864467649299456,-118.15323337317093,325,LOS ANGELES CENTERS FOR ALCOHOL AND DRUG ABUSE,1.488,0.925,0,8,29,63,155,1,7,14,69,146
6919,570202,5702.02,18008239.05750408,19080.64035529596,33.87943152141181,-118.17851595374617,537,LONG BEACH MCRP,1.1,0.683,0,8,27,72,179,1,7,22,84,171
6920,570203,5702.03,14011934.40694742,15898.427388495358,33.878331723811826,-118.16001989261952,537,LONG BEACH MCRP,0.678,0.421,1,8,29,67,170,1,6,16,78,160
6921,570204,5702.04,5900050.974903945,9857.764320164857,33.8716376900671,-118.15562506717424,537,LONG BEACH MCRP,1.447,0.899,0,6,30,65,161,1,6,15,76,153
6922,570303,5703.03,6631187.677419068,11564.95822763545,33.85994778044527,-118.19192435346694,294,"TARZANA TREATMENT CENTERS, INC.",1.293,0.804,0,8,31,69,164,1,8,20,76,158
6923,570304,5703.04,6152458.77302892,13783.281992174649,33.85604038377693,-118.19319591009383,294,"TARZANA TREATMENT CENTERS, INC.",1.061,0.659,0,8,34,68,161,1,8,20,82,155
6924,570305,5703.05,7943279.370063616,17669.666109901475,33.87203826640662,-118.18907835011362,325,LOS ANGELES CENTERS FOR ALCOHOL AND DRUG ABUSE,2.213,1.375,0,8,29,71,180,0,8,21,81,167
6925,570306,5703.06,5015497.1063601915,8854.79184122496,33.86447173364291,-118.18913494733644,294,"TARZANA TREATMENT CENTERS, INC.",1.637,1.017,0,8,30,70,169,0,8,21,75,159
6926,570402,5704.02,16319231.455018537,20197.399910465127,33.868703834514555,-118.19854010378494,294,"TARZANA TREATMENT CENTERS, INC.",2.442,1.517,0,9,32,72,183,0,8,19,80,170
6927,570403,5704.03,6141175.099242712,10564.974188175269,33.87787256083905,-118.20449674096774,419,SOLUTION FAMILY RESOURCE CENTER,2.049,1.273,0,7,34,79,200,0,7,18,84,185
6928,570404,5704.04,9317557.889247153,15596.866594152205,33.877624808310145,-118.19609895204917,555,ALPHA & OMEGA SUBSTANCE ABUSE,2.089,1.298,0,7,33,77,198,0,7,18,84,178
6929,570502,5705.02,21506057.952946793,19952.45145998853,33.86747514150475,-118.16681418836114,325,LOS ANGELES CENTERS FOR ALCOHOL AND DRUG ABUSE,0.713,0.443,1,7,34,67,163,2,7,14,73,155
6930,570503,5705.03,5801545.4583656015,9875.967495438153,33.86463477031717,-118.18022107917083,325,LOS ANGELES CENTERS FOR ALCOHOL AND DRUG ABUSE,1.109,0.689,0,8,31,68,164,1,8,16,73,157
6931,570504,5705.04,10194101.783808706,12940.729000261332,33.87100902020932,-118.17938108730279,325,LOS ANGELES CENTERS FOR ALCOHOL AND DRUG ABUSE,1.45,0.901,0,9,30,71,172,2,8,20,74,161
6932,570601,5706.01,8401349.30948551,12356.328564608692,33.85694504773687,-118.180997058967,294,"TARZANA TREATMENT CENTERS, INC.",0.777,0.483,1,7,35,66,158,2,7,19,72,147
6933,570602,5706.02,11223312.122345159,14077.578542491674,33.85616079855701,-118.17294492005848,325,LOS ANGELES CENTERS FOR ALCOHOL AND DRUG ABUSE,0.683,0.425,1,7,36,64,154,2,5,17,72,147
6934,570603,5706.03,7908006.534359305,12116.933603792471,33.8571761095178,-118.16233263344732,325,LOS ANGELES CENTERS FOR ALCOHOL AND DRUG ABUSE,0.76,0.473,1,8,31,63,152,1,8,16,69,144
6935,570701,5707.01,19149170.81957211,21080.575549839967,33.853908028722124,-118.14907703387502,384,"POSITIVE STEPS, INC.",1.435,0.892,0,8,31,57,145,1,8,18,66,136
6936,570703,5707.03,10008460.232959881,13310.784135423757,33.850587666329325,-118.16130747294933,325,LOS ANGELES CENTERS FOR ALCOHOL AND DRUG ABUSE,1.383,0.859,0,7,31,57,147,1,7,22,66,138
6937,570800,5708.00,25773973.621922065,20441.317827451425,33.853562468759065,-118.13380017396432,384,"POSITIVE STEPS, INC.",0.062,0.039,1,7,29,54,140,1,7,13,62,133
6938,570901,5709.01,19544560.525634166,18513.694194053085,33.85243833308449,-118.10897643892311,384,"POSITIVE STEPS, INC.",2.272,1.412,0,4,21,53,125,0,4,12,57,116
6939,570902,5709.02,11365545.669330228,14170.021084092134,33.85323621843432,-118.12109164298505,384,"POSITIVE STEPS, INC.",1.152,0.716,0,5,27,52,134,1,5,13,59,127
6940,571000,5710.00,18883494.75002852,17797.5783949444,33.83883657567245,-118.10163795125362,340,GRATITUDE LODGE,2.32,1.442,0,4,19,43,114,0,4,13,55,108
6941,571101,5711.01,14249746.359484082,15900.587146137208,33.84328333222232,-118.11631138706015,585,"AKUA BEHAVIORAL HEALTH, INC.",1.57,0.976,0,3,25,50,121,1,3,13,54,114
6942,571102,5711.02,13537623.479373276,15649.785579232957,33.83597159206873,-118.11635057255337,340,GRATITUDE LODGE,1.031,0.64,0,4,27,49,118,2,4,15,53,112
6943,571201,5712.01,14049861.35910804,15898.141880542382,33.83596225884024,-118.13371629026102,585,"AKUA BEHAVIORAL HEALTH, INC.",0.685,0.426,1,7,30,49,127,2,5,20,53,118
6944,571202,5712.02,14076474.86879843,16101.969478386161,33.84321876460346,-118.13355851959476,384,"POSITIVE STEPS, INC.",1.092,0.678,0,5,31,50,134,2,5,16,55,124
6945,571300,5713.00,22571659.553844832,19074.684905379472,33.83952822274672,-118.14940874856711,384,"POSITIVE STEPS, INC.",2.097,1.303,0,7,29,52,137,0,6,22,57,130
6946,571400,5714.00,20659473.033855226,24614.602902557795,33.83626388374251,-118.15938427174892,466,ROOTS THROUGH RECOVERY,2.496,1.551,0,7,29,53,136,0,7,25,64,131
6947,571502,5715.02,14822500.30069351,16163.240735602534,33.842189776490756,-118.18423978278099,294,"TARZANA TREATMENT CENTERS, INC.",0.913,0.567,1,7,32,65,145,2,6,24,80,142
6948,571504,5715.04,16273015.10339565,16683.963064429856,33.83870602229341,-118.16981119045242,466,ROOTS THROUGH RECOVERY,1.728,1.074,0,8,30,56,141,0,8,26,69,134
6949,571505,5715.05,7059647.86246008,11043.663649139564,33.84723574462844,-118.17238688738196,294,"TARZANA TREATMENT CENTERS, INC.",1.122,0.697,0,7,30,58,147,2,6,23,73,141
6950,571600,5716.00,3110452.6227323613,9709.991177221653,33.84987637405234,-118.18139491043074,294,"TARZANA TREATMENT CENTERS, INC.",0.241,0.15,1,6,35,64,152,1,6,21,79,145
6951,571701,5717.01,20578554.482813384,24661.237414877498,33.84856718975369,-118.20043921200883,294,"TARZANA TREATMENT CENTERS, INC.",1.538,0.956,0,5,35,74,157,1,5,20,85,147
6952,571703,5717.03,4278800.197629227,9704.989000851427,33.84932492414449,-118.19174615585793,294,"TARZANA TREATMENT CENTERS, INC.",0.732,0.455,1,5,35,66,156,1,5,21,82,146
6953,571704,5717.04,5184206.998106088,11196.166999431143,33.849950651301306,-118.18708449491304,294,"TARZANA TREATMENT CENTERS, INC.",0.296,0.184,1,6,35,65,155,1,5,22,82,145
6954,571800,5718.00,30573904.553469647,26529.2248077477,33.83370976453771,-118.19742301319685,466,ROOTS THROUGH RECOVERY,1.185,0.736,0,8,33,70,143,1,6,25,76,138
6955,571900,5719.00,20831828.738952518,23761.211101998255,33.83193503328371,-118.17746594515944,466,ROOTS THROUGH RECOVERY,0.758,0.471,1,9,31,62,139,1,8,28,72,132
6956,572001,5720.01,18255190.71658106,19490.300770579284,33.822923936508175,-118.17469091724018,466,ROOTS THROUGH RECOVERY,1.266,0.787,0,12,31,57,132,1,12,24,70,128
6957,572201,5722.01,16791606.47550653,18493.929334194818,33.81529787619927,-118.19496706858527,387,CAMBODIAN ASSOCIATION OF AMERICA,1.649,1.025,0,11,30,62,132,0,11,25,69,126
6958,572202,5722.02,16713607.240743231,17970.06189680921,33.80802853861307,-118.19501433523382,387,CAMBODIAN ASSOCIATION OF AMERICA,1.054,0.655,0,12,30,56,128,2,11,24,67,118
6959,572301,5723.01,8819127.52841067,19342.789758956496,33.82132643289185,-118.2186682341586,250,PALM HOUSE RECOVERY HOME,1.532,0.952,0,8,32,70,138,1,8,20,76,130
6960,572500,5725.00,6380483.741752276,10650.126122220894,33.816543172378616,-118.2182917948974,250,PALM HOUSE RECOVERY HOME,2.049,1.273,0,8,32,67,136,0,7,20,75,128
6961,572600,5726.00,13700119.21666946,15732.435400995277,33.80801749471765,-118.21394326148446,365,AMERICAN INDIAN CHANGING SPIRITS,1.826,1.135,0,11,30,60,127,0,9,21,71,120
6962,572700,5727.00,11565994.69949452,14017.514478392102,33.80076076082856,-118.21258960653225,365,AMERICAN INDIAN CHANGING SPIRITS,1.18,0.733,0,11,35,59,122,2,11,21,68,113
6963,573002,5730.02,3493340.0460960716,7924.941165871205,33.7934888647418,-118.19155657888942,217,REDGATE MEMORIAL RECOVERY CENTER,0.664,0.413,3,15,26,49,115,4,15,24,55,108
6964,573003,5730.03,4824001.882241878,9050.008457552975,33.79353465727017,-118.20225665217416,283,"TARZANA TREATMENT CENTERS, INC.",0.421,0.262,3,14,32,54,113,3,12,20,62,109
6965,573004,5730.04,4423554.4971200805,8641.32184669856,33.79349545962285,-118.19648557345533,283,"TARZANA TREATMENT CENTERS, INC.",0.293,0.182,3,15,25,52,115,4,14,23,57,107
6966,573101,5731.01,5670599.1939516505,11227.382429182924,33.80145511813268,-118.19342258939336,387,CAMBODIAN ASSOCIATION OF AMERICA,0.736,0.457,2,15,26,53,121,4,14,25,61,114
6967,573102,5731.02,7172019.335847966,12339.34524576369,33.80020553252467,-118.20048696477568,283,"TARZANA TREATMENT CENTERS, INC.",0.548,0.341,1,11,27,55,121,4,11,23,61,111
6968,573201,5732.01,6474110.968990959,10368.092444301219,33.800623861243125,-118.18532810665866,387,CAMBODIAN ASSOCIATION OF AMERICA,0.229,0.142,1,15,26,53,119,2,14,25,60,112
6969,573202,5732.02,6987063.911627843,10572.64794158759,33.79349124512863,-118.18503123612776,387,CAMBODIAN ASSOCIATION OF AMERICA,1.022,0.635,0,15,26,49,114,4,15,24,53,107
6970,573300,5733.00,8457085.599593557,13243.104561105474,33.79330354973451,-118.17573925842643,336,ASIAN AMERICAN DRUG ABUSE PROGRAM OUTPATIENT PROGRAM ,1.263,0.785,0,16,26,49,114,2,16,23,55,108
6971,573401,5734.01,11199027.441706019,18583.225899168894,33.81342032690643,-118.18005673711284,387,CAMBODIAN ASSOCIATION OF AMERICA,1.3,0.808,0,15,30,58,129,1,14,24,63,121
6972,573402,5734.02,31901908.73368961,34539.89537129524,33.80169269309131,-118.16915095802536,387,CAMBODIAN ASSOCIATION OF AMERICA,1.524,0.947,0,16,26,51,118,1,15,23,58,112
6973,573403,5734.03,17921371.405061897,26864.02211543774,33.79861463669566,-118.15898691801895,710,PRIDE DETOX LLC,1.743,1.083,0,18,26,46,115,0,18,23,57,109
6974,573601,5736.01,40117908.31544871,32332.83801965801,33.82667412022652,-118.13137387378595,340,GRATITUDE LODGE,0.745,0.463,2,6,26,47,117,2,6,23,50,115
6975,573700,5737.00,19580898.298544355,18415.180923068456,33.8265695121831,-118.10963258186278,340,GRATITUDE LODGE,1.345,0.836,0,4,25,40,113,1,4,16,48,104
6976,573800,5738.00,16513664.399376944,17866.60166085774,33.82421706096777,-118.09842466193626,340,GRATITUDE LODGE,2.412,1.499,0,4,24,39,105,0,4,10,43,101
6977,573902,5739.02,7662023.743133912,13898.252296157634,33.81393000802107,-118.0774107936337,501,FAITH RECOVERY ,3.463,2.152,0,2,14,35,92,0,2,7,41,89
6978,574000,5740.00,19591244.61358923,19153.32212914707,33.81447872069876,-118.10175080595916,501,FAITH RECOVERY ,2.085,1.296,0,4,23,38,101,0,4,13,41,100
6979,574100,5741.00,19798567.225699183,20329.71585430748,33.81482211605219,-118.12306925848826,340,GRATITUDE LODGE,1.592,0.989,0,7,25,39,115,1,7,21,44,108
6980,574201,5742.01,13937005.146718884,15839.760383704242,33.80330030259457,-118.12963863488258,501,FAITH RECOVERY ,2.087,1.297,0,9,25,35,111,0,9,21,45,104
6981,574202,5742.02,14420010.246693954,19923.64023457998,33.80126094488351,-118.14322544979161,710,PRIDE DETOX LLC,1.761,1.094,0,13,25,40,116,0,13,22,49,106
6982,574300,5743.00,26708526.75542151,25331.499122123736,33.79989160378019,-118.11721808533787,501,FAITH RECOVERY ,0.881,0.547,1,7,23,33,106,1,7,19,38,98
6983,574400,5744.00,36606689.1471999,24464.791163879854,33.80343202944112,-118.10195678217944,501,FAITH RECOVERY ,0.974,0.605,1,5,22,34,100,1,5,13,40,94
6984,574500,5745.00,29317538.33344483,25100.525622543963,33.78690613982802,-118.10025123602477,501,FAITH RECOVERY ,1.322,0.822,0,4,19,28,91,1,3,13,32,86
6985,574602,5746.02,6356869.667380959,10119.201122010538,33.77789939763368,-118.10756579071551,501,FAITH RECOVERY ,2.081,1.293,0,6,19,29,93,0,5,14,30,85
6986,574800,5748.00,11928656.346057946,15300.519538065822,33.78349765708552,-118.12749807018879,437,"ADVANCES IN MENTAL HEALTH AND ADDICTIONS TREATMENT, INC.",0.44,0.273,1,9,22,32,101,1,9,19,44,99
6987,574901,5749.01,14440218.013504768,16979.326561798654,33.79214822812433,-118.12518807063721,437,"ADVANCES IN MENTAL HEALTH AND ADDICTIONS TREATMENT, INC.",1.156,0.718,0,11,22,33,103,1,10,19,41,100
6988,574902,5749.02,8647872.912019901,13140.902623823766,33.791339883025906,-118.13783739589618,437,"ADVANCES IN MENTAL HEALTH AND ADDICTIONS TREATMENT, INC.",1.006,0.625,0,13,23,41,106,2,13,21,44,101
6989,575001,5750.01,10496782.298682628,18231.313591804592,33.794787620139246,-118.14743545447578,710,PRIDE DETOX LLC,0.988,0.614,1,17,24,44,111,1,17,22,48,104
6990,575002,5750.02,10388610.817144603,14929.100952920773,33.78578792889676,-118.14348027641931,710,PRIDE DETOX LLC,0.412,0.256,1,13,23,44,104,4,12,20,46,100
6991,575101,5751.01,4526448.294528313,10168.48259837712,33.7881290262327,-118.16240986830958,336,ASIAN AMERICAN DRUG ABUSE PROGRAM OUTPATIENT PROGRAM ,0.924,0.574,1,14,25,44,108,4,14,22,51,105
6992,575102,5751.02,4370208.002555376,9258.172538984674,33.784417247039016,-118.16220331533148,336,ASIAN AMERICAN DRUG ABUSE PROGRAM OUTPATIENT PROGRAM ,0.758,0.471,1,14,25,44,106,5,14,21,51,102
6993,575103,5751.03,5168694.593091037,9179.635408418375,33.78618034064519,-118.15350017017943,710,PRIDE DETOX LLC,0.515,0.32,2,15,23,43,106,4,15,21,47,102
6994,575201,5752.01,6099515.569411443,10557.125042480948,33.78649214177441,-118.17680702543738,336,ASIAN AMERICAN DRUG ABUSE PROGRAM OUTPATIENT PROGRAM ,0.728,0.452,1,16,25,48,109,2,15,23,49,102
6995,575202,5752.02,4350166.346203071,9234.073343718179,33.78587192074331,-118.17047252326583,336,ASIAN AMERICAN DRUG ABUSE PROGRAM OUTPATIENT PROGRAM ,0.329,0.205,1,15,25,46,107,2,15,21,49,103
6996,575300,5753.00,6976557.9966788,10568.641026536376,33.786230610706156,-118.18503850145633,394,HELPLINE YOUTH COUNSELING ,0.892,0.554,1,16,25,49,110,5,14,23,52,103
6997,575401,5754.01,9580217.625598947,12588.870439723312,33.78627792310414,-118.19968382761022,228,LONG BEACH FAMILY RECOVERY CENTER,0.373,0.232,2,14,35,49,109,3,14,20,58,104
6998,575402,5754.02,3485864.38765738,7932.483861842686,33.78623123458509,-118.19155596269235,217,REDGATE MEMORIAL RECOVERY CENTER,0.593,0.368,2,15,25,49,109,5,14,23,55,103
6999,575801,5758.01,4696001.461301407,8615.548756274853,33.77915218466662,-118.20232971035641,228,LONG BEACH FAMILY RECOVERY CENTER,1.202,0.747,0,13,34,48,107,3,13,19,54,99
7000,575802,5758.02,3454989.8447669107,7901.935655984896,33.77896685303434,-118.19721919278416,225,FLOSSIE LEWIS CENTER,0.976,0.606,1,14,34,48,105,4,14,20,52,98
7001,575803,5758.03,2148618.9481585445,6905.198852165423,33.778970898344156,-118.19372698911903,225,FLOSSIE LEWIS CENTER,0.721,0.448,2,14,34,48,104,4,14,20,51,99
7002,575901,5759.01,5227781.920835745,9697.11489145239,33.77253101090377,-118.20190885960365,225,FLOSSIE LEWIS CENTER,1.282,0.796,0,13,33,47,99,1,13,19,54,95
7003,575902,5759.02,3773423.0269782497,7831.609022781696,33.77232052695017,-118.1952133980148,225,FLOSSIE LEWIS CENTER,0.685,0.426,1,14,33,47,99,2,14,19,50,95
7004,576200,5762.00,7499840.902947427,11216.642690196963,33.77238843415786,-118.1867758057793,225,FLOSSIE LEWIS CENTER,0.258,0.16,2,14,30,46,99,2,14,20,48,96
7005,576301,5763.01,5905119.928474835,9753.973410938614,33.778973321100864,-118.18870858446888,394,HELPLINE YOUTH COUNSELING ,0.381,0.237,2,14,31,48,104,4,14,21,49,99
7006,576302,5763.02,3484769.0481943516,7919.613971355613,33.77897665275792,-118.1828610264917,394,HELPLINE YOUTH COUNSELING ,0.189,0.117,2,15,25,48,103,3,15,23,49,99
7007,576401,5764.01,3488157.554861743,7928.138723187365,33.77897882299733,-118.17851798565056,394,HELPLINE YOUTH COUNSELING ,0.577,0.358,2,15,25,45,103,4,15,23,49,101
7008,576402,5764.02,3492769.5065326197,7930.527525495017,33.778980389273464,-118.17417392130113,336,ASIAN AMERICAN DRUG ABUSE PROGRAM OUTPATIENT PROGRAM ,0.571,0.355,2,15,25,45,103,4,15,21,49,99
7009,576403,5764.03,3493768.5122377747,7935.172401327989,33.77897771239991,-118.16982733008645,336,ASIAN AMERICAN DRUG ABUSE PROGRAM OUTPATIENT PROGRAM ,0.44,0.273,1,15,25,45,105,4,14,20,48,98
7010,576501,5765.01,3136718.5518192574,7291.405001271187,33.7722438854246,-118.17874270239139,394,HELPLINE YOUTH COUNSELING ,0.862,0.536,2,15,25,45,101,5,15,19,48,95
7011,576502,5765.02,3311538.636273285,8030.268195736261,33.771922766268055,-118.1741026941661,354,NEW FOUND LIFE,0.925,0.575,1,15,25,45,101,5,14,20,48,95
7012,576503,5765.03,3356437.5852405042,7911.514399153277,33.77183387738041,-118.16975286019556,354,NEW FOUND LIFE,0.526,0.327,2,14,25,44,99,6,14,19,46,95
7013,576801,5768.01,5535431.517414617,9955.33666987267,33.7715842172275,-118.16429289068846,354,NEW FOUND LIFE,0.07,0.043,3,14,25,43,98,6,14,19,46,94
7014,576802,5768.02,5036017.563097192,9265.785228995177,33.77179044613024,-118.15773957014605,271,SAFE REFUGE,0.491,0.305,3,14,24,43,100,5,14,19,44,95
7015,576901,5769.01,4789418.518745559,9246.301697378482,33.779142504421074,-118.16464415685704,336,ASIAN AMERICAN DRUG ABUSE PROGRAM OUTPATIENT PROGRAM ,0.664,0.412,3,14,25,43,105,4,14,19,48,97
7016,576903,5769.03,3495520.229628654,7937.925279411232,33.78078357552598,-118.15677899494919,270,SAFE REFUGE,0.459,0.285,3,15,25,43,104,5,15,19,48,100
7017,576904,5769.04,3941030.996766358,8609.289804396463,33.777156115229616,-118.1573301584841,271,SAFE REFUGE,0.27,0.168,3,15,25,43,103,6,14,19,45,97
7018,577000,5770.00,19901761.959731534,21697.85163556234,33.77872232880009,-118.13987415637591,437,"ADVANCES IN MENTAL HEALTH AND ADDICTIONS TREATMENT, INC.",0.887,0.551,1,12,23,40,101,4,11,19,45,97
7019,577100,5771.00,13084152.413095284,14526.38791465704,33.77079749604569,-118.1480770100615,271,SAFE REFUGE,0.84,0.522,1,13,22,39,99,4,11,19,43,92
7020,577400,5774.00,6947575.857543768,11864.45585123966,33.76291112552682,-118.13512609874861,344,GRATITUDE LODGE LLC,2.048,1.273,0,10,19,37,92,0,9,17,39,84
7021,577606,5776.06,12462583.304385785,17502.187753397888,33.7707439298182,-118.13532203879774,437,"ADVANCES IN MENTAL HEALTH AND ADDICTIONS TREATMENT, INC.",1.454,0.904,0,11,21,37,97,1,10,17,41,91
7022,577700,5777.00,13544904.923193509,18946.23422380614,33.8184057273727,-118.2098445846889,250,PALM HOUSE RECOVERY HOME,2.216,1.377,0,8,30,66,136,0,8,25,75,129
7023,577800,5778.00,18927236.867033664,22581.95416688755,33.93149163343946,-118.09678459801333,328,L.A. CADA - OUTPATIENT,1.535,0.954,0,9,26,53,157,1,9,16,56,145
7024,577900,5779.00,19068001.97274235,21080.81382481224,33.823281443790016,-118.1958813707268,466,ROOTS THROUGH RECOVERY,1.23,0.765,0,9,31,69,137,1,8,24,71,132
7025,578000,5780.00,19879881.978926506,22544.025213264824,33.79453207841928,-118.21676542744315,365,AMERICAN INDIAN CHANGING SPIRITS,0.427,0.265,1,12,34,61,115,1,11,20,66,108
7026,578100,5781.00,18489959.239330914,19002.07388046008,33.7824863989302,-118.11575573400764,437,"ADVANCES IN MENTAL HEALTH AND ADDICTIONS TREATMENT, INC.",1.53,0.951,0,7,21,30,98,1,7,18,32,93
7027,600100,6001.00,8154795.435933442,12355.028787253712,33.95515193132248,-118.29563772924271,390,HOUSE OF UHURU,1.702,1.058,0,17,54,148,293,0,15,42,168,270
7028,600201,6002.01,6304691.208916174,11426.677410238235,33.948257037569725,-118.29728171897374,914,"COMMUNITY ASSISTANCE SERVICES, INC",1.382,0.859,0,15,54,139,288,1,13,37,159,277
7029,600202,6002.02,8925264.924647484,14579.08255862132,33.942608476348035,-118.29915449931069,914,"COMMUNITY ASSISTANCE SERVICES, INC",0.957,0.594,1,15,54,135,285,1,12,31,153,279
7030,600302,6003.02,8820765.801618908,11976.529896972832,33.93546888943126,-118.30466998338036,401,"NEW HOPE DRUG AND ALCOHOL TREATMENT PROGRAM, INC.",0.715,0.444,2,13,48,128,279,2,12,32,146,274
7031,600303,6003.03,3924007.6746133105,9114.643279564521,33.93559971266567,-118.29834459335508,914,"COMMUNITY ASSISTANCE SERVICES, INC",1.167,0.725,0,12,51,129,283,2,12,32,144,274
7032,600304,6003.04,4798305.860393969,9662.240288861185,33.93536567856346,-118.29402498386605,914,"COMMUNITY ASSISTANCE SERVICES, INC",1.536,0.954,0,13,53,127,283,2,12,32,142,274
7033,600400,6004.00,10569326.871551435,16007.057711651487,33.9369166731212,-118.31412438741394,914,"COMMUNITY ASSISTANCE SERVICES, INC",0.623,0.387,2,14,48,128,281,2,14,33,148,271
7034,600501,6005.01,7073018.687940427,10722.359125048713,33.93453713041871,-118.32206866253796,401,"NEW HOPE DRUG AND ALCOHOL TREATMENT PROGRAM, INC.",1.127,0.701,0,13,47,126,279,2,12,31,146,265
7035,600601,6006.01,6962718.890519094,10542.611097038918,33.94185463895321,-118.32206658935063,914,"COMMUNITY ASSISTANCE SERVICES, INC",1.183,0.735,0,16,49,133,279,2,14,32,155,272
7036,600602,6006.02,7430325.731409774,10861.63649760277,33.94162508615444,-118.33077162113652,914,"COMMUNITY ASSISTANCE SERVICES, INC",1.982,1.232,0,9,51,138,276,0,9,25,156,264
7037,600702,6007.02,26162751.844476156,24173.211813035454,33.95019820691946,-118.3322212357691,433,FFC SPIRITUAL AND BEHAVIORAL HEALTH CENTER,1.473,0.915,0,11,56,150,290,1,9,32,167,258
7038,600703,6007.03,5598920.850402279,10887.984883512228,33.958232273253785,-118.33677296085783,799,"RECOVER MEDICAL GROUP, PC",1.087,0.675,0,11,60,163,292,3,10,33,178,271
7039,600704,6007.04,10377163.092543948,13200.483415751512,33.95627423818698,-118.32414713061951,433,FFC SPIRITUAL AND BEHAVIORAL HEALTH CENTER,0.475,0.295,2,12,60,154,297,2,12,34,175,262
7040,600801,6008.01,10452395.701834384,13346.961277143811,33.965484240818256,-118.32212370522967,433,FFC SPIRITUAL AND BEHAVIORAL HEALTH CENTER,0.64,0.398,2,13,70,167,297,2,11,40,184,281
7041,600802,6008.02,20919590.38743648,20363.93726711499,33.96587855660756,-118.33622666022332,308,DIDI HIRSCH MENTAL HEALTH SERVICES - INGLEWOOD SITE,0.747,0.464,2,12,74,170,296,3,11,38,182,284
7042,600902,6009.02,8615976.187131904,13421.139205520614,33.97204591023092,-118.35226902392468,308,DIDI HIRSCH MENTAL HEALTH SERVICES - INGLEWOOD SITE,0.974,0.605,1,10,80,169,303,2,10,41,186,289
7043,600911,6009.11,7353051.333139946,11395.381477225723,33.97866197071901,-118.35222369663639,308,DIDI HIRSCH MENTAL HEALTH SERVICES - INGLEWOOD SITE,1.557,0.968,0,14,84,175,318,1,11,52,187,292
7044,600912,6009.12,11710912.623207036,15517.870165503224,33.976983986017125,-118.34154843850321,308,DIDI HIRSCH MENTAL HEALTH SERVICES - INGLEWOOD SITE,1.216,0.756,0,12,86,173,308,2,11,47,190,295
7045,601001,6010.01,9515760.639377309,14262.165986040574,33.96432989306711,-118.34869974722702,799,"RECOVER MEDICAL GROUP, PC",0.428,0.266,2,9,71,171,294,2,9,39,179,282
7046,601002,6010.02,6816443.195588551,11226.457948008643,33.956565513904195,-118.34760536931388,799,"RECOVER MEDICAL GROUP, PC",1.059,0.658,0,10,61,164,290,2,10,35,173,270
7047,601100,6011.00,6895336.385560949,10510.85838929972,33.949086589125734,-118.34824351306837,799,"RECOVER MEDICAL GROUP, PC",1.882,1.17,0,10,57,148,289,0,10,31,169,256
7048,601202,6012.02,7042733.877898338,10682.050192786237,33.949077584566915,-118.35695108811393,358,WESTSIDE RESIDENCE HALL,1.644,1.022,0,10,53,149,285,0,9,33,168,255
7049,601211,6012.11,6241067.7766277045,10199.380299819302,33.96238783689774,-118.35773423569312,799,"RECOVER MEDICAL GROUP, PC",1.287,0.799,0,9,68,163,293,2,9,36,176,277
7050,601212,6012.12,6297809.912336387,10124.486518022457,33.955824755082645,-118.35701412828591,358,WESTSIDE RESIDENCE HALL,1.585,0.985,0,10,61,156,287,2,9,33,173,270
7051,601301,6013.01,6614180.86900312,11072.368903020826,33.979182674574616,-118.36383620442457,349,CNV DETOX,2.203,1.369,0,15,88,173,329,0,13,48,183,301
7052,601302,6013.02,13128637.404716726,19669.395627107966,33.96930316774257,-118.3644528478731,308,DIDI HIRSCH MENTAL HEALTH SERVICES - INGLEWOOD SITE,1.887,1.173,0,12,80,165,304,0,10,40,180,286
7053,601303,6013.03,4719524.787157804,8901.571212462166,33.974194078579366,-118.36179395579504,308,DIDI HIRSCH MENTAL HEALTH SERVICES - INGLEWOOD SITE,1.836,1.141,0,13,85,169,312,0,12,48,185,293
7054,601401,6014.01,16933194.384589087,18287.066976413244,33.95906235845432,-118.37007330415324,358,WESTSIDE RESIDENCE HALL,0.716,0.445,1,9,60,155,291,1,8,33,167,273
7055,601402,6014.02,10584567.273461904,13265.216908027747,33.95094915787792,-118.36574557520791,358,WESTSIDE RESIDENCE HALL,0.809,0.503,1,8,55,145,280,1,8,30,165,259
7056,601501,6015.01,5092858.127099639,10545.417590146219,33.943656227101144,-118.36335834343465,358,WESTSIDE RESIDENCE HALL,1.467,0.912,0,9,50,139,276,1,7,27,155,246
7057,601502,6015.02,5283115.368332902,11514.47575779396,33.94008700539338,-118.36359456414532,358,WESTSIDE RESIDENCE HALL,1.771,1.101,0,9,47,132,271,0,7,26,152,248
7058,601600,6016.00,9821883.225788455,12866.045629780798,33.93480484413041,-118.3638656757936,358,WESTSIDE RESIDENCE HALL,2.277,1.415,0,8,44,130,259,0,6,22,146,250
7059,601700,6017.00,8159873.6632304,12647.154305707823,33.935304914325,-118.34986137248819,358,WESTSIDE RESIDENCE HALL,3.006,1.868,0,10,44,131,265,0,10,25,145,258
7060,601801,6018.01,5239211.3494226085,10548.53635774639,33.94364056066703,-118.35043801822358,358,WESTSIDE RESIDENCE HALL,2.431,1.511,0,10,50,142,277,0,10,28,161,258
7061,601802,6018.02,5211014.90078002,10562.937473227876,33.9400161413812,-118.35044403156186,358,WESTSIDE RESIDENCE HALL,2.637,1.638,0,10,47,134,269,0,9,26,154,258
7062,601900,6019.00,7499025.468124749,11034.702645443413,33.94159098180728,-118.33951645608744,433,FFC SPIRITUAL AND BEHAVIORAL HEALTH CENTER,2.636,1.638,0,9,53,137,271,0,9,26,157,263
7063,602002,6020.02,5763859.6061784495,10775.754793590799,33.92725328321063,-118.34025502329676,213,PACIFICA HOUSE,2.139,1.329,0,11,44,118,264,0,11,26,134,259
7064,602003,6020.03,6729146.760748573,10337.401330982031,33.934354426550115,-118.33940039716732,213,PACIFICA HOUSE,2.594,1.612,0,10,48,129,269,0,10,24,147,257
7065,602103,6021.03,8997950.96456149,11939.413137549314,33.92831058623226,-118.35675060297758,358,WESTSIDE RESIDENCE HALL,3.219,2.0,0,9,42,123,261,0,9,25,136,251
7066,602104,6021.04,8006164.725013006,11595.858926808763,33.92795151030121,-118.34843135877493,213,PACIFICA HOUSE,2.838,1.764,0,11,42,122,264,0,11,26,136,253
7067,602105,6021.05,6874249.655813502,10463.526706175593,33.92006293863281,-118.34815467610274,213,PACIFICA HOUSE,2.56,1.59,0,7,38,112,262,0,7,23,128,253
7068,602106,6021.06,8825443.399172686,13276.514233980291,33.92040798160439,-118.3581715429081,213,PACIFICA HOUSE,3.482,2.163,0,6,39,109,258,0,5,22,128,248
7069,602201,6022.01,17383561.79058488,19997.206038889337,33.9222473249331,-118.37128168211794,358,WESTSIDE RESIDENCE HALL,3.483,2.164,0,4,38,109,249,0,4,21,128,246
7070,602202,6022.02,5336756.84747615,9924.253852312899,33.927359010525876,-118.36464235347,358,WESTSIDE RESIDENCE HALL,3.03,1.883,0,7,39,121,255,0,5,21,137,248
7071,602301,6023.01,19229308.430347815,19331.93611130987,33.90674631890963,-118.36576600327719,488,CLEAR RECOVERY CENTER,3.917,2.434,0,6,31,85,248,0,5,22,106,239
7072,602302,6023.02,20964324.307342347,22810.638795874034,33.90507282704139,-118.37427911039079,488,CLEAR RECOVERY CENTER,3.246,2.017,0,3,31,81,246,0,3,21,101,231
7073,602402,6024.02,14218944.445674373,17499.875046647878,33.90916708403184,-118.35686471610134,213,PACIFICA HOUSE,3.451,2.144,0,7,37,94,252,0,5,23,114,246
7074,602403,6024.03,6305101.358408677,10061.780882607449,33.91307908736111,-118.34813052765627,213,PACIFICA HOUSE,2.571,1.597,0,6,36,98,260,0,6,24,119,250
7075,602404,6024.04,6951424.112172385,11317.626539625759,33.90602981090811,-118.34816549415595,216,SOUTH BAY FAMILY RECOVERY CENTER,2.685,1.668,0,6,35,89,253,0,6,24,111,246
7076,602504,6025.04,3460243.2338251793,7905.662309408445,33.90555271813804,-118.33734448257856,333,"ASIAN AMERICAN DRUG ABUSE PROGRAM, INC.",1.779,1.106,0,7,38,90,260,0,7,25,109,249
7077,602505,6025.05,3483307.6920496477,7914.11320003774,33.90555940104864,-118.34167922242644,333,"ASIAN AMERICAN DRUG ABUSE PROGRAM, INC.",2.179,1.354,0,7,38,90,257,0,6,25,110,248
7078,602506,6025.06,3494869.2735010497,7898.467934938096,33.90738096633306,-118.33085223292986,333,"ASIAN AMERICAN DRUG ABUSE PROGRAM, INC.",1.207,0.75,0,7,39,91,262,2,7,26,112,255
7079,602507,6025.07,3472928.1484094313,7912.747965323785,33.90374277251589,-118.33085269056804,333,"ASIAN AMERICAN DRUG ABUSE PROGRAM, INC.",1.189,0.739,0,8,38,88,262,2,7,24,107,252
7080,602510,6025.10,3493955.801063264,7935.0961286397205,33.91280988849962,-118.34168481001367,213,PACIFICA HOUSE,1.993,1.239,0,6,39,96,260,0,6,24,116,254
7081,602511,6025.11,3678853.9474716517,8634.709994826648,33.91265878841009,-118.3371853732027,213,PACIFICA HOUSE,1.597,0.993,0,6,39,96,264,1,6,25,117,256
7082,602512,6025.12,3247093.777507092,7903.044653452849,33.911077889068245,-118.33059458276861,213,PACIFICA HOUSE,1.125,0.699,0,7,41,94,264,2,6,25,113,258
7083,602513,6025.13,19366693.878338847,21253.064663460307,33.919569139928235,-118.33398309716787,213,PACIFICA HOUSE,1.262,0.784,0,8,44,105,267,1,8,26,124,260
7084,602601,6026.01,13974858.73060775,15883.810646446325,33.91282943879925,-118.31779982617057,213,PACIFICA HOUSE,0.53,0.329,2,9,43,94,265,3,8,27,116,262
7085,602602,6026.02,6985004.452322232,10568.329488912283,33.905575669708774,-118.32216083361584,333,"ASIAN AMERICAN DRUG ABUSE PROGRAM, INC.",0.381,0.237,1,9,40,88,262,3,9,27,105,258
7086,602700,6027.00,26728464.324238688,21546.339336952653,33.923424761169876,-118.31749808836257,213,PACIFICA HOUSE,0.776,0.482,1,11,42,111,268,2,11,29,132,266
7087,602801,6028.01,13495609.519049592,15771.183697598999,33.92740681521661,-118.30018390429154,401,"NEW HOPE DRUG AND ALCOHOL TREATMENT PROGRAM, INC.",1.044,0.649,0,14,48,114,275,1,12,32,136,268
7088,602802,6028.02,14373633.201598613,16036.508127632942,33.92018238069853,-118.30038951023126,401,"NEW HOPE DRUG AND ALCOHOL TREATMENT PROGRAM, INC.",1.545,0.96,0,13,46,102,269,1,12,28,128,265
7089,602900,6029.00,30119431.45879347,27267.79202480683,33.908970682834955,-118.30445351960037,493,CLEAR BEHAVIORAL HEALTH,1.291,0.802,0,11,41,85,265,2,10,26,109,262
7090,603004,6030.04,2428204.7256533243,8219.202172451174,33.89330639723259,-118.2965147569538,493,CLEAR BEHAVIORAL HEALTH,1.603,0.996,0,10,40,80,255,1,10,25,96,247
7091,603005,6030.05,7004838.327502297,10585.930761801994,33.89830024815816,-118.3047685612009,493,CLEAR BEHAVIORAL HEALTH,0.704,0.437,1,11,39,80,260,2,10,24,98,252
7092,603006,6030.06,7401009.559943732,10962.723908459298,33.890939610883166,-118.3045201382705,493,CLEAR BEHAVIORAL HEALTH,1.178,0.732,0,10,39,79,252,1,10,22,94,244
7093,603007,6030.07,7214936.691339143,14310.157093300466,33.903552551279425,-118.29616254049095,493,CLEAR BEHAVIORAL HEALTH,1.56,0.969,0,13,41,81,264,1,12,25,102,257
7094,603008,6030.08,5039761.275072731,10823.283728628827,33.897698720426604,-118.29510008987916,493,CLEAR BEHAVIORAL HEALTH,1.597,0.992,0,13,40,80,260,1,12,26,101,251
7095,603101,6031.01,9489590.22706941,12652.19065102469,33.886787319753054,-118.29546674234882,493,CLEAR BEHAVIORAL HEALTH,2.089,1.298,0,9,38,78,248,0,9,22,93,242
7096,603102,6031.02,8027753.663127237,11372.692146708623,33.87718772387928,-118.29524322459051,543,TRANSFORMATIONS CARE,1.26,0.783,0,7,35,70,242,1,7,21,96,225
7097,603200,6032.00,12261884.772878405,21938.799554488134,33.86936734610693,-118.300503504862,543,TRANSFORMATIONS CARE,0.265,0.164,1,8,30,78,229,2,8,21,90,215
7098,603301,6033.01,10492836.80399955,14162.023470379798,33.884104013891985,-118.30622531438476,493,CLEAR BEHAVIORAL HEALTH,1.785,1.109,0,8,37,79,246,0,8,22,88,240
7099,603302,6033.02,12218790.578028481,15276.056105835032,33.876778578731646,-118.30674604791697,543,TRANSFORMATIONS CARE,1.131,0.703,0,9,33,72,241,1,9,20,92,231
7100,603400,6034.00,12210552.173858289,15598.309148369946,33.89347655028983,-118.31344656226602,493,CLEAR BEHAVIORAL HEALTH,0.662,0.411,1,9,38,81,255,3,9,25,96,245
7101,603500,6035.00,8564196.305119932,13085.577749045315,33.898673867057866,-118.32096794621006,333,"ASIAN AMERICAN DRUG ABUSE PROGRAM, INC.",0.76,0.472,2,10,37,84,260,3,10,27,100,251
7102,603600,6036.00,10091920.780189151,13098.257271159604,33.889397228083844,-118.32235898425222,216,SOUTH BAY FAMILY RECOVERY CENTER,0.394,0.245,1,8,36,79,250,2,8,24,95,240
7103,603702,6037.02,28072909.04776693,21879.210802758127,33.88727926468942,-118.33574222050711,216,SOUTH BAY FAMILY RECOVERY CENTER,0.89,0.553,1,8,33,76,244,1,8,21,92,234
7104,603703,6037.03,7017997.032610284,10877.353975448566,33.89826184290659,-118.33956433810006,216,SOUTH BAY FAMILY RECOVERY CENTER,1.521,0.945,0,7,36,85,251,1,6,28,101,243
7105,603705,6037.05,2916160.128660908,7696.923208193697,33.90012460221399,-118.33172602803,216,SOUTH BAY FAMILY RECOVERY CENTER,1.239,0.77,0,9,38,84,261,2,7,28,104,249
7106,603706,6037.06,4025814.9191291137,10235.113242617892,33.89698851190265,-118.33021947444898,216,SOUTH BAY FAMILY RECOVERY CENTER,0.864,0.537,1,8,37,81,257,2,8,27,102,244
7107,603801,6038.01,7175831.774404952,10842.804783350583,33.89854401585001,-118.34810845854823,216,SOUTH BAY FAMILY RECOVERY CENTER,2.21,1.373,0,7,32,85,249,0,6,26,102,242
7108,603802,6038.02,6790503.377468722,10519.073616953025,33.89098519831565,-118.34815637830248,216,SOUTH BAY FAMILY RECOVERY CENTER,1.994,1.239,0,9,30,77,245,0,7,22,95,235
7109,603901,6039.01,7919131.333998712,15734.372783831,33.898122513824134,-118.35857674763022,216,SOUTH BAY FAMILY RECOVERY CENTER,3.093,1.922,0,7,31,81,246,0,7,25,100,240
7110,603902,6039.02,8088020.177556348,12042.807264336638,33.89147650245588,-118.35660258598021,216,SOUTH BAY FAMILY RECOVERY CENTER,2.776,1.725,0,7,30,76,243,0,7,21,93,233
7111,604001,6040.01,7094128.820873153,10693.211293426117,33.88374363951844,-118.35685402942073,484,CLEAR RECOVERY CENTER,2.26,1.405,0,9,28,67,234,0,7,19,80,226
7112,604002,6040.02,7004316.526630476,10362.943829045342,33.87660252351862,-118.35694170778567,484,CLEAR RECOVERY CENTER,1.635,1.016,0,10,24,64,229,0,9,17,79,220
7113,604101,6041.01,5169917.805719795,9620.256048251871,33.884509481000634,-118.34773096241551,216,SOUTH BAY FAMILY RECOVERY CENTER,2.038,1.267,0,10,29,69,237,0,9,21,87,229
7114,604102,6041.02,5742489.422880237,12105.670351437644,33.87894850345583,-118.34873929786004,484,CLEAR RECOVERY CENTER,1.467,0.911,0,10,29,67,231,1,9,19,82,224
7115,604200,6042.00,13536824.508559762,17893.786372103812,33.93120930351488,-118.33074327266705,213,PACIFICA HOUSE,1.837,1.141,0,12,45,120,274,0,11,24,140,261
7116,609900,6099.00,5725250.352320947,14121.982019972951,33.74023395894121,-118.30217208704606,632,COASTWISE RECOVERY CENTER ,0.512,0.318,1,13,19,43,81,5,13,18,46,76
7117,620001,6200.01,12739633.04162689,14713.632188737982,33.92747482936905,-118.40383732132098,492,CLEAR BEHAVIORAL HEALTH,1.614,1.003,0,3,36,100,250,0,3,13,123,227
7118,620002,6200.02,12753097.42064891,15826.038145695748,33.9200335013884,-118.40416690369204,492,CLEAR BEHAVIORAL HEALTH,1.142,0.709,0,4,34,94,240,1,4,15,112,229
7119,620101,6201.01,14583042.678912254,16146.241876428903,33.9275296067284,-118.41971342779216,492,CLEAR BEHAVIORAL HEALTH,1.216,0.755,0,2,34,94,237,1,2,13,110,215
7120,620102,6201.02,9385626.396713475,16012.165303710955,33.9201983693028,-118.41807520702275,492,CLEAR BEHAVIORAL HEALTH,0.4,0.248,1,3,33,84,232,1,3,10,100,218
7121,620301,6203.01,11180838.640986254,14217.514618248275,33.89846742829049,-118.40509335980101,488,CLEAR RECOVERY CENTER,1.955,1.215,0,2,24,68,223,0,2,10,86,211
7122,620303,6203.03,12466522.595702,15940.42541739482,33.891576483843494,-118.40182035992083,488,CLEAR RECOVERY CENTER,1.133,0.704,0,4,23,61,219,1,4,13,76,208
7123,620400,6204.00,27751603.972645883,21116.220048566218,33.894631894390116,-118.3873662042956,488,CLEAR RECOVERY CENTER,1.596,0.992,0,4,27,68,231,1,4,15,86,219
7124,620501,6205.01,27884251.955365326,21153.88556229085,33.88737121465705,-118.37001049503462,488,CLEAR RECOVERY CENTER,2.502,1.555,0,6,27,71,234,0,6,19,83,226
7125,620521,6205.21,6934763.336587812,10531.013071732337,33.87648682539186,-118.3656325812206,483,CLEAR RESIDENTIAL CENTER,2.017,1.253,0,7,22,59,225,0,7,17,75,219
7126,620522,6205.22,8055864.712743491,11356.787221082694,33.87646493804263,-118.37498481951533,483,CLEAR RESIDENTIAL CENTER,2.049,1.273,0,7,20,58,223,0,7,16,72,216
7127,620601,6206.01,14701194.819579083,19878.485452196426,33.86959990984622,-118.36196312843957,483,CLEAR RESIDENTIAL CENTER,1.402,0.871,0,9,22,54,221,1,9,16,70,211
7128,620602,6206.02,14518824.217833774,18768.262917629614,33.86225539654422,-118.36499236610463,483,CLEAR RESIDENTIAL CENTER,0.576,0.358,1,9,19,53,212,1,9,16,66,200
7129,620701,6207.01,10969959.042985188,15221.851833678407,33.869980528708865,-118.38130004884866,483,CLEAR RESIDENTIAL CENTER,1.671,1.039,0,7,19,51,217,0,6,16,65,205
7130,620703,6207.03,6215973.023058915,11291.529602189352,33.86176097815336,-118.38265155639556,483,CLEAR RESIDENTIAL CENTER,1.269,0.788,0,8,18,46,204,2,8,15,58,191
7131,620704,6207.04,8045836.248401855,13496.094204927796,33.86220701871077,-118.37649396194226,483,CLEAR RESIDENTIAL CENTER,0.764,0.474,1,8,19,47,208,1,8,16,62,199
7132,620801,6208.01,12850505.051374895,15853.092662696026,33.880406690153016,-118.38333024658607,488,CLEAR RECOVERY CENTER,1.232,0.765,0,6,20,59,223,1,6,16,73,213
7133,620802,6208.02,13848947.997899162,15789.731158173723,33.88009887399178,-118.39167937354158,488,CLEAR RECOVERY CENTER,0.511,0.317,1,7,19,60,220,1,7,14,69,203
7134,620901,6209.01,9401916.007234342,12903.275172940339,33.88281259739551,-118.40033985637923,488,CLEAR RECOVERY CENTER,0.361,0.225,1,5,19,58,213,1,5,12,67,200
7135,621001,6210.01,10246304.035982478,16101.697246912132,33.86985235845176,-118.39397986802688,488,CLEAR RECOVERY CENTER,1.416,0.88,0,6,18,48,210,1,6,12,61,188
7136,621102,6211.02,5853873.363314523,10895.934603476451,33.860032388314465,-118.38839362336927,486,CLEAR RECOVERY CENTER,1.043,0.648,0,8,18,40,200,1,8,13,57,183
7137,621201,6212.01,17657400.46366591,17424.537860438977,33.84962245079876,-118.38277081860544,482,CLEAR RECOVERY CENTER,0.575,0.357,1,8,19,41,189,4,8,12,59,179
7138,621301,6213.01,16824509.356565777,17385.52134419166,33.83507957556857,-118.3797583262173,888,R&R HEALTH LLC,0.616,0.383,1,7,20,48,172,2,7,15,52,155
7139,621400,6214.00,13782481.298889665,16166.929415701818,33.82274718419215,-118.37965237875079,888,R&R HEALTH LLC,1.878,1.167,0,6,17,42,149,0,6,14,46,135
7140,650001,6500.01,17333640.040769264,17028.527103577475,33.87891050411665,-118.31960528494692,216,SOUTH BAY FAMILY RECOVERY CENTER,1.375,0.854,0,8,33,73,241,1,7,22,87,232
7141,650003,6500.03,5467803.184111869,9617.793442421904,33.8758780512751,-118.33904186431094,484,CLEAR RECOVERY CENTER,1.174,0.73,0,10,26,65,234,1,8,19,83,223
7142,650004,6500.04,8240861.159066128,11730.163175457674,33.87715596880339,-118.33056963922024,216,SOUTH BAY FAMILY RECOVERY CENTER,1.456,0.905,0,9,31,66,236,1,8,19,86,226
7143,650101,6501.01,20490526.250569526,18516.438966331218,33.86739210647381,-118.31711551749672,545,TRANSFORMATIONS CARE,1.107,0.688,0,9,26,73,227,2,7,19,88,214
7144,650102,6501.02,9175299.66218134,13434.488435550753,33.86974535999414,-118.33260323635375,484,CLEAR RECOVERY CENTER,1.15,0.714,0,11,23,64,230,1,11,18,88,215
7145,650200,6502.00,26095701.050165012,30191.19668439317,33.86281195461484,-118.33186612063822,484,CLEAR RECOVERY CENTER,1.214,0.754,0,12,23,68,220,1,11,17,83,207
7146,650300,6503.00,20199812.17576734,21224.148212211727,33.8662234412267,-118.3493308568823,484,CLEAR RECOVERY CENTER,0.461,0.287,1,12,21,56,221,1,12,16,77,208
7147,650401,6504.01,37763560.44901846,32199.966906479654,33.8422670464737,-118.33951246979784,381,TWIN TOWN TREATMENT CENTERS - TORRANCE,1.832,1.138,0,9,22,66,189,0,9,15,72,176
7148,650501,6505.01,10688010.463555656,13603.948369865802,33.853814571995265,-118.35868667044254,483,CLEAR RESIDENTIAL CENTER,1.128,0.701,0,11,21,55,203,1,10,15,67,193
7149,650502,6505.02,14351138.72596128,15581.57392804338,33.85303408084269,-118.37029453235252,483,CLEAR RESIDENTIAL CENTER,0.627,0.389,2,8,20,49,200,3,8,14,65,189
7150,650603,6506.03,13738585.60692083,16171.815634205659,33.84412528824584,-118.36973726006286,888,R&R HEALTH LLC,0.752,0.467,2,9,21,54,190,2,7,14,62,174
7151,650604,6506.04,5548335.747131233,9489.824696771015,33.84036930494973,-118.34913510773262,381,TWIN TOWN TREATMENT CENTERS - TORRANCE,1.133,0.704,0,9,22,58,184,2,9,15,68,172
7152,650605,6506.05,5251352.707054182,9226.066484409885,33.84583824496148,-118.34922684181599,381,TWIN TOWN TREATMENT CENTERS - TORRANCE,1.707,1.061,0,10,21,59,195,0,9,14,69,182
7153,650606,6506.06,7894439.46342792,16005.23671340942,33.84013532709236,-118.36011817456442,592,CALIFORNIA CENTERS FOR RECOVERY INC,1.097,0.682,0,8,22,53,185,3,8,15,62,169
7154,650607,6506.07,5444010.0148798665,11200.19256614724,33.84546491136628,-118.35888459597952,592,CALIFORNIA CENTERS FOR RECOVERY INC,1.637,1.017,0,9,22,57,193,0,8,15,67,180
7155,650701,6507.01,21598048.057718188,18666.749347818808,33.83178751763365,-118.35299908683315,381,TWIN TOWN TREATMENT CENTERS - TORRANCE,0.126,0.078,2,8,22,54,170,2,8,16,63,153
7156,650702,6507.02,15059765.330304548,16481.157409485782,33.832227240929996,-118.36759537385159,888,R&R HEALTH LLC,1.063,0.661,0,8,19,48,171,3,8,16,54,152
7157,650801,6508.01,7973688.531832562,13784.825775487465,33.82736630454017,-118.33282197036444,222,NATIONAL COUNCIL ON ALCOHOLISM & DRUG DEPENDENCE OF THE SOUTH BAY,1.661,1.032,0,8,22,62,157,0,7,15,70,145
7158,650802,6508.02,5896397.099166065,12386.047651861665,33.82732868310632,-118.34058516780458,381,TWIN TOWN TREATMENT CENTERS - TORRANCE,1.304,0.81,0,8,22,59,160,2,8,16,66,147
7159,650901,6509.01,38164122.04375712,29584.562090914606,33.83824149125475,-118.31814211100858,222,NATIONAL COUNCIL ON ALCOHOLISM & DRUG DEPENDENCE OF THE SOUTH BAY,0.362,0.225,1,6,24,72,182,1,6,15,75,163
7160,650903,6509.03,11395810.220875591,17065.97933360533,33.825795624861456,-118.31595651066333,222,NATIONAL COUNCIL ON ALCOHOLISM & DRUG DEPENDENCE OF THE SOUTH BAY,1.037,0.644,0,5,26,64,155,1,5,17,76,143
7161,650904,6509.04,10063205.814462384,16179.40834146663,33.82449256463336,-118.32302696338115,222,NATIONAL COUNCIL ON ALCOHOLISM & DRUG DEPENDENCE OF THE SOUTH BAY,1.283,0.797,0,4,25,61,152,1,4,16,73,141
7162,651001,6510.01,15270388.772465244,19082.609645647794,33.81229020156212,-118.31414667825013,222,NATIONAL COUNCIL ON ALCOHOLISM & DRUG DEPENDENCE OF THE SOUTH BAY,2.548,1.583,0,3,34,63,138,0,3,15,69,130
7163,651002,6510.02,12746761.325809462,15498.881961283272,33.813983013723636,-118.32405440689105,222,NATIONAL COUNCIL ON ALCOHOLISM & DRUG DEPENDENCE OF THE SOUTH BAY,2.421,1.504,0,3,34,59,141,0,3,16,63,129
7164,651101,6511.01,60002744.51161894,37593.99203761433,33.80831848072227,-118.33729809557396,381,TWIN TOWN TREATMENT CENTERS - TORRANCE,2.957,1.837,0,4,32,50,135,0,3,16,58,123
7165,651102,6511.02,9036319.15794004,14019.587663376036,33.82112047652481,-118.34627140325047,381,TWIN TOWN TREATMENT CENTERS - TORRANCE,1.31,0.814,0,6,23,50,149,2,6,16,63,137
7166,651201,6512.01,18761512.623139646,17306.130337996514,33.82099940518779,-118.36752777211912,592,CALIFORNIA CENTERS FOR RECOVERY INC,1.558,0.968,0,7,17,43,150,1,6,16,49,139
7167,651221,6512.21,7494941.2295413,11370.420750647376,33.8218962416072,-118.35501880556737,592,CALIFORNIA CENTERS FOR RECOVERY INC,1.012,0.629,0,6,20,47,150,2,6,17,60,140
7168,651222,6512.22,16464084.403144848,18095.57925880336,33.81265063436307,-118.35801533876875,592,CALIFORNIA CENTERS FOR RECOVERY INC,2.05,1.274,0,7,19,44,138,0,6,15,50,125
7169,651302,6513.02,25709384.93028103,31447.76448736939,33.806814549084635,-118.37119562065419,592,CALIFORNIA CENTERS FOR RECOVERY INC,3.045,1.892,0,7,17,39,128,0,7,13,44,118
7170,651401,6514.01,10826482.268204289,22279.88703271233,33.78658953001493,-118.33296302235979,694,MISSION PREP HEALTHCARE,2.685,1.668,0,4,29,44,107,0,4,24,50,100
7171,651402,6514.02,19689815.203010153,23718.00294214788,33.79656217130125,-118.34550563887288,695,MISSION PREP HEALTHCARE,3.622,2.25,0,6,29,43,119,0,6,16,49,110
7172,670001,6700.01,10109923.93215802,16601.056193515524,33.80386734514063,-118.31662877403767,222,NATIONAL COUNCIL ON ALCOHOLISM & DRUG DEPENDENCE OF THE SOUTH BAY,3.467,2.154,0,4,33,53,131,0,4,18,67,116
7173,670002,6700.02,9332663.19296341,12745.545498873897,33.794500513012096,-118.31324847344395,694,MISSION PREP HEALTHCARE,3.698,2.298,0,3,31,55,116,0,3,23,62,104
7174,670003,6700.03,16105730.437987955,18493.56333134973,33.79646087586435,-118.32279534832708,694,MISSION PREP HEALTHCARE,3.726,2.315,0,4,30,50,119,0,3,24,58,107
7175,670101,6701.01,11853179.639834458,22682.72027626369,33.782002414679475,-118.31256010815508,694,MISSION PREP HEALTHCARE,2.46,1.529,0,4,28,50,102,0,2,21,57,100
7176,670102,6701.02,5915487.936143268,12632.325261356384,33.78747273766185,-118.32087949931415,694,MISSION PREP HEALTHCARE,2.759,1.714,0,1,29,49,105,0,1,23,57,102
7177,670201,6702.01,52547040.21007867,51580.887190199224,33.778469618037946,-118.33969593617424,694,MISSION PREP HEALTHCARE,2.109,1.311,0,4,28,42,100,0,4,23,45,93
7178,670202,6702.02,32123648.22249447,27112.482639792783,33.788577333241456,-118.35790839110904,695,MISSION PREP HEALTHCARE,2.18,1.355,0,7,28,40,111,0,7,13,44,101
7179,670405,6704.05,16148042.938971754,22226.74966619433,33.76710348943045,-118.37489987411064,639,PENINSULA HEALTH CENTER,0.465,0.289,3,5,23,32,89,3,5,9,35,83
7180,670406,6704.06,12791417.011320556,14594.787033849118,33.76305764180581,-118.3853246899331,639,PENINSULA HEALTH CENTER,1.51,0.938,0,4,15,30,84,2,4,7,32,78
7181,670407,6704.07,13542857.551705724,17461.782579018607,33.77357674808961,-118.3868900464991,695,MISSION PREP HEALTHCARE,1.162,0.722,0,4,16,31,90,2,4,8,35,84
7182,670413,6704.13,23547265.445954382,21041.063035922452,33.7725836493043,-118.39748374241587,687,THROTTLE AND THRIVE,1.011,0.628,0,4,12,31,87,1,4,8,31,80
7183,670417,6704.17,21765018.511865035,20647.463871248496,33.776233334517464,-118.36902953187777,695,MISSION PREP HEALTHCARE,0.529,0.329,2,5,26,35,94,2,5,10,39,89
7184,670418,6704.18,27206445.004374657,25118.634032414055,33.786356231525474,-118.3788798183891,695,MISSION PREP HEALTHCARE,1.379,0.857,0,4,16,36,107,1,4,11,38,97
7185,670500,6705.00,83390188.88440889,48249.626535303934,33.760020703354535,-118.34717570561317,694,MISSION PREP HEALTHCARE,1.955,1.215,0,5,23,38,89,0,5,19,41,84
7186,670603,6706.03,41978989.53405354,36893.04913226959,33.75134565740698,-118.3835183633922,693,MISSION PREP HEALTHCARE,1.651,1.026,0,4,20,30,76,0,4,6,31,72
7187,670701,6707.01,31038764.776527368,33464.176618016856,33.76110028559629,-118.3132194296637,694,MISSION PREP HEALTHCARE,1.234,0.767,0,14,23,45,89,1,13,18,51,87
7188,670702,6707.02,73102623.95985404,61559.67631335727,33.751923805838835,-118.3263080565071,694,MISSION PREP HEALTHCARE,1.241,0.771,0,15,22,40,86,1,15,19,46,83
7189,700101,7001.01,7255567.451123971,13621.815398849578,34.092579562459754,-118.35246054117957,650,HEALING PATH RECOVERY LLC,0.481,0.299,3,42,129,249,472,5,36,87,278,451
7190,700102,7001.02,5284605.462387212,13568.187885106363,34.089282309745045,-118.35390998783409,650,HEALING PATH RECOVERY LLC,0.607,0.377,3,40,128,249,471,6,38,89,272,450
7191,700200,7002.00,7523640.405527794,14072.866257790005,34.09249477094982,-118.36531525484965,452,BREATHE LIFE HEALING CENTER,1.0,0.621,1,43,134,256,479,3,40,83,286,468
7192,700300,7003.00,6535097.875463082,14233.81372821289,34.091853299397656,-118.37207059609325,850,COLLABORATIVE ARTS WELLNESS CENTER,0.933,0.58,1,40,134,264,483,4,35,84,287,468
7193,700400,7004.00,14164288.32469012,21301.44414409126,34.08130352566237,-118.38115999646467,386,"TWIN TOWN TREATMENT CENTERS, WEST HOLLYWOOD",0.628,0.39,3,39,131,258,485,5,38,87,285,462
7194,700501,7005.01,6430758.302443302,15072.422994609191,34.08763940735473,-118.38784269520633,575,WEST HOLLYWOOD ATC LLC ,0.199,0.124,4,35,133,271,492,4,32,80,290,474
7195,700502,7005.02,5425279.8316498,10805.421034358586,34.09029652340673,-118.38071946457383,850,COLLABORATIVE ARTS WELLNESS CENTER,0.373,0.232,3,34,133,270,490,4,33,87,286,474
7196,700600,7006.00,61184707.763384975,47191.85539758201,34.0902056688981,-118.4008469889317,575,WEST HOLLYWOOD ATC LLC ,1.133,0.704,0,25,130,269,492,3,22,85,297,475
7197,700700,7007.00,38002136.42706234,32140.976495075727,34.080525764835585,-118.4165705086851,808,WE CARE OUTPATIENT LLC,2.202,1.368,0,27,119,258,484,0,21,71,294,472
7198,700801,7008.01,15658674.912626006,20079.46204961498,34.07171558556575,-118.39679300172928,808,WE CARE OUTPATIENT LLC,0.789,0.49,1,39,118,246,480,3,38,85,272,461
7199,700802,7008.02,7376785.23750455,15092.749462078833,34.068427237376405,-118.38209512426381,728,MISSION ADDICTION TREATMENT ,0.388,0.241,2,42,123,233,475,2,40,90,260,449
7200,700901,7009.01,11341285.112797039,18848.963031473362,34.06270828262875,-118.3831027062089,728,MISSION ADDICTION TREATMENT ,0.591,0.367,2,45,127,224,469,4,42,91,251,442
7201,700902,7009.02,10273223.648426589,12943.369440262595,34.06208764413184,-118.3944123797714,808,WE CARE OUTPATIENT LLC,0.714,0.444,2,45,119,227,473,5,42,81,254,446
7202,701000,7010.00,15311685.690823535,18861.280952592697,34.06187402250244,-118.40578532879374,808,WE CARE OUTPATIENT LLC,0.601,0.374,3,41,112,228,478,4,38,77,255,459
7203,701201,7012.01,20903323.556850046,18461.253965931584,34.04120842226946,-118.49436101597954,596,NEWPORT ACADEMY,1.464,0.91,0,13,46,145,449,1,11,30,185,436
7204,701202,7012.02,4356353.866516296,9141.42635729867,34.0339291246119,-118.48982545655339,596,NEWPORT ACADEMY,0.654,0.406,1,17,49,134,442,2,16,37,165,427
7205,701302,7013.02,4909289.987755732,9926.766776484768,34.0274133998265,-118.497852500187,686,THE MALONE COLLECTIVE ,0.84,0.522,1,12,46,119,441,2,12,29,142,416
7206,701501,7015.01,6646394.927905531,12368.110648441894,34.028161523753916,-118.49043358111972,596,NEWPORT ACADEMY,0.784,0.487,2,16,50,126,438,2,14,37,147,419
7207,701502,7015.02,6568032.056460832,12372.155576684698,34.02546452605407,-118.48724706522746,596,NEWPORT ACADEMY,0.803,0.499,2,19,50,119,434,4,18,40,141,413
7208,701601,7016.01,13134279.922631484,16313.024378075872,34.03926129412715,-118.4796388862365,596,NEWPORT ACADEMY,0.886,0.551,2,17,59,151,449,3,17,42,174,432
7209,701602,7016.02,7110015.772115901,13129.854186089742,34.03501427541443,-118.47543954076227,596,NEWPORT ACADEMY,0.796,0.495,1,20,59,143,445,3,19,44,167,428
7210,701701,7017.01,7066995.929529206,13121.904621999844,34.032341866619404,-118.47226535949225,439,THE CANYON AT SANTA MONICA,0.984,0.612,1,24,60,139,449,3,21,48,165,426
7211,701702,7017.02,6533599.442906596,12326.445861401131,34.02277357255398,-118.48410860948495,686,THE MALONE COLLECTIVE ,0.948,0.589,1,19,51,115,432,4,19,41,138,414
7212,701801,7018.01,20406002.007378895,19296.118442387124,34.02745378262036,-118.465753195971,439,THE CANYON AT SANTA MONICA,1.299,0.807,0,27,62,128,442,3,26,49,166,427
7213,701802,7018.02,13441697.94695422,15298.95020858773,34.01889550052482,-118.47898312398533,240,PICO OUTPATIENT,0.654,0.407,2,22,54,110,427,4,21,43,134,414
7214,702201,7022.01,12961164.315396864,15231.651892356018,34.01335690742384,-118.4729975998522,240,PICO OUTPATIENT,0.721,0.448,2,22,56,105,427,2,21,45,124,401
7215,702202,7022.02,10889856.899047434,13839.062702786927,34.00817244802631,-118.46723195914716,240,PICO OUTPATIENT,1.372,0.852,0,23,57,102,416,2,22,48,121,390
7216,702300,7023.00,27898921.728534777,21132.562902088142,34.01829550639067,-118.45598235650422,496,THRIVE TREATMENT,0.411,0.255,1,37,62,120,436,2,34,54,156,418
7217,702400,7024.00,21514103.006377354,24216.780470240803,34.025471475092,-118.3845139379942,388,BEIT T'SHUVAH,0.604,0.375,2,43,116,181,410,2,41,81,202,395
7218,702501,7025.01,14464966.215446325,16130.309507656011,34.014932701546584,-118.39675053709276,513,"SILICON BEACH OUTPATIENT CENTER, LLC",0.924,0.574,2,36,98,169,398,5,35,77,186,389
7219,702502,7025.02,19551422.234649424,25733.14598803636,34.013683085362196,-118.38437811907663,959,ORBIT LA,1.1,0.684,0,35,104,173,399,1,35,78,187,378
7220,702600,7026.00,23398949.807695184,24162.53853183169,33.99533686962665,-118.39554402309246,309,DIDI HIRSCH MENTAL HEALTH SERVICES- SEPULVEDA SITE,1.031,0.641,0,25,89,159,374,4,24,61,176,341
7221,702700,7027.00,14542216.494489947,17600.488825726337,34.005634457656754,-118.40220020571884,309,DIDI HIRSCH MENTAL HEALTH SERVICES- SEPULVEDA SITE,0.472,0.293,3,29,94,166,393,7,26,73,173,378
7222,702801,7028.01,12854018.478082396,14969.395253226765,34.011472929518526,-118.41019806973982,457,MUSE TREATMENT,0.184,0.114,2,36,88,158,400,9,33,74,178,389
7223,702802,7028.02,6566533.846376477,15448.873611752013,34.00536524155689,-118.41654408580392,793,ASCEND CULVER,0.489,0.304,3,34,85,152,396,9,34,67,167,382
7224,702803,7028.03,9120630.734702047,27442.569027381494,33.99564277356159,-118.4331054983674,617,MISSION HARBOR BEHAVIORAL HEALTH,1.095,0.68,0,33,70,122,385,5,27,54,144,361
7225,702900,7029.00,40430904.301415764,25965.913567522453,33.97649768339496,-118.4485754781994,469,LAT INTENSIVE OUTPATIENT PROGRAMS INC.,1.593,0.99,0,17,55,103,341,1,15,42,116,315
7226,703002,7030.02,35270849.59215221,27859.362899160486,33.98747342678874,-118.37303874134523,349,CNV DETOX,1.957,1.216,0,22,92,173,340,0,19,55,184,325
7227,703003,7030.03,21751985.835473504,25269.687140557824,33.9858225073206,-118.38867384630953,349,CNV DETOX,1.303,0.81,0,23,86,162,344,3,21,54,177,320
7228,703100,7031.00,28677375.86875449,26781.16120359665,33.99307789202863,-118.35483640050963,930,CALIFORNIA INSTITUTE OF HEALTH & SOCIAL SERVICES ALCOHOL & DRUG EDUCATION PROGRAM ,2.27,1.41,0,15,100,178,340,0,14,70,192,324
7229,703200,7032.00,22673956.225039758,22823.004539282152,33.99859331741692,-118.34017548763762,331,ASIAN AMERICAN DRUG ABUSE PROGRAM,1.027,0.638,0,14,103,185,342,2,13,72,195,320
7230,800101,8001.01,87143308.85676299,55793.37654637862,34.13406940608096,-118.62684275948736,886,RESTART RECOVERY,1.124,0.698,0,20,89,173,377,2,20,54,191,355
7231,800103,8001.03,198856351.05701715,83088.75523578477,34.118879518706244,-118.60184415030578,886,RESTART RECOVERY,2.358,1.466,0,8,87,176,408,0,6,61,203,395
7232,800104,8001.04,368507387.69689256,154192.8982343085,34.09236297961902,-118.63772308178906,748,HEALING HORIZON REHAB CENTER ,4.467,2.776,0,1,31,130,353,0,1,12,145,338
7233,800202,8002.02,294810947.0827091,89207.90364926809,34.11500100845302,-118.68401206208856,748,HEALING HORIZON REHAB CENTER ,3.863,2.4,0,4,40,110,285,0,3,20,128,273
7234,800204,8002.04,86627959.77287532,58746.063501886274,34.146368018248985,-118.6580016116313,604,ASCENTIONS TREATMENT CENTER,0.839,0.521,1,17,66,157,320,2,16,42,172,312
7235,800205,8002.05,13999366.468383977,18758.03528703123,34.16097060346169,-118.69765773105203,707,CALABASAS RECOVERY CENTER,2.529,1.571,0,7,50,111,276,0,7,28,137,265
7236,800206,8002.06,99745938.20047265,49605.95110155958,34.16074386486562,-118.66968969914697,604,ASCENTIONS TREATMENT CENTER,1.507,0.936,0,16,61,153,305,1,16,43,170,297
7237,800324,8003.24,38613864.990305,32111.63817916084,34.150841599161815,-118.78020251986138,429,INSPIRE MALIBU,0.535,0.332,2,13,16,56,182,3,12,16,64,166
7238,800325,8003.25,24868218.643380284,25116.77271935186,34.14418567449209,-118.8181633076417,601,NEWPORT ACADEMY,1.824,1.133,0,6,16,41,120,0,5,14,45,109
7239,800328,8003.28,103737316.53731588,39770.374472030635,34.153157881586935,-118.7176127440785,707,CALABASAS RECOVERY CENTER,1.409,0.876,0,8,35,91,245,1,8,21,104,231
7240,800333,8003.33,13816595.014582234,18554.994305726632,34.14724491563486,-118.75040600004498,485,AWAKENINGS TREATMENT CENTER,0.453,0.281,1,14,20,73,211,5,14,15,81,203
7241,800334,8003.34,51034301.19788809,33469.697542208654,34.159124487013436,-118.74400026363746,485,AWAKENINGS TREATMENT CENTER,1.853,1.152,0,11,20,72,218,0,11,15,79,210
7242,800335,8003.35,759510733.8978631,210839.9300501552,34.109067068954694,-118.79520839476191,588,OHANA RECOVERY CENTER,0.559,0.347,1,8,36,48,133,1,8,16,51,116
7243,800336,8003.36,213050410.41272327,79481.40357181823,34.12320649509089,-118.74266124350586,698,COMFORT RECOVERY TREATMENT CENTER LLC,1.818,1.129,0,12,21,77,209,0,12,18,85,197
7244,800337,8003.37,29977068.463007476,30839.41765958355,34.13455328509914,-118.7098858137871,707,CALABASAS RECOVERY CENTER,0.786,0.488,1,7,34,92,254,2,6,23,110,235
7245,800338,8003.38,68425907.14924885,43480.34871344411,34.16015681859542,-118.78140659786948,429,INSPIRE MALIBU,1.56,0.97,0,11,16,49,181,1,11,15,60,169
7246,900102,9001.02,4743387791.251284,321319.2827293846,34.689292856752,-117.75503694269332,456,DESIGN FOR CHANGE,32.479,20.182,0,0,0,0,0,0,0,0,0,0
7247,900103,9001.03,215056395.9279932,64046.245536721915,34.63048125898013,-117.84332022959157,622,LVRC2,22.707,14.11,0,0,0,0,1,0,0,0,0,1
7248,900104,9001.04,458512830.4156882,86062.9574131185,34.587216123441415,-117.84484124223567,622,LVRC2,20.909,12.992,0,0,0,0,2,0,0,0,0,1
7249,900301,9003.01,71467670.81131716,42803.46656354987,34.702360594901506,-118.06453749262943,456,DESIGN FOR CHANGE,4.433,2.754,0,2,19,29,38,0,2,12,29,36
7250,900501,9005.01,33556917.90069274,23285.561697443623,34.68233855590747,-118.123120777959,536,NEW ROAD RECOVERY ,0.827,0.514,1,21,26,32,42,4,20,23,34,42
7251,900504,9005.04,113815430.10861091,64103.634557949044,34.66353942065721,-118.10573255427852,532,PENNY LANE CENTERS,2.431,1.511,0,7,29,34,43,0,4,22,34,42
7252,900505,9005.05,14109167.006809764,15916.09687228913,34.68224915484399,-118.10806102287597,456,DESIGN FOR CHANGE,0.79,0.491,2,17,26,32,42,2,16,23,33,42
7253,900506,9005.06,14074252.104580311,15929.150222670049,34.68233984353067,-118.09915289527738,456,DESIGN FOR CHANGE,1.265,0.786,0,12,23,31,42,2,11,22,34,40
7254,900508,9005.08,42899843.50551487,26702.936483800528,34.67891766820482,-118.06797006994707,456,DESIGN FOR CHANGE,4.03,2.504,0,2,21,29,40,0,2,13,32,39
7255,900509,9005.09,17806903.145914238,18635.459765140917,34.680580546192175,-118.09022311313541,456,DESIGN FOR CHANGE,2.064,1.282,0,4,23,30,42,0,4,21,34,40
7256,900510,9005.10,24672612.63534044,26587.73321844752,34.67759156933821,-118.08255438636758,456,DESIGN FOR CHANGE,2.84,1.764,0,4,23,30,42,0,4,19,33,41
7257,900602,9006.02,55347821.8715532,31565.50835925373,34.71148225781245,-118.12094618910011,291,"TARZANA TREATMENT CENTERS, INC.",2.486,1.545,0,17,25,32,40,0,17,23,34,39
7258,900606,9006.06,18758925.53351994,20787.787449316776,34.700481213057586,-118.12444981193802,291,"TARZANA TREATMENT CENTERS, INC.",1.57,0.976,0,19,25,32,41,1,18,23,33,40
7259,900607,9006.07,18438391.25202015,20160.413956185756,34.693207079201194,-118.12411838577121,536,NEW ROAD RECOVERY ,1.001,0.622,0,21,25,32,41,3,19,23,33,41
7260,900608,9006.08,14400500.961814087,16063.522357789889,34.69681686256577,-118.10817759511471,291,"TARZANA TREATMENT CENTERS, INC.",0.848,0.527,2,16,23,32,40,2,16,23,32,40
7261,900609,9006.09,28215848.05668431,26560.1283150333,34.70408481685386,-118.0992818046271,456,DESIGN FOR CHANGE,1.944,1.208,0,13,23,30,40,0,8,22,32,39
7262,900610,9006.10,35453163.078531645,26607.49034854273,34.70944385346225,-118.08512894642985,456,DESIGN FOR CHANGE,3.224,2.003,0,3,23,29,38,0,2,18,30,37
7263,900611,9006.11,21228926.207988236,21283.938958170504,34.69581983424406,-118.08739669270877,456,DESIGN FOR CHANGE,2.22,1.38,0,4,23,29,40,0,4,20,31,39
7264,900701,9007.01,22535922.333890352,19147.70427926868,34.68197361046406,-118.14082224704852,536,NEW ROAD RECOVERY ,1.019,0.633,0,23,27,34,44,9,23,25,34,42
7265,900703,9007.03,27968912.567869313,21130.18266358567,34.68210445616802,-118.15676869177098,539,NEW DAY REHAB CENTER,0.8,0.497,3,23,30,33,45,10,23,25,36,45
7266,900704,9007.04,55732358.26281453,31795.313175695686,34.65978229357915,-118.13895270780182,532,PENNY LANE CENTERS,1.751,1.088,0,20,30,35,44,0,20,27,35,44
7267,900705,9007.05,56834643.01149099,31928.32140282707,34.660290951252584,-118.15668602248489,541,NEW DAY REHAB CENTER,0.288,0.179,2,23,32,34,45,2,19,28,36,45
7268,900804,9008.04,15877840.99150664,16713.242670651398,34.710974044199936,-118.14321623980189,738,CHANGE LANES YOUTH SUPPORT SERVICES,1.22,0.758,0,21,25,34,41,2,20,23,34,40
7269,900805,9008.05,28395563.13014136,21300.462023111195,34.69668585005825,-118.15694410978743,494,LAKE HUGHES RECOVERY,0.569,0.353,11,23,26,34,44,13,23,25,34,41
7270,900806,9008.06,19327049.34287516,17961.45238219982,34.696444932911106,-118.14198838278406,297,"TARZANA TREATMENT CENTERS, INC. ",0.493,0.306,8,23,25,33,41,12,23,25,34,41
7271,900807,9008.07,14190332.868029036,16011.805455243844,34.71131045261434,-118.16160797350122,738,CHANGE LANES YOUTH SUPPORT SERVICES,1.129,0.702,0,18,25,32,42,1,18,25,34,42
7272,900808,9008.08,14256282.095027493,15960.108211256294,34.711273479398606,-118.15270801739743,738,CHANGE LANES YOUTH SUPPORT SERVICES,0.833,0.518,1,21,25,33,42,1,21,25,34,40
7273,900901,9009.01,1018531605.274908,152997.2915471205,34.73230780027557,-118.24377939374028,714,NEW LIFE RECOVERY CENTER,5.918,3.678,0,0,22,31,42,0,0,5,33,40
7274,900902,9009.02,1280411651.2677116,176494.55112466522,34.78779534863067,-118.2272607313555,714,NEW LIFE RECOVERY CENTER,4.306,2.676,0,1,1,23,35,0,1,1,28,35
7275,901003,9010.03,28035970.21735465,21202.399754893504,34.69674143488986,-118.22788026585752,950,INCARE RECOVERY CENTER INC,3.685,2.29,0,5,27,34,45,0,5,25,34,45
7276,901007,9010.07,56101514.319166444,31618.58291602525,34.65304535512005,-118.18326188588355,933,PAVING THE WAY FOUNDATION,2.142,1.331,0,11,31,36,46,0,10,30,37,46
7277,901008,9010.08,28869391.460556783,21521.08069772305,34.69664724558629,-118.17482300315912,648,"ALPHA RECOVERY CENTER, INC.",0.41,0.255,1,22,29,34,44,4,20,25,35,44
7278,901009,9010.09,28565284.59885077,21393.30906379211,34.68215469029899,-118.17466899235592,669,RESILIENT RECOVERY TREATMENT CENTER,0.593,0.368,2,23,30,35,45,3,23,26,36,45
7279,901010,9010.10,28613990.299166445,21453.35500261866,34.66748325737416,-118.19246307239524,531,QUEST 2 RECOVERY,1.724,1.071,0,19,31,37,46,0,18,30,37,45
7280,901011,9010.11,28755361.797955014,21431.50264054857,34.66760730110037,-118.17457598590384,933,PAVING THE WAY FOUNDATION,1.406,0.874,0,23,30,35,45,4,23,29,37,45
7281,901012,9010.12,41814854.2422338,26392.069743213604,34.68213300130932,-118.22345539147122,531,QUEST 2 RECOVERY,2.423,1.506,0,6,28,35,47,0,6,25,36,45
7282,901013,9010.13,31811402.53506403,26571.76221517394,34.68062399300186,-118.19882498697925,669,RESILIENT RECOVERY TREATMENT CENTER,1.646,1.023,0,20,31,36,45,0,19,27,37,45
7283,901014,9010.14,67301569.99836715,37213.76347801472,34.695130989821486,-118.19993224145414,950,INCARE RECOVERY CENTER INC,1.139,0.708,0,19,29,34,44,1,19,27,36,44
7284,901101,9011.01,56221615.22660557,31894.613805582263,34.66022574072205,-118.22751798821508,531,QUEST 2 RECOVERY,1.585,0.985,0,6,30,37,47,2,6,23,38,47
7285,901102,9011.02,54951940.2906368,31481.120540530577,34.66044313388271,-118.21012749426981,900,MIRACLE PATH RECOVERY,0.024,0.015,2,11,31,37,47,2,11,29,38,46
7286,901209,9012.09,6428813477.015134,568504.3965873626,34.76049924352746,-118.58075306074447,725,"LH BLUE SKY, INC.",12.423,7.719,0,0,0,1,2,0,0,0,1,2
7287,901210,9012.10,248390223.6165716,100370.44028486895,34.674462131452465,-118.38696147739552,832,PEACEFUL HILLS INC,2.971,1.846,0,1,5,7,40,0,1,1,9,40
7288,901214,9012.14,55992777.29996324,31793.471753336842,34.67473755656443,-118.24526096035758,641,ALPHA RECOVERY CENTER,2.243,1.394,0,5,26,34,47,0,5,13,36,46
7289,901215,9012.15,28048613.663411506,21192.331315411062,34.65288793987085,-118.24500259983593,649,LIFEHOUSE RECOVERY INC.,1.457,0.905,0,5,27,37,47,1,5,13,39,47
7290,901216,9012.16,446802988.5264252,94709.51509246821,34.67766866140703,-118.28487057954817,279,TARZANA TREATMENT CENTERS,1.571,0.976,0,2,11,33,45,1,2,7,35,45
7291,901217,9012.17,627122462.9300019,178870.38766978626,34.62580291346979,-118.30675509134524,626,LEONA VALLEY RECOVERY CENTER,1.099,0.683,0,2,8,22,48,1,2,6,29,48
7292,901218,9012.18,112889954.14438568,43257.7817535035,34.630891585727085,-118.25326248302231,649,LIFEHOUSE RECOVERY INC.,1.141,0.709,0,3,16,40,48,1,3,8,42,47
7293,901300,9013.00,2904353757.3855767,295988.2654984171,34.71616409348641,-117.9817187928284,456,DESIGN FOR CHANGE,12.13,7.537,0,0,0,4,32,0,0,0,14,31
7294,910002,9100.02,781206641.4131492,131039.68420725423,34.53401985303436,-117.9073799522935,622,LVRC2,14.554,9.043,0,0,0,1,5,0,0,0,1,5
7295,910210,9102.10,34109937.08116452,25228.43437604819,34.61736024966076,-118.19478473591678,817,DESERT PARADISE DETOX & REHAB CENTER,2.605,1.618,0,4,30,40,46,0,3,13,42,46
7296,910211,9102.11,43961167.01742367,26640.49314052259,34.63854331560881,-118.19670595815622,900,MIRACLE PATH RECOVERY,2.709,1.683,0,9,31,37,46,0,7,27,39,46
7297,910212,9102.12,152411009.68999353,63569.76503566524,34.625946821477086,-118.17243607432742,817,DESERT PARADISE DETOX & REHAB CENTER,1.997,1.241,0,4,33,39,46,0,4,25,40,46
7298,910213,9102.13,315021070.0642637,80964.9170728003,34.534417232018114,-118.1329874039181,685,DIGNITY DETOX CENTER,1.509,0.938,0,1,9,13,44,1,1,6,19,44
7299,910214,9102.14,47268913.84982562,33124.48403921934,34.59530859642244,-118.1742739303084,873,12STEPSNOW,0.731,0.454,1,3,15,40,46,2,2,9,43,46
7300,910215,9102.15,34567038.962185234,25893.633281395716,34.596321804868765,-118.15577727005964,873,12STEPSNOW,1.355,0.842,0,4,14,38,45,1,4,8,40,45
7301,910216,9102.16,29978976.111477617,29198.8017741033,34.60511592199895,-118.19400121748062,873,12STEPSNOW,2.286,1.421,0,3,17,41,46,0,3,9,43,46
7302,910217,9102.17,645736294.1518525,155708.09761810975,34.57401334804551,-118.22701448368086,671,BRIGHT MISSION RECOVERY,5.867,3.646,0,0,10,37,47,0,0,6,42,47
7303,910218,9102.18,180435821.4132484,59894.5595185375,34.616258192814755,-118.13733324445121,817,DESERT PARADISE DETOX & REHAB CENTER,2.992,1.859,0,4,30,36,45,0,4,10,36,45
7304,910301,9103.01,42486465.288870476,27792.292284100342,34.638280115706586,-118.22304712484342,943,CLEAR PATH RECOVERY,1.223,0.76,0,5,30,38,47,1,5,13,41,47
7305,910302,9103.02,43339930.6979742,30600.61225168484,34.6229799219551,-118.22141061290198,943,CLEAR PATH RECOVERY,1.146,0.712,0,4,23,41,47,1,4,11,41,46
7306,910401,9104.01,101357094.96129297,40609.62444316609,34.57249986179811,-118.14906572689203,301,"TARZANA TREATMENT CENTERS, INC.",2.405,1.494,0,5,11,38,44,0,5,5,39,44
7307,910404,9104.04,27724821.838518426,20703.448975163425,34.56521590535315,-118.12413961308508,301,"TARZANA TREATMENT CENTERS, INC.",1.517,0.943,0,3,7,34,44,1,3,6,37,44
7308,910405,9104.05,25837604.458886724,20585.975935979397,34.579652897749234,-118.12553008717025,301,"TARZANA TREATMENT CENTERS, INC.",0.169,0.105,1,4,8,37,44,2,4,6,38,44
7309,910501,9105.01,16107945.708629055,16720.890799144592,34.580210578286554,-118.11253116074647,302,"TARZANA TREATMENT CENTERS, INC.",0.197,0.123,1,3,7,36,44,2,3,6,37,44
7310,910502,9105.02,21564768.291946076,18776.368871738236,34.5800298641977,-118.10081693650402,302,"TARZANA TREATMENT CENTERS, INC.",0.881,0.547,1,3,6,35,44,1,2,6,36,44
7311,910504,9105.04,17106055.068816215,18972.543211189626,34.56907181295168,-118.10461557506514,302,"TARZANA TREATMENT CENTERS, INC.",1.307,0.812,0,4,6,32,44,1,4,6,36,44
7312,910505,9105.05,17334259.84084022,23279.69502815225,34.56178388475128,-118.10480803327663,302,"TARZANA TREATMENT CENTERS, INC.",2.069,1.285,0,4,6,27,44,0,4,6,34,44
7313,910601,9106.01,28596497.704498395,26967.793908221418,34.583814816683756,-118.07636895609397,302,"TARZANA TREATMENT CENTERS, INC.",3.151,1.958,0,3,6,29,43,0,2,4,34,43
7314,910602,9106.02,21530790.206439212,21298.217269202658,34.576485399081776,-118.08070970943922,302,"TARZANA TREATMENT CENTERS, INC.",2.746,1.707,0,3,6,29,43,0,3,4,34,43
7315,910605,9106.05,14529007.254188651,16156.219666817638,34.56930073164309,-118.06718070129254,622,LVRC2,3.189,1.982,0,2,4,15,43,0,2,4,27,41
7316,910606,9106.06,14695432.818598825,16244.413593225987,34.561854293469594,-118.0672824728411,622,LVRC2,2.362,1.468,0,2,4,14,43,0,2,4,17,41
7317,910607,9106.07,13180402.453824867,16027.037806395309,34.565959637391735,-118.08966712086277,302,"TARZANA TREATMENT CENTERS, INC.",2.446,1.52,0,4,6,24,44,0,3,4,32,43
7318,910608,9106.08,15130090.733682375,17620.039333427772,34.5650394800186,-118.08101235176458,622,LVRC2,3.039,1.888,0,3,6,16,43,0,3,4,30,43
7319,910706,9107.06,222950024.60516196,73423.91970251883,34.55314700502477,-118.00519945961037,622,LVRC2,5.745,3.57,0,0,1,4,37,0,0,1,5,35
7320,910707,9107.07,72311493.21353376,35064.6114896769,34.5458018667417,-118.0973364615936,622,LVRC2,2.921,1.815,0,4,6,12,44,0,4,4,16,44
7321,910709,9107.09,155920559.24972987,61802.53760955901,34.52895742764843,-118.03863487315262,622,LVRC2,2.828,1.757,0,1,4,8,38,0,1,1,8,37
7322,910712,9107.12,22286649.97978021,19254.70955088383,34.55041093445306,-118.05192083887121,622,LVRC2,1.691,1.051,0,1,4,8,40,0,1,4,12,39
7323,910713,9107.13,21284571.019857895,18666.697172306067,34.572640294432105,-118.03840051588095,622,LVRC2,4.368,2.714,0,1,4,11,38,0,1,3,14,38
7324,910714,9107.14,10804986.966507321,13480.661411540088,34.561682213422344,-118.03841781124498,622,LVRC2,3.448,2.142,0,1,4,8,38,0,1,2,12,38
7325,910715,9107.15,21389715.55818596,21469.71100028735,34.554150722092615,-118.06976006166498,622,LVRC2,1.54,0.957,0,2,4,12,42,1,2,4,16,40
7326,910716,9107.16,26553884.36675769,24707.145035575857,34.54644341178287,-118.07439337370813,622,LVRC2,0.999,0.621,1,2,4,11,43,1,1,4,12,41
7327,910717,9107.17,18586491.03234753,18947.133417636305,34.566482685018215,-118.01235616778791,622,LVRC2,5.697,3.54,0,0,2,5,37,0,0,1,7,36
7328,910718,9107.18,21751572.692750126,20281.225892798702,34.56455716541911,-118.02466196296965,622,LVRC2,4.632,2.878,0,1,3,6,38,0,1,2,9,37
7329,910719,9107.19,21473610.907255102,21433.566405608974,34.57608785762337,-118.01833182576999,622,LVRC2,5.886,3.657,0,0,3,7,38,0,0,1,11,37
7330,910720,9107.20,18036538.45306556,18849.973366741655,34.56482781771072,-118.05262684124607,622,LVRC2,2.958,1.838,0,1,4,12,40,0,1,4,15,39
7331,910721,9107.21,21064508.463883482,24064.650352041688,34.575352295871596,-118.0546352690672,622,LVRC2,4.0,2.485,0,1,4,14,40,0,1,3,26,39
7332,910804,9108.04,562443705.9000286,122942.31104565816,34.51740598761664,-118.18849609661495,794,MOUNTAIN VIEW DETOX INC.,2.158,1.341,0,2,8,15,46,0,2,5,17,46
7333,910807,9108.07,59474159.41297808,38472.52517859434,34.44099619646973,-118.41057462789426,768,AYA REHAB CENTER LLC,3.707,2.303,0,2,8,18,82,0,2,2,23,71
7334,910808,9108.08,116487918.52305622,62834.62280893909,34.46190356792476,-118.38996120491704,768,AYA REHAB CENTER LLC,3.846,2.39,0,1,5,13,61,0,1,3,14,55
7335,910809,9108.09,104639251.82383631,48323.72294575665,34.40636307592102,-118.4084838025218,821,LIVE OAK WELLNESS CENTER,0.302,0.188,1,1,5,29,159,1,1,2,33,136
7336,910810,9108.10,238246788.7065836,72492.0792499868,34.45522725685579,-118.3565718049592,351,VALLEY RECOVERY CENTER OF AGUA DULCE,3.435,2.134,0,1,5,11,61,0,1,5,14,52
7337,910814,9108.14,863772922.486843,158308.45961740147,34.5133604964749,-118.3083447590532,647,LIFEHOUSE RECOVERY INC.,0.343,0.213,1,4,5,11,52,2,4,5,15,41
7338,910815,9108.15,5073501860.2705965,484681.33664157573,34.436847961465716,-118.16412317245005,923,SOBER NATION,3.733,2.319,0,1,2,6,24,0,1,2,7,19
7339,911001,9110.01,4027571118.5069537,354126.3619571005,34.484880966369694,-117.80516388760763,622,LVRC2,24.696,15.345,0,0,0,0,1,0,0,0,0,0
7340,911100,9111.00,1747388708.4562957,225262.0570995134,34.60996033743878,-117.9789308390945,622,LVRC2,11.093,6.893,0,0,0,4,36,0,0,0,6,34
7341,920013,9200.13,87872872.1173462,45964.88062843118,34.43050946136648,-118.51466964757917,521,HEALTHY LIVING RESIDENTIAL PROGRAM,1.546,0.961,0,8,14,22,112,1,8,12,26,101
7342,920015,9200.15,92264706.35345216,58522.71783991112,34.47829841382086,-118.52151492287763,934,SPECIALTY REHABILITATION CENTER,3.124,1.941,0,3,10,15,52,0,3,8,15,44
7343,920016,9200.16,22800444.469141826,21890.282071824586,34.463883253136935,-118.52089254954534,934,SPECIALTY REHABILITATION CENTER,2.017,1.253,0,4,11,15,69,0,3,8,15,60
7344,920017,9200.17,22354788.929508995,20513.91505014409,34.44233393975499,-118.5278217165121,521,HEALTHY LIVING RESIDENTIAL PROGRAM,0.607,0.377,1,8,14,16,94,1,8,11,20,86
7345,920018,9200.18,10412819.612484565,13125.238725301022,34.455898507430305,-118.5295587038894,521,HEALTHY LIVING RESIDENTIAL PROGRAM,2.094,1.301,0,4,14,15,79,0,4,8,15,68
7346,920020,9200.20,116828058.62153389,62137.345614408936,34.470594578571685,-118.48990194720419,934,SPECIALTY REHABILITATION CENTER,1.955,1.215,0,2,9,16,60,0,2,8,16,50
7347,920028,9200.28,27707837.70438503,30121.48903165244,34.43959667845375,-118.48666225155537,683,ANSUVA INC,2.135,1.327,0,7,14,20,103,0,7,10,26,92
7348,920029,9200.29,26161758.99142245,29573.160552802452,34.430426429076306,-118.48612150629819,625,"ASPIRE COUNSELING SERVICES - SANTA CLARITA, LLC",2.656,1.651,0,7,14,23,117,0,7,11,28,103
7349,920030,9200.30,28491548.742544487,23883.31697494917,34.415150687138784,-118.4899723616208,625,"ASPIRE COUNSELING SERVICES - SANTA CLARITA, LLC",1.335,0.83,0,7,14,28,152,1,7,13,34,132
7350,920031,9200.31,72770486.0113692,51825.64930720016,34.400108793225776,-118.4866401839752,625,"ASPIRE COUNSELING SERVICES - SANTA CLARITA, LLC",2.028,1.26,0,4,16,33,175,0,3,13,38,161
7351,920034,9200.34,97010180.50797647,45095.589251822385,34.438810200643566,-118.45119462251172,768,AYA REHAB CENTER LLC,3.928,2.441,0,2,10,20,103,0,1,9,24,86
7352,920035,9200.35,26548828.834374715,20241.10780466643,34.41931537488531,-118.46405944060743,625,"ASPIRE COUNSELING SERVICES - SANTA CLARITA, LLC",3.752,2.331,0,3,13,26,137,0,3,9,30,126
7353,920038,9200.38,10689439.149634294,19846.962012660464,34.4236729935253,-118.44697851860442,821,LIVE OAK WELLNESS CENTER,3.975,2.47,0,1,11,24,127,0,1,9,29,118
7354,920039,9200.39,11226689.004693687,17515.63269341121,34.422150239979665,-118.43999486519651,821,LIVE OAK WELLNESS CENTER,3.352,2.083,0,1,9,25,130,0,1,7,30,119
7355,920040,9200.40,31861962.891775776,27203.38948199228,34.43561288856348,-118.42747681183494,821,LIVE OAK WELLNESS CENTER,3.814,2.37,0,2,10,22,107,0,2,6,23,83
7356,920041,9200.41,19376055.751608856,21039.564663684272,34.418058139016644,-118.43335407682832,821,LIVE OAK WELLNESS CENTER,2.591,1.61,0,1,9,25,137,0,1,7,32,120
7357,920042,9200.42,40746850.370115794,39481.58586252129,34.3969928445575,-118.47136903293503,625,"ASPIRE COUNSELING SERVICES - SANTA CLARITA, LLC",3.391,2.107,0,3,17,35,183,0,3,12,40,166
7358,920043,9200.43,201156445.99428004,67360.64227650408,34.39188236505751,-118.44496277217591,821,LIVE OAK WELLNESS CENTER,3.442,2.139,0,1,16,35,188,0,1,4,41,177
7359,920044,9200.44,10764345.886055648,15038.945808176251,34.444127600216504,-118.51625810051041,683,ANSUVA INC,1.142,0.709,0,8,13,17,97,2,8,9,20,86
7360,920045,9200.45,20125039.83355599,19934.12070256546,34.453397459275344,-118.51691090873976,683,ANSUVA INC,1.053,0.654,0,6,13,15,83,2,6,8,17,70
7361,920046,9200.46,4577354.73330972,14398.226529776119,34.41543290253966,-118.44927002124298,821,LIVE OAK WELLNESS CENTER,3.76,2.336,0,1,13,27,143,0,1,9,31,129
7362,920047,9200.47,5554948.788729775,11439.83923864713,34.411625095069134,-118.45170881508993,821,LIVE OAK WELLNESS CENTER,3.861,2.399,0,2,13,29,156,0,2,9,33,135
7363,920048,9200.48,28680434.272317782,31982.349532250704,34.42266200067408,-118.48482119683301,625,"ASPIRE COUNSELING SERVICES - SANTA CLARITA, LLC",2.14,1.329,0,7,14,25,133,0,7,13,31,116
7364,920049,9200.49,305382378.6811922,93722.63566655765,34.46748632952392,-118.44513608005173,768,AYA REHAB CENTER LLC,1.342,0.834,0,1,9,17,59,1,1,4,17,50
7365,920050,9200.50,2502913286.8466787,286742.3294022644,34.5522142034799,-118.4116884387753,768,AYA REHAB CENTER LLC,9.322,5.792,0,0,3,10,33,0,0,0,10,33
7366,920102,9201.02,6692471294.836502,429191.04303734866,34.63262958661274,-118.59747625408754,725,"LH BLUE SKY, INC.",12.484,7.757,0,0,0,1,10,0,0,0,1,7
7367,920104,9201.04,1701459813.8286943,230726.59128659312,34.5574344512969,-118.72300478566447,885,LAKESIDE RECOVERY,13.052,8.11,0,0,0,1,7,0,0,0,1,6
7368,920106,9201.06,505913416.83625036,106693.43442425424,34.444072673043,-118.67325132195131,885,LAKESIDE RECOVERY,4.91,3.051,0,1,1,7,52,0,0,1,13,42
7369,920109,9201.09,23609134.99615079,27635.633127954647,34.455865941109764,-118.54966147893758,521,HEALTHY LIVING RESIDENTIAL PROGRAM,2.788,1.733,0,5,13,15,75,0,5,9,15,69
7370,920110,9201.10,11341680.013067523,17025.2323864166,34.44625607833918,-118.54574516377976,521,HEALTHY LIVING RESIDENTIAL PROGRAM,1.804,1.121,0,6,13,15,91,0,6,11,16,77
7371,920111,9201.11,12646481.541484471,19603.855488867128,34.45246057505906,-118.53845059229799,521,HEALTHY LIVING RESIDENTIAL PROGRAM,1.897,1.179,0,6,13,15,78,0,5,8,15,73
7372,920112,9201.12,18603776.238002945,17646.720808430196,34.435430345044104,-118.53918094309087,521,HEALTHY LIVING RESIDENTIAL PROGRAM,0.902,0.561,1,8,13,17,102,1,8,12,22,93
7373,920114,9201.14,30440645.844426975,36329.61360180404,34.43149686844,-118.56217268858937,600,SANTA CLARITA BEHAVIORAL HEALTH,2.255,1.401,0,4,13,15,103,0,3,13,22,95
7374,920115,9201.15,38748970.751380965,34812.10114727843,34.42579432422639,-118.55007252334079,600,SANTA CLARITA BEHAVIORAL HEALTH,1.424,0.885,0,7,13,21,112,1,6,12,25,101
7375,920116,9201.16,79906314.73115556,44200.72771904695,34.481290259256085,-118.6340990775635,885,LAKESIDE RECOVERY,1.426,0.886,0,1,1,12,30,1,1,1,13,24
7376,920118,9201.18,30652989.617925666,31332.07540101316,34.45957196952463,-118.62229053554623,885,LAKESIDE RECOVERY,1.235,0.768,0,1,4,13,54,1,1,1,13,47
7377,920119,9201.19,53712974.65239884,33921.77629136714,34.46530987543034,-118.64329482815606,885,LAKESIDE RECOVERY,1.364,0.847,0,1,1,13,42,1,1,1,13,39
7378,920120,9201.20,79144140.36114155,45444.306645819364,34.48149274021436,-118.55300757684478,521,HEALTHY LIVING RESIDENTIAL PROGRAM,5.388,3.348,0,0,9,14,49,0,0,6,15,40
7379,920121,9201.21,131311753.16089304,64236.94714292923,34.44641709705841,-118.57627752267341,600,SANTA CLARITA BEHAVIORAL HEALTH,4.33,2.69,0,3,13,14,83,0,2,10,15,70
7380,920200,9202.00,122318471.07023184,64482.49739191524,34.465312782353486,-118.599010186161,885,LAKESIDE RECOVERY,2.796,1.738,0,1,7,13,58,0,1,4,14,47
7381,920303,9203.03,555022888.3007821,136632.65775634922,34.31411351957608,-118.6107258650942,874,REVIVE VITALITY INC,5.401,3.356,0,0,31,97,290,0,0,14,120,281
7382,920312,9203.12,146648305.8701303,58362.88671913331,34.3582757264255,-118.52576963658827,756,EDEN RECOVERY CENTER INC,1.517,0.943,0,4,24,79,294,1,4,18,92,278
7383,920313,9203.13,30791667.616626516,24701.045736829998,34.371583094152136,-118.55113546164078,902,AURA DETOX,0.941,0.584,1,5,18,64,254,4,5,10,72,240
7384,920314,9203.14,121626131.15528119,52460.111268108434,34.40388955777622,-118.5207689329208,406,C&FC PATHWAYS TO RECOVERY,1.186,0.737,0,10,12,32,165,2,10,12,37,149
7385,920322,9203.22,11246046.413089689,15179.51814371347,34.3826474447698,-118.54910950357569,902,AURA DETOX,1.197,0.744,0,8,13,51,233,3,7,10,64,205
7386,920326,9203.26,789448563.9395859,161678.7676491538,34.360243241371336,-118.6025688870728,259,NATIONAL COUNCIL ON ALCOHOLISM AND DRUG DEPENDENCE OF THE SAN FERNANDO VALLEY,4.221,2.623,0,1,7,56,241,0,1,5,73,227
7387,920328,9203.28,25340452.930116706,20718.179601600823,34.41637823781767,-118.57172394357549,600,SANTA CLARITA BEHAVIORAL HEALTH,1.856,1.153,0,4,13,22,119,0,4,13,25,106
7388,920329,9203.29,23644828.28335211,20903.110781809162,34.41056004635052,-118.55037294933985,600,SANTA CLARITA BEHAVIORAL HEALTH,0.313,0.194,1,10,13,25,137,1,9,12,33,124
7389,920330,9203.30,34918421.5836271,23872.63880365631,34.40262890364786,-118.56304606205865,600,SANTA CLARITA BEHAVIORAL HEALTH,1.548,0.962,0,8,13,29,149,1,7,11,39,127
7390,920331,9203.31,16066940.036076223,16608.889096087012,34.39713850383658,-118.54541778835373,600,SANTA CLARITA BEHAVIORAL HEALTH,1.869,1.161,0,10,12,35,177,0,10,12,45,146
7391,920332,9203.32,42071218.26618883,32923.05290283044,34.38328181325076,-118.51353450966191,474,VALLEY RECOVERY TREATMENT,2.4,1.491,0,9,21,48,232,0,8,11,60,203
7392,920334,9203.34,29491188.95387355,22217.829749597084,34.38804821199127,-118.56004316017439,259,NATIONAL COUNCIL ON ALCOHOLISM AND DRUG DEPENDENCE OF THE SAN FERNANDO VALLEY,1.107,0.688,0,6,12,42,212,1,6,10,54,174
7393,920338,9203.38,40076489.37015317,34243.78691379673,34.3860687848726,-118.59642748275431,259,NATIONAL COUNCIL ON ALCOHOLISM AND DRUG DEPENDENCE OF THE SAN FERNANDO VALLEY,3.271,2.032,0,1,11,37,187,0,1,6,46,157
7394,920339,9203.39,367387254.9387745,87452.75230239575,34.41141664618991,-118.618038515972,600,SANTA CLARITA BEHAVIORAL HEALTH,6.071,3.772,0,0,9,14,107,0,0,4,16,100
7395,920340,9203.40,11547556.920627471,16648.81221226966,34.38671425048562,-118.53942975727377,474,VALLEY RECOVERY TREATMENT,1.249,0.776,0,9,13,44,216,2,9,11,58,192
7396,920341,9203.41,6292459.521560006,13141.084048982239,34.38222387065099,-118.53153076247418,474,VALLEY RECOVERY TREATMENT,0.947,0.589,1,9,19,52,232,2,9,11,64,212
7397,920342,9203.42,8747320.422598403,14777.472684617676,34.376273876853,-118.5185930874124,474,VALLEY RECOVERY TREATMENT,1.778,1.105,0,7,21,59,255,0,7,11,69,228
7398,920343,9203.43,10752261.353326824,14304.740917925523,34.37097068605805,-118.50718612535589,756,EDEN RECOVERY CENTER INC,2.797,1.738,0,6,24,60,277,0,6,15,78,242
7399,930400,9304.00,16085124831.124014,945040.664101855,34.30274336623345,-117.97627483786819,664,UPLIFT RECOVERY CENTER LLC,17.94,11.148,0,0,0,0,33,0,0,0,0,30
7400,980001,9800.01,24918085.40988521,22751.71529615117,34.199720058001,-118.35754886388047,928,ROAD TO RECOVERY,0.889,0.552,2,33,110,202,473,4,31,70,229,455
7401,980002,9800.02,75167099.37097639,37881.27677861883,33.810323768383945,-118.23867305411954,365,AMERICAN INDIAN CHANGING SPIRITS,2.574,1.599,0,8,37,70,130,0,7,15,75,123
7402,980003,9800.03,2077909908.44783,272624.1044562551,34.79584969972522,-117.95450019563589,456,DESIGN FOR CHANGE,18.532,11.515,0,0,0,0,23,0,0,0,0,21
7403,980004,9800.04,386057500.6080921,88187.50250939427,34.63244212934116,-118.09076481075361,532,PENNY LANE CENTERS,5.77,3.586,0,0,25,33,44,0,0,10,34,43
7404,980005,9800.05,43633485.87289264,31666.62502083819,33.85321321261239,-118.32736234202254,545,TRANSFORMATIONS CARE,1.921,1.193,0,10,23,71,209,0,10,16,79,191
7405,980006,9800.06,36270532.851122364,38227.016254767026,33.81432026668134,-118.08711543939994,501,FAITH RECOVERY ,2.794,1.736,0,3,18,39,100,0,3,8,41,92
7406,980008,9800.08,36264531.01247374,33831.207394341895,34.210636570111866,-118.49068843617695,593,EMPOWER RECOVERY CENTER,0.787,0.489,1,56,203,296,444,5,52,156,300,424
7407,980009,9800.09,228869386.76103112,81127.02446262276,34.13735661571221,-118.30131895616053,475,ALTA CENTERS INC.,2.187,1.359,0,25,100,215,450,0,23,61,243,426
7408,980010,9800.10,41264616.998483635,36580.17834027472,34.080046949370654,-118.23934965079883,363,GATEWAYS OUTPATIENT HEALING AND ADDICTION RECOVERY,1.687,1.048,0,19,73,160,365,0,18,52,183,358
7409,980011,9800.11,14810440.120768484,17595.688847338126,33.786517011702806,-118.21497538520077,365,AMERICAN INDIAN CHANGING SPIRITS,0.862,0.536,1,10,35,55,110,2,10,20,62,106
7410,980012,9800.12,9826691.95681127,15784.608923037827,33.92554227089412,-118.16196258792418,235,DRUG AND ALCOHOL COUNSELING SERVICES,2.635,1.637,0,7,33,75,221,0,6,21,94,197
7411,980013,9800.13,57138804.34828481,34288.215561719626,33.91650181608353,-118.38715826486647,492,CLEAR BEHAVIORAL HEALTH,2.662,1.654,0,4,32,94,247,0,4,21,118,233
7412,980015,9800.15,58235954.208412886,35820.154533096254,33.77652879198656,-118.29320277080853,400,COASTAL COMPREHENSIVE TREATMENT CENTER,3.029,1.882,0,13,28,52,100,0,12,20,58,95
7413,980016,9800.16,144845258.02888536,78269.93530374157,34.00193802788666,-118.21055221059918,218,BHS BOYLE HEIGHTS FAMILY RECOVERY CENTER,1.994,1.239,0,9,60,117,307,0,9,34,135,295
7414,980017,9800.17,25772392.83207426,29771.022094553802,34.05737648930101,-118.4569018684262,377,NEW DIRECTIONS FOR VETERANS,0.431,0.268,2,16,78,197,464,4,16,58,245,457
7415,980018,9800.18,79781381.93291537,55508.07205629229,33.81523139039897,-118.15228371741415,585,"AKUA BEHAVIORAL HEALTH, INC.",2.999,1.864,0,13,26,48,121,0,12,24,59,118
7416,980019,9800.19,476197470.6328313,155767.63294323967,34.09130162390286,-118.54819327916806,918,ENCINO RECOVERY CENTER INC,5.667,3.521,0,0,76,205,459,0,0,16,235,436
7417,980020,9800.20,91832045.7224736,60535.73130130378,34.22669349712732,-118.30341782237325,836,28'S REHAB,3.49,2.169,0,8,53,132,401,0,6,27,158,377
7418,980021,9800.21,74757707.98444963,51403.146970220405,34.26661426978857,-118.3774991777572,655,TRANQUILITY RECOVERY CENTER,1.434,0.891,0,11,60,157,402,2,10,36,179,384
7419,980022,9800.22,69443074.57123019,41632.444590288615,34.29870280246052,-118.48518565555983,629,DBA SPARK RECOVERY,0.785,0.488,1,19,71,173,332,3,19,39,212,326
7420,980023,9800.23,56184257.9366805,39832.92257751432,34.232252425350936,-118.63000739339392,838,MALDEN RECOVERY CENTER,1.382,0.859,0,17,100,185,316,1,14,62,192,304
7421,980024,9800.24,89196152.31095164,46246.89494829073,34.176682644870844,-118.48863191475704,955,BALANCE POINT,1.196,0.743,0,75,194,304,461,3,70,148,324,453
7422,980025,9800.25,41925104.72187147,33691.802825873114,33.842075083307705,-118.24442773711245,250,PALM HOUSE RECOVERY HOME,2.047,1.272,0,2,33,83,167,0,2,19,86,153
7423,980026,9800.26,149614439.50981995,102765.53512491619,34.275190365673424,-118.27921475466616,782,"CALIFORNIA WELLNESS RETREAT, INC.",2.857,1.775,0,2,18,64,281,0,2,6,75,265
7424,980034,9800.34,69545456.8746771,61180.649728633885,33.90046963510092,-118.04396687068376,398,HELPLINE YOUTH COUNSELING ,2.315,1.438,0,6,20,33,103,0,6,15,40,93
7425,980035,9800.35,171639410.16609406,107459.15709174887,34.01240971911599,-117.94338243704051,947,BLUE SKIES TREATMENT CENTER LLC,6.52,4.051,0,0,11,25,75,0,0,1,34,69
7426,980036,9800.36,94254601.89131683,67746.06837929568,34.03609821164427,-118.06574335836261,370,SPIRITT FAMILY SERVICES,3.277,2.036,0,4,16,52,166,0,3,12,62,159
7427,980037,9800.37,14022188.050783025,15116.000419547026,33.80304502096285,-118.28205005673355,215,WILMINGTON COMMUNITY RECOVERY CENTER,2.329,1.447,0,3,35,71,128,0,2,25,73,115
7428,980038,9800.38,48616725.00422109,42991.767228980374,34.00383626891672,-118.37472369394132,959,ORBIT LA,1.714,1.065,0,28,107,174,375,0,27,71,186,354
7429,980039,9800.39,14641665.375626998,19526.113646827605,34.13868323681152,-118.3520364228912,870,HILLOCK HOUSE I,0.846,0.526,1,28,130,251,488,2,27,82,275,475
7430,262604,2626.04,61091451.21961057,52810.6311718736,34.05207808390959,-118.54763477199691,686,THE MALONE COLLECTIVE ,6.056,3.763,0,0,19,145,436,0,0,9,178,423
7431,262704,2627.04,21094135.604939483,26029.71587144098,34.04251910974721,-118.5401102270032,686,THE MALONE COLLECTIVE ,4.898,3.043,0,1,23,132,438,0,0,12,159,410
7432,262706,2627.06,25140140.44988287,22722.337175469343,34.037807365136054,-118.52594683819466,686,THE MALONE COLLECTIVE ,3.511,2.181,0,4,28,122,440,0,2,17,158,422
7433,262802,2628.02,35923425.2223758,38712.64917573984,34.04257214733768,-118.50803867834817,596,NEWPORT ACADEMY,2.582,1.604,0,8,39,140,460,0,8,23,180,436
7434,273403,2734.03,5036173.702157783,11660.672352513779,33.99164688486748,-118.47754418296293,335,PHOENIX HOUSE - VENICE,0.224,0.139,2,14,51,91,374,4,13,41,97,357
7435,273502,2735.02,6567233.816971483,11237.829249809007,33.98787744948548,-118.47053858238544,800,WEST LA RECOVERY LLC,0.828,0.514,4,14,53,91,367,4,14,43,101,344
7436,273902,2739.02,9935930.403654538,14262.015118862031,33.984180275353125,-118.46461200496243,800,WEST LA RECOVERY LLC,0.524,0.326,2,16,53,92,355,2,15,42,108,334
7437,274202,2742.02,13063351.778076204,27395.280822181812,33.97110715296502,-118.45960222107004,826,TULUA HEALTH,1.884,1.17,0,9,48,94,333,0,8,36,106,287
7438,278102,2781.02,18795856.121361934,30917.89433230058,33.96099209211271,-118.4464201824143,469,LAT INTENSIVE OUTPATIENT PROGRAMS INC.,2.775,1.724,0,10,48,98,289,0,9,31,115,265
7439,297300,2973.00,13011672.776601527,18855.994482584418,33.72094220683709,-118.31150443759861,347,FRED BROWN'S RECOVERY SERVICES,1.604,0.997,0,13,18,34,74,1,12,16,38,72
7440,297400,2974.00,22359103.618634015,20921.62118332696,33.72518319432603,-118.32140874255282,632,COASTWISE RECOVERY CENTER ,1.957,1.216,0,13,19,30,74,0,13,17,41,74
7441,297501,2975.01,11708102.966827607,22296.36658182786,33.71544240928692,-118.30411060182462,347,FRED BROWN'S RECOVERY SERVICES,1.511,0.939,0,12,18,33,73,1,12,15,37,68
7442,297601,2976.01,8242059.116214335,19441.494267263413,33.71348681500105,-118.28742048735342,347,FRED BROWN'S RECOVERY SERVICES,1.709,1.062,0,12,17,36,73,0,12,14,38,68
7443,576001,5760.01,33871716.802047096,26767.767277321385,33.76251896546793,-118.19315417810407,225,FLOSSIE LEWIS CENTER,1.395,0.867,0,14,33,44,95,1,13,18,47,89
7444,576601,5766.01,5291861.587102697,11623.969461805467,33.76602266354885,-118.17938979558615,225,FLOSSIE LEWIS CENTER,1.236,0.768,0,15,23,45,96,4,14,18,47,93
7445,577501,5775.01,14662829.194535926,15478.622562996386,33.754903023039645,-118.12218766095735,437,"ADVANCES IN MENTAL HEALTH AND ADDICTIONS TREATMENT, INC.",3.321,2.064,0,8,17,32,83,0,8,14,37,78
7446,577602,5776.02,14955763.851462899,17327.69766921842,33.770446662721675,-118.11179851144482,437,"ADVANCES IN MENTAL HEALTH AND ADDICTIONS TREATMENT, INC.",2.389,1.484,0,7,19,27,88,0,6,14,30,83
7447,577604,5776.04,16432836.748967903,29042.33943521974,33.75490799694907,-118.10910392520255,437,"ADVANCES IN MENTAL HEALTH AND ADDICTIONS TREATMENT, INC.",3.839,2.386,0,6,17,27,79,0,3,11,31,70
7448,577605,5776.05,19627861.446098577,19916.337679956185,33.767280310027814,-118.12385396686338,437,"ADVANCES IN MENTAL HEALTH AND ADDICTIONS TREATMENT, INC.",1.971,1.225,0,9,20,31,90,0,9,17,38,84
7449,620201,6202.01,2468646.5409367057,7178.268132039842,33.90298669572086,-118.4202103093326,492,CLEAR BEHAVIORAL HEALTH,1.61,1.001,0,2,21,70,219,0,2,7,81,208
7450,620305,6203.05,14333562.221067924,20192.375024617955,33.89357570238125,-118.41405506428559,488,CLEAR RECOVERY CENTER,2.044,1.27,0,3,18,62,214,0,3,9,74,202
7451,620904,6209.04,6605562.167912969,11302.699591754004,33.88104866363183,-118.40753163834127,488,CLEAR RECOVERY CENTER,1.034,0.642,0,5,18,56,207,1,5,10,62,192
7452,621005,6210.05,13470657.225026099,18332.068570570686,33.86998143998808,-118.40234397647488,488,CLEAR RECOVERY CENTER,1.486,0.923,0,5,18,46,195,1,5,10,58,182
7453,621104,6211.04,11986919.337487064,14250.326567723614,33.8584550745243,-118.39651298316839,486,CLEAR RECOVERY CENTER,0.601,0.374,1,8,18,40,188,1,5,11,51,176
7454,621204,6212.04,17687667.723677203,18044.600961004126,33.84658989370715,-118.39366764248966,486,CLEAR RECOVERY CENTER,0.751,0.466,1,7,19,39,181,2,7,12,50,171
7455,621324,6213.24,7232156.369306829,14495.167538319412,33.83453760013232,-118.38793077979786,888,R&R HEALTH LLC,1.272,0.79,0,6,18,41,169,1,6,13,51,150
7456,621326,6213.26,8598067.047563586,13999.170499809947,33.82193543291825,-118.38832003509268,888,R&R HEALTH LLC,2.267,1.409,0,6,17,39,148,0,6,13,44,133
7457,651304,6513.04,15900101.280674422,22437.00453018756,33.81239317630278,-118.38384270898729,888,R&R HEALTH LLC,3.088,1.919,0,8,16,38,133,0,7,14,43,124
7458,670324,6703.24,51086570.05514474,45455.259624421575,33.79888836540131,-118.38064592794738,695,MISSION PREP HEALTHCARE,2.769,1.721,0,7,16,38,119,0,7,12,39,113
7459,670326,6703.26,43479822.08532981,39226.98388046851,33.78672240783764,-118.40144786238771,687,THROTTLE AND THRIVE,1.015,0.631,0,4,12,33,101,1,4,10,35,94
7460,670328,6703.28,38687900.420830965,38212.27426309841,33.77224534958717,-118.41488137254677,687,THROTTLE AND THRIVE,1.074,0.667,0,4,10,30,83,1,4,4,31,73
7461,670416,6704.16,38527025.32822237,32281.27171871688,33.75589891808886,-118.40476065626461,687,THROTTLE AND THRIVE,2.502,1.555,0,4,9,29,75,0,4,5,30,69
7462,670604,6706.04,112216511.43936267,106413.53293176675,33.74154422645201,-118.36123478663403,693,MISSION PREP HEALTHCARE,2.175,1.352,0,4,20,29,79,0,4,17,32,73
7463,701304,7013.04,23024155.2953505,22049.071397858082,34.02997001367723,-118.50640750941137,686,THE MALONE COLLECTIVE ,1.548,0.962,0,9,42,114,446,1,9,26,145,422
7464,701402,7014.02,9575652.897186978,13691.482842285921,34.02028546390275,-118.50282914032739,686,THE MALONE COLLECTIVE ,0.81,0.503,1,11,42,93,428,1,9,27,128,402
7465,701902,7019.02,19995890.999514993,19865.28957190109,34.013534320356925,-118.49388682118236,686,THE MALONE COLLECTIVE ,0.78,0.485,1,13,46,97,412,3,13,35,117,394
7466,702002,7020.02,11685753.899697242,14132.916012617561,34.00605240223554,-118.48524006071243,241,HEALING HAVEN,0.874,0.543,2,13,50,93,406,4,13,41,109,371
7467,702102,7021.02,10464112.918525644,14134.196985518698,34.00112352311953,-118.4794595114524,335,PHOENIX HOUSE - VENICE,0.871,0.541,2,17,51,93,389,4,17,43,105,372
7468,800406,8004.06,977895963.0136055,195298.2742546362,34.06461566600895,-118.85681570248505,262,THE MEADOWS MALIBU,3.122,1.94,0,8,27,40,62,0,8,16,44,58
7469,800410,8004.10,398465218.6443224,125808.02514440914,34.057398379498444,-118.74053938600757,945,FIRST RESPONDERS MALIBU,0.753,0.468,1,13,34,51,161,1,13,20,57,143
7470,800411,8004.11,97743496.9794196,55058.167908763106,34.02954428790036,-118.82105481847667,266,CLIFFSIDE MALIBU II,0.181,0.113,2,21,27,43,63,4,13,26,44,61
7471,800412,8004.12,75923191.54448402,62472.17292822257,34.0192440794235,-118.79062843846461,274,SUNSET MALIBU,0.385,0.239,1,20,29,42,74,3,20,24,46,67
7472,800504,8005.04,232279535.400029,112360.47608164595,34.05291321406071,-118.67342146554407,448,THE POINTE MALIBU OUTPATIENT CENTER,2.171,1.349,0,5,17,61,258,0,3,6,79,231
7473,800506,8005.06,284150327.65787554,98459.13757049298,34.057050934806625,-118.60911282063654,263,CLIFFSIDE MALIBU 3,1.702,1.058,0,2,8,107,369,0,2,5,132,348
7474,980007,9800.07,29123278.896437176,24146.147268559704,33.76361101807197,-118.10246438817337,437,"ADVANCES IN MENTAL HEALTH AND ADDICTIONS TREATMENT, INC.",3.537,2.198,0,4,17,26,82,0,2,13,29,73
7475,980014,9800.14,80244641.35551839,68033.79184150916,33.78256075086726,-118.23837059355124,365,AMERICAN INDIAN CHANGING SPIRITS,1.974,1.226,0,8,34,58,105,0,7,27,66,105
7476,980028,9800.28,186379858.6242499,83749.39071121614,33.94098908646874,-118.40971517509946,226,HIGH GAIN PROGRAM,2.047,1.272,0,7,41,114,255,0,7,23,128,236
7477,980030,9800.30,45942315.08020709,30586.970797728245,33.90971151480421,-118.4106751415779,492,CLEAR BEHAVIORAL HEALTH,0.952,0.591,1,2,26,76,228,1,2,11,96,219
7478,576602,5766.02,53759747.02106516,44322.754136839765,33.749177921449196,-118.17830273197777,356,NEW FOUND LIFE,2.062,1.281,0,11,26,39,87,0,9,16,41,83
7479,980031,9800.31,278827572.6660184,83523.80459613797,33.73565482191964,-118.26283222106117,208,THE BEACON HOUSE ASSOCIATION OF SAN PEDRO,1.668,1.037,0,13,23,41,79,0,13,16,45,76
7480,980033,9800.33,308218495.71885353,77789.70059686834,33.74712872212868,-118.21687641976077,225,FLOSSIE LEWIS CENTER,4.024,2.501,0,3,31,43,86,0,2,27,48,81
7481,990300,9903.00,127912960.5182005,75800.8053770894,33.72821080650702,-118.15825504207136,344,GRATITUDE LODGE LLC,3.877,2.409,0,3,16,37,75,0,3,12,38,68
7482,576700,5767.00,26871011.696134206,27086.125992717967,33.75625869613337,-118.16259089422392,344,GRATITUDE LODGE LLC,0.902,0.561,2,12,21,38,91,2,10,16,42,86
7483,577200,5772.00,37632573.43214344,29676.51089276577,33.752452501318224,-118.15272532900468,344,GRATITUDE LODGE LLC,1.253,0.779,0,10,19,38,87,1,10,16,39,84
7484,577300,5773.00,34544610.78339866,26605.21928535096,33.74984139461724,-118.14125963621532,344,GRATITUDE LODGE LLC,2.087,1.297,0,8,19,37,86,0,8,15,39,80
7485,577504,5775.04,41540294.158751674,30008.423939589477,33.74238009619863,-118.12818244163337,344,GRATITUDE LODGE LLC,3.54,2.199,0,6,16,35,77,0,6,11,37,69
7486,599100,5991.00,3618834016.3778324,792259.7294370759,33.17284101950623,-118.45673969270712,347,FRED BROWN'S RECOVERY SERVICES,63.419,39.407,0,0,0,0,0,0,0,0,0,0
7487,599000,5990.00,41403738.94335485,30722.66005308471,33.34282748583592,-118.32876239220158,347,FRED BROWN'S RECOVERY SERVICES,42.845,26.623,0,0,0,0,0,0,0,0,0,0
