agency_name,agency_name_secondary,agency_address,agency_phone,agency_website,agency_wheelchair_access,available_beds,intake_open_appointments,populations_served,languages_spoken,last_updated,service_OP,service_IOP,service_RS,service_A_WM,service_R_WM,service_I_WM,service_OTP,service_Male,service_Female,service_Adult,service_TAY,service_Youth,service_MAT,service_Co_Occurring,service_LGBTQIA,service_Veterans,service_Homeless,service_Criminal_Justice,service_Perinatal,service_Parent_Guardian,agency_hours_sunday_open,agency_hours_sunday_close,intake_hours_sunday_open,intake_hours_sunday_close,agency_hours_monday_open,agency_hours_monday_close,intake_hours_monday_open,intake_hours_monday_close,agency_hours_tuesday_open,agency_hours_tuesday_close,intake_hours_tuesday_open,intake_hours_tuesday_close,agency_hours_wednesday_open,agency_hours_wednesday_close,intake_hours_wednesday_open,intake_hours_wednesday_close,agency_hours_thursday_open,agency_hours_thursday_close,intake_hours_thursday_open,intake_hours_thursday_close,agency_hours_friday_open,agency_hours_friday_close,intake_hours_friday_open,intake_hours_friday_close,agency_hours_saturday_open,agency_hours_saturday_close,intake_hours_saturday_open,intake_hours_saturday_close,latitude,longitude
LOS ANGELES CENTERS FOR ALCOHOL AND DRUG ABUSE,Downtown Los Angeles Outpatient - San Pedro,"426 San Pedro Street,Los Angeles, CA 90013",(213) 626-6411,http://www.lacada.com/,Yes,,,Adult; M; A; T; Parent/; Guardian (; Female) with; Children; Parent/; Guardian (; Male) with; Children; Co-; Occurring; Mental; Health; Capabilities; L; G; B; T; Q; I; A; Veterans; Homeless; Criminal; Justice,EnglishSpanish,Last Updated: 11/26/2025 9:07:13 AM,False,True,True,False,False,False,False,False,True,True,False,False,True,True,True,True,True,True,False,True,Closed,Closed,,,08:00,21:00,,,08:00,19:30,,,08:00,19:30,,,08:00,21:00,,,07:30,16:00,,,07:30,16:00,,,34.0451634,-118.2432327
LOS ANGELES CENTERS FOR ALCOHOL AND DRUG ABUSE,Downtown Los Angeles Outpatient,"305 South Central Avenue,Los Angeles, CA 90013",(213) 372-5233,http://www.lacada.com/,Yes,,,M; A; T; Parent/; Guardian (; Female) with; Children; Parent/; Guardian (; Male) with; Children; Perinatal; Co-; Occurring; Mental; Health; Capabilities; L; G; B; T; Q; I; A; Veterans; Homeless; Criminal; Justice,EnglishSpanish,Last Updated: 11/26/2025 9:07:13 AM,False,True,True,False,False,False,False,False,True,False,False,False,True,True,True,True,True,True,True,True,Closed,Closed,,,08:00,19:00,,,08:00,21:00,,,08:00,19:00,,,08:00,21:00,,,08:00,17:00,,,08:00,17:00,,,34.0459691,-118.2396683
LOS ANGELES CENTERS FOR ALCOHOL AND DRUG ABUSE,,,(213) 992-9686,http://www.lacada.com/,No,RBHAdult - F: 5,,,English,Last Updated: 11/26/2025 9:07:12 AM,True,False,True,False,False,False,False,False,True,True,False,False,False,False,False,False,False,False,False,False,,,,,,,,,,,,,,,,,,,,,,,,,,,,,34.0451634,-118.2432327
LOS ANGELES CENTERS FOR ALCOHOL AND DRUG ABUSE,L.A. CADA @ LA Mission,,(213) 626-6411,http://www.lacada.com/,No,RBHAdult - M: 10,,,English,Last Updated: 11/26/2025 9:07:12 AM,True,False,True,False,False,False,False,True,False,True,False,False,False,False,False,False,False,False,False,False,,,,,,,,,,,,,,,,,,,,,,,,,,,,,34.0451634,-118.2432327
"ADAPT PROGRAM, INC.",,"1644 Wilshire Boulevard, Suite 101,Los Angeles, CA 90017",(213) 483-5703,,No,,,,EnglishSpanish,Last Updated: 5/17/2023 11:18:18 AM,False,False,True,False,False,False,False,False,False,False,False,False,False,False,False,False,False,False,False,False,,,,,,,,,,,,,,,,,,,,,,,,,,,,,34.0558076,-118.2712928
"ADDICTION RESEARCH AND TREATMENT, INC.",,"1926 West Beverly Boulevard,Los Angeles, CA 90057",(213) 353-1140,https://www.baartprograms.com,Yes,,,Adult; M; A; T; Perinatal,ArmenianEnglishKoreanRussianSpanishTagalog,Last Updated: 11/20/2019 9:09:33 AM,True,False,True,False,False,False,True,False,False,True,False,False,True,False,False,False,False,False,True,False,07:00,11:00,,,05:30,13:30,,,05:30,13:30,,,05:30,13:30,,,05:30,13:30,,,05:30,13:30,,,07:00,11:00,,,34.0199061,-118.1195413
"BAART BEHAVIORAL HEALTH SERVICES, INC.",,"1926 West Beverly Boulevard,Los Angeles, CA 90057",(213) 353-1140,,No,,,Adult; M; A; T; Perinatal,ArmenianEnglishKoreanRussianSpanishTagalog,Last Updated: 11/20/2022 11:09:48 PM,True,False,True,False,False,False,True,False,False,True,False,False,True,False,False,False,False,False,True,False,07:00,11:00,,,05:30,13:30,,,05:30,13:30,,,05:30,13:30,,,05:30,13:30,,,05:30,13:30,,,07:00,11:00,,,34.0199061,-118.1195413
"SOCIAL MODEL RECOVERY SYSTEMS, INC.",Royal Palms,"360 South Westlake Avenue,Los Angeles, CA 90057",(213) 483-9202,https://www.socialmodelrecovery.org/,Yes,RS(3.1)Adult - M: 0Adult - F: 0RS(3.5)Adult - M: 0Adult - F: 0,,Adult; M; A; T; L; G; B; T; Q; I; A,EnglishSpanish,Last Updated: 11/26/2025 12:03:21 PM,True,False,True,False,False,False,False,True,True,True,False,False,True,False,True,False,False,False,False,False,07:00,15:30,,,07:00,15:30,,,07:00,15:30,,,07:00,15:30,,,07:00,15:30,,,07:00,15:30,,,07:00,15:30,,,34.0613924,-118.2719932
CLINICA MONSENOR OSCAR A. ROMERO,,"123 South Alvarado Street,Los Angeles, CA 90057",(323) 987-1034,https://www.clinicaromero.com,Yes,,,Youth; M; A; T; Parent/; Guardian (; Female) with; Children; Parent/; Guardian (; Male) with; Children; Homeless; Criminal; Justice,EnglishSpanish,Last Updated: 11/26/2025 8:43:44 AM,False,True,True,False,False,False,False,False,True,False,False,True,True,False,False,False,True,True,False,True,Closed,Closed,,,07:00,16:00,,,08:00,19:00,,,08:00,21:00,,,08:00,21:00,,,07:00,16:00,,,08:00,17:00,,,34.0662396,-118.270694
EXODUS RECOVERY INC.,Exodus Recovery SUD Outpatient Program,"1902 Marengo Street, Suite 109-110,Los Angeles, CA 90033",(323) 276-6450,https://www.exodusrecovery.com,Yes,,,Co-; Occurring; Mental; Health; Capabilities; Homeless,English,Last Updated: 11/26/2025 5:40:22 AM,True,False,True,False,False,False,False,False,False,False,False,False,False,True,False,False,True,False,False,False,07:30,16:00,,,07:30,16:00,,,07:30,16:00,,,07:30,16:00,,,07:30,16:00,,,07:30,16:00,,,Closed,Closed,,,34.0575901,-118.2101059
"HOMELESS HEALTH CARE LOS ANGELES, INC.",,"2330 West Beverly Boulevard,Los Angeles, CA 90057",(213) 744-0724,http://www.hhcla.org,Yes,,,Adult; M; A; T; Parent/; Guardian (; Female) with; Children; Parent/; Guardian (; Male) with; Children; Co-; Occurring; Mental; Health; Capabilities; Homeless,EnglishSpanish,Last Updated: 11/26/2025 2:20:55 PM,False,True,True,False,False,False,False,False,True,True,False,False,True,True,False,False,True,False,False,True,Closed,Closed,,,08:00,16:00,,,08:00,21:00,,,08:00,16:00,,,08:00,21:00,,,08:00,16:00,,,08:00,16:00,,,34.0211076,-118.1252301
"ADDICTION RESEARCH AND TREATMENT, INC.",,"1701 Zonal Avenue,Los Angeles, CA 90033",(323) 223-6298,https://www.baartprograms.com,Yes,,,Adult; M; A; T; Perinatal,EnglishSpanish,Last Updated: 11/20/2019 9:09:32 AM,True,False,True,False,False,False,True,False,False,True,False,False,True,False,False,False,False,False,True,False,06:00,10:00,,,05:30,13:30,,,05:30,13:30,,,05:30,13:30,,,05:30,13:30,,,05:30,13:30,,,06:00,10:00,,,34.061694,-118.209679
"BAART BEHAVIORAL HEALTH SERVICES, INC.",BAART Boyle Heights,"1701 Zonal Avenue,Los Angeles, CA 90033",(323) 223-6298,,No,,,Adult; M; A; T,EnglishSpanish,Last Updated: 11/20/2022 11:09:48 PM,True,False,True,False,False,False,True,False,False,True,False,False,True,False,False,False,False,False,False,False,06:00,21:00,,,05:30,14:00,,,05:30,14:00,,,05:30,14:00,,,05:30,14:00,,,06:00,14:00,,,06:00,21:00,,,34.061694,-118.209679
ESCUELA HISPANA DE ALCOHOL,,"305 North Soto Street, Unit # B,East Los Angeles, CA 90033",(323) 264-7001,,No,,,,EnglishSpanish,Last Updated: 4/5/2022 5:00:02 PM,False,False,True,False,False,False,False,False,False,False,False,False,False,False,False,False,False,False,False,False,,,,,,,,,,,,,,,,,,,,,,,,,,,,,34.0470325,-118.2077459
CLINICA MONSENOR OSCAR A. ROMERO,,"2032 Marengo Street, Suite B ,Los Angeles, CA 90033",(323) 987-1034,https://www.clinicaromero.com,Yes,,,Adult; Youth; Women; Perinatal,EnglishSpanish,Last Updated: 11/26/2025 8:43:44 AM,False,True,True,False,False,False,False,False,False,True,False,True,False,False,False,False,False,False,True,False,Closed,Closed,,,07:00,21:00,,,07:00,19:00,,,07:00,19:00,,,07:00,21:00,,,07:00,19:00,,,08:00,17:00,,,34.0562453,-118.2067533
"CRI-HELP, INC.",,,(323) 222-1440,https://www.cri-help.org,No,RBHAdult - M: 0,,,EnglishSpanish,Last Updated: 11/26/2025 8:04:13 AM,True,False,True,False,False,False,False,True,False,True,False,False,False,False,False,False,False,False,False,False,,,,,,,,,,,,,,,,,,,,,,,,,,,,,34.0605014,-118.2145766
"ALCOHOLISM CENTER FOR WOMEN, INC.",,"1135 South Alvarado Street,Los Angeles, CA 90006",(213) 381-8500,http://www.alcoholismcenterforwomen.org,Yes,RS(3.1)Adult - F: 4RS(3.5)Adult - F: 4,,Perinatal; Physically; Disabled; Developmentally; Disabled/; Delayed; L; G; B; T; Q; I; A; Veterans; Homeless; Criminal; Justice; Sexually-; Exploited,English,Last Updated: 11/26/2025 10:17:40 AM,True,False,True,False,False,False,False,False,True,True,False,False,False,False,True,True,True,True,True,False,Closed,Closed,,,08:00,17:00,,,08:00,17:00,,,08:00,17:00,,,08:00,17:00,,,08:00,17:00,,,08:00,16:00,,,34.0497637,-118.2812038
VOLUNTEERS OF AMERICA OF LOS ANGELES,Central City Recovery,"2521 Long Beach Avenue,Los Angeles, CA 90058",(562) 399-5452,,Yes,RS(3.1)Adult - M: 0RS(3.5)Adult - M: 0R-WMAdult - M: 0,,Adult; M; A; T; Co-; Occurring; Mental; Health; Capabilities; Homeless; Criminal; Justice,EnglishSpanish,Last Updated: 11/26/2025 6:05:36 AM,True,False,True,False,True,False,False,True,False,True,False,False,True,True,False,False,True,True,False,False,00:00,23:59,,,00:00,23:59,,,00:00,23:59,,,00:00,23:59,,,00:00,23:59,,,00:00,23:59,,,00:00,23:59,,,34.013992,-118.2433386
"ALCOHOLISM CENTER FOR WOMEN, INC.",,"1147 South Alvarado Street,Los Angeles, CA 90006",(213) 381-8500,http://www.alcoholismcenterforwomen.org,Yes,,,Adult; Women; Perinatal; Physically; Disabled; Co-; Occurring; Mental; Health; Capabilities; L; G; B; T; Q; I; A; Veterans; Homeless; Criminal; Justice; Sexually-; Exploited,EnglishSpanish,Last Updated: 11/26/2025 10:17:40 AM,False,True,True,False,False,False,False,False,False,True,False,False,False,True,True,True,True,True,True,False,Closed,Closed,,,08:00,17:00,,,08:00,17:00,,,08:00,17:00,,,08:00,17:00,,,08:00,17:00,,,08:00,16:00,,,34.0496075,-118.2813036
"SAFETY CONSULTANT SERVICES, INC.",,"2904 South Main Street,Los Angeles, CA 90007",(213) 748-9444,,No,,,,EnglishSpanish,Last Updated: 6/29/2017 2:00:48 PM,False,False,True,False,False,False,False,False,False,False,False,False,False,False,False,False,False,False,False,False,,,,,,,,,,,,,,,,,,,,,,,,,,,,,34.0223432,-118.2701569
"THE SALVATION ARMY, A CALIFORNIA CORPORATION",Hope Harbor Center,"3107 South Grand Avenue,Los Angeles, CA 90007",(213) 744-8186,https://www.bellshelter.salvationarmy.org,Yes,RS(3.1)Adult - M: 0,,Adult; Physically; Disabled; Veterans; Homeless; Sexually-; Exploited,EnglishSpanish,Last Updated: 11/26/2025 8:05:23 AM,True,False,True,False,False,False,False,True,False,True,False,False,False,False,False,True,True,False,False,False,10:00,18:00,,,07:00,18:00,,,07:00,16:00,,,07:00,16:00,,,07:00,18:00,,,07:00,16:00,,,07:00,15:00,,,34.0223649,-118.2749963
"CRI-HELP, INC.",Lincoln Heights Recovery Campus Residential,"3619 North Mission Road,Los Angeles, CA 90031",(818) 985-8323,https://www.cri-help.org,Yes,RS(3.1)Adult - M: 0RS(3.5)Adult - M: 0R-WMAdult - M: 4,,Adult; M; A; T; Co-; Occurring; Mental; Health; Capabilities; L; G; B; T; Q; I; A; Homeless; Criminal; Justice,EnglishRussian,Last Updated: 11/26/2025 8:04:13 AM,True,False,True,False,True,False,False,True,False,True,False,False,True,True,True,False,True,True,False,False,01:00,00:00,,,01:00,00:00,,,01:00,00:00,,,01:00,00:00,,,01:00,00:00,,,01:00,00:00,,,01:00,00:00,,,34.0605014,-118.2145766
"JWCH INSTITUTE, INC.",,,(310) 608-1505,https://www.jwchinstitute.org,No,RBHAdult - F: 0,,Women,EnglishSpanish,Last Updated: 11/26/2025 8:57:55 AM,True,False,True,False,False,False,False,False,True,True,False,False,False,False,False,False,False,False,False,False,,,,,,,,,,,,,,,,,,,,,,,,,,,,,33.9953414,-118.2699321
"JWCH INSTITUTE, INC.",,,(310) 608-1505,https://www.jwchinstitute.org,No,RBHAdult - F: 0,,,English,Last Updated: 11/26/2025 8:57:55 AM,True,False,True,False,False,False,False,False,True,True,False,False,False,False,False,False,False,False,False,False,,,,,,,,,,,,,,,,,,,,,,,,,,,,,33.9953414,-118.2699321
"SADLER HEALTHCARE, INC.",Menlo House,"1731 Menlo Avenue,Los Angeles, CA 90006",(323) 251-1485,http://sadlerhealthcare.org,No,RS(3.1)Adult - M: 0RS(3.5)Adult - M: 0R-WMAdult - M: 0,,Adult; Co-; Occurring; Mental; Health; Capabilities; Criminal; Justice,English,Last Updated: 11/26/2025 9:36:10 AM,True,False,True,False,True,False,False,True,False,True,False,False,False,True,False,False,False,True,False,False,07:00,16:30,,,07:00,16:30,,,07:00,16:30,,,07:00,16:30,,,07:00,16:30,,,07:00,16:30,,,07:00,16:30,,,34.0421965,-118.290701
CHILDREN'S HOSPITAL LOS ANGELES,,"3250 Wilshire Boulevard, 300,Los Angeles, CA 90010",(323) 361-2463,https://www.chla.org,Yes,,,Youth; M; A; T; Co-; Occurring; Mental; Health; Capabilities; L; G; B; T; Q; I; A,EnglishSpanish,Last Updated: 11/26/2025 8:31:53 AM,True,False,True,False,False,False,False,False,False,False,False,True,True,True,True,False,False,False,False,False,Closed,Closed,,,10:00,18:30,,,08:30,17:30,,,09:00,21:00,,,08:30,21:00,,,09:00,17:00,,,08:00,16:00,,,34.0609839,-118.2932673
"SOCIAL MODEL RECOVERY SYSTEMS, INC.",Bimini House,"155 South Bimini Place,Los Angeles, CA 90004",(877) 507-6242,https://www.socialmodelrecovery.org/,No,RS(3.1)Adult - M: 0Adult - F: 0RS(3.5)Adult - M: 0Adult - F: 0,,Adult; M; A; T; Co-; Occurring; Mental; Health; Capabilities; L; G; B; T; Q; I; A; Veterans; Criminal; Justice,EnglishSpanish,Last Updated: 11/26/2025 9:17:42 AM,True,False,True,False,False,False,False,True,True,True,False,False,True,True,True,True,False,True,False,False,09:00,17:00,,,09:00,17:00,,,09:00,17:00,,,09:00,17:00,,,09:00,17:00,,,09:00,17:00,,,09:00,17:00,,,34.071765,-118.2905372
"BEHAVIORAL HEALTH SERVICES, INC.",BHS Boyle Heights Family Recovery Center,"3421 East Olympic Boulevard,Los Angeles, CA 90023",(323) 262-1786,http://bhs-inc.org/,Yes,,,Adult,EnglishSpanish,Last Updated: 11/26/2025 7:34:02 AM,False,True,True,False,False,False,False,False,False,True,False,False,False,False,False,False,False,False,False,False,Closed,Closed,,,09:00,18:00,,,09:00,21:00,,,09:00,18:00,,,09:00,21:00,,,08:00,17:00,,,08:00,17:00,,,34.0188584,-118.2042581
"SOCIAL MODEL RECOVERY SYSTEMS, INC.",,,(877) 507-6242,https://www.socialmodelrecovery.org/,No,RBHAdult - F: 0,,,English,Last Updated: 11/26/2025 8:23:35 AM,True,False,True,False,False,False,False,False,True,True,False,False,False,False,False,False,False,False,False,False,,,,,,,,,,,,,,,,,,,,,,,,,,,,,34.0613924,-118.2719932
"SOCIAL MODEL RECOVERY SYSTEMS, INC.",,,(877) 507-6242,https://www.socialmodelrecovery.org/,No,RBHAdult - F: 0,,,English,Last Updated: 11/26/2025 8:23:35 AM,True,False,True,False,False,False,False,False,True,True,False,False,False,False,False,False,False,False,False,False,,,,,,,,,,,,,,,,,,,,,,,,,,,,,34.0613924,-118.2719932
"SOCIAL MODEL RECOVERY SYSTEMS, INC.",,,(877) 507-6242,https://www.socialmodelrecovery.org/,No,RBHAdult - F: 0,,,English,Last Updated: 11/26/2025 8:23:35 AM,True,False,True,False,False,False,False,False,True,True,False,False,False,False,False,False,False,False,False,False,,,,,,,,,,,,,,,,,,,,,,,,,,,,,34.0613924,-118.2719932
"BEHAVIORAL HEALTH SERVICES, INC.",Lincoln Heights Family Recovery Center,"4099 North Mission Road,Los Angeles, CA 90032",(323) 221-1746,http://bhs-inc.org/,Yes,,,Youth,EnglishSpanish,Last Updated: 11/26/2025 7:34:02 AM,False,True,True,False,False,False,False,False,False,False,False,True,False,False,False,False,False,False,False,False,Closed,Closed,,,09:00,18:00,,,09:00,21:00,,,09:00,18:00,,,09:00,21:00,,,08:00,21:00,,,Closed,Closed,,,34.0605014,-118.2145766
PEOPLE COORDINATED SERVICES OF SOUTHERN CALIFORNIA,Castle Outpatient,"3021 South Vermont Avenue,Los Angeles, CA 90007",(323) 732-9124,,Yes,,,,English,Last Updated: 11/26/2025 8:04:36 AM,True,False,True,False,False,False,False,False,False,False,False,False,False,False,False,False,False,False,False,False,Closed,Closed,,,09:00,18:00,,,09:00,18:00,,,09:00,18:00,,,12:30,21:00,,,09:00,18:00,,,09:00,14:00,,,34.0271519,-118.291773
"SOCIAL MODEL RECOVERY SYSTEMS, INC.",Mariposa Recovery Home,"453 South Indiana Street,Los Angeles, CA 90063",(877) 507-6242,https://www.socialmodelrecovery.org/,Yes,RS(3.1)Adult - F: 0RS(3.5)Adult - F: 0,,Adult; Women; M; A; T; Parent/; Guardian (; Female) with; Children; Perinatal; L; G; B; T; Q; I; A,EnglishSpanish,Last Updated: 11/26/2025 8:36:58 AM,True,False,True,False,False,False,False,False,True,True,False,False,True,False,True,False,False,False,True,True,Closed,Closed,,,09:00,18:00,,,09:00,18:00,,,09:00,18:00,,,09:00,18:00,,,09:00,18:00,,,Closed,Closed,,,34.0310034,-118.192456
"ADDICTION RESEARCH AND TREATMENT, INC.",,"4920 South Avalon Boulevard,Los Angeles, CA 90011",(323) 235-5035,https://www.baartprograms.com,Yes,,,M; A; T; Perinatal,ArmenianEnglishFarsiSpanish,Last Updated: 10/22/2025 1:08:03 PM,True,False,True,False,False,False,True,False,False,False,False,False,True,False,False,False,False,False,True,False,07:00,11:00,,,06:00,14:00,,,06:00,14:00,,,06:00,14:00,,,06:00,14:00,,,06:00,14:00,,,07:00,11:00,,,33.9443091,-118.2649607
AVALON-CARVER COMMUNITY CENTER,,"4920 South Avalon Boulevard,Los Angeles, CA 90011",(323) 232-4391,,No,,,,EnglishSpanish,Last Updated: 7/4/2017 2:00:46 PM,False,False,True,False,False,False,False,False,False,False,False,False,False,False,False,False,False,False,False,False,,,,,,,,,,,,,,,,,,,,,,,,,,,,,33.9443091,-118.2649607
"BAART BEHAVIORAL HEALTH SERVICES, INC.",,"4920 South Avalon Boulevard,Los Angeles, CA 90011",(323) 235-5035,,No,,,M; A; T; Perinatal,ArabicArmenianEnglishFarsiSpanish,Last Updated: 10/22/2025 1:08:27 PM,True,False,True,False,False,False,True,False,False,False,False,False,True,False,False,False,False,False,True,False,07:30,10:30,,,06:00,14:00,,,06:00,14:00,,,06:00,14:00,,,06:00,14:00,,,06:00,14:00,,,07:30,10:30,,,33.9443091,-118.2649607
"CRI-HELP, INC.",Socorro,"4439, 4445, 4455 Burns Avenue,Los Angeles, CA 90029",(323) 222-1440,https://www.cri-help.org,Yes,RS(3.1)Adult - M: 1Adult - F: 0RS(3.5)Adult - M: 0Adult - F: 0R-WMAdult - M: 0Adult - F: 0,,M; A; T,EnglishSpanish,Last Updated: 11/26/2025 8:04:13 AM,True,False,True,False,True,False,False,True,True,True,False,False,True,False,False,False,False,False,False,False,00:00,23:59,,,00:00,23:59,,,00:00,23:59,,,00:00,23:59,,,00:00,23:59,,,00:00,23:59,,,00:00,23:59,,,34.0878189,-118.2905591
"SADLER HEALTHCARE, INC.",,"225 North Mariposa Avenue,Los Angeles, CA 90004",(323) 251-1485,http://sadlerhealthcare.org,No,RS(3.1)Adult - M: 0RS(3.5)Adult - M: 0R-WMAdult - M: 0,,Adult; M; A; T; Co-; Occurring; Mental; Health; Capabilities; Criminal; Justice,English,Last Updated: 11/26/2025 10:40:02 AM,True,False,True,False,True,False,False,True,False,True,False,False,True,True,False,False,False,True,False,False,00:00,23:59,,,00:00,23:59,,,00:00,23:59,,,00:00,23:59,,,00:00,23:59,,,00:00,23:59,,,00:00,23:59,,,34.0755959,-118.2995115
"KOREATOWN YOUTH AND COMMUNITY CENTER, INC.",,"3727 West 6th Street, Suite 411,Los Angeles, CA 90020",(213) 365-7400,https://www.kyccla.org,Yes,,,Youth; Co-; Occurring; Mental; Health; Capabilities,EnglishKoreanSpanish,Last Updated: 11/24/2025 9:50:04 AM,False,True,True,False,False,False,False,False,False,False,False,True,False,True,False,False,False,False,False,False,Closed,Closed,,,09:00,18:00,,,12:00,21:00,,,09:00,18:00,,,12:00,21:00,,,09:00,18:00,,,08:00,16:30,,,34.0639161,-118.3037415
"JWCH INSTITUTE, INC.",Mini House Residential Treatment,"303 East 52nd Street,Los Angeles, CA 90011",(323) 918-2139,https://www.jwchinstitute.org,Yes,RS(3.1)Adult - F: 0RS(3.5)Adult - F: 0,,M; A; T; Parent/; Guardian (; Female) with; Children; Perinatal; Co-; Occurring; Mental; Health; Capabilities; Homeless; Criminal; Justice,EnglishSpanish,Last Updated: 11/26/2025 8:57:55 AM,True,False,True,False,False,False,False,False,True,True,False,False,True,True,False,False,True,True,True,True,10:00,18:00,,,09:00,20:00,,,09:00,20:00,,,09:00,20:00,,,09:00,20:00,,,09:00,20:00,,,10:00,18:00,,,33.9953414,-118.2699321
PEOPLE COORDINATED SERVICES OF SOUTHERN CALIFORNIA,Castle Substance Abuse Treatment - West,"1319 South Manhattan Place,Los Angeles, CA 90019",(323) 732-9124,,Yes,RS(3.1)Adult - M: 0Adult - F: 0,,,EnglishSpanish,Last Updated: 11/26/2025 8:04:36 AM,True,False,True,False,False,False,False,True,True,True,False,False,False,False,False,False,False,False,False,False,00:00,23:59,,,00:00,23:59,,,00:00,23:59,,,00:00,23:59,,,00:00,23:59,,,00:00,23:59,,,00:00,23:59,,,34.0469225,-118.3102525
"SPECIAL SERVICE FOR GROUPS, INC.",Homeless Outreach Program Integrated Care System,"5715 South Broadway,Los Angeles, CA 90037",(323) 948-0433,http://www.hopics.org,Yes,,,Adult; Women; Parent/; Guardian (; Female) with; Children; Parent/; Guardian (; Male) with; Children; Perinatal; Co-; Occurring; Mental; Health; Capabilities; L; G; B; T; Q; I; A; Homeless; Criminal; Justice,EnglishSpanish,Last Updated: 11/26/2025 10:22:39 AM,False,True,True,False,False,False,False,False,True,True,False,False,False,True,True,False,True,True,True,True,Closed,Closed,,,08:00,16:30,,,12:00,21:00,,,08:00,16:30,,,12:00,21:00,,,08:00,16:30,,,08:00,16:30,,,33.9903756,-118.2783907
"PRINCIPLES, INC.",,"3217 North Eastern Avenue, 102 & 103,Los Angeles, CA 90032",(213) 625-5009,https://www.impacthouse.com,Yes,,,Adult; L; G; B; T; Q; I; A; Veterans; Homeless,ArmenianEnglishSpanish,Last Updated: 11/26/2025 10:34:58 AM,False,True,True,False,False,False,False,False,False,True,False,False,False,False,True,True,True,False,False,False,Closed,Closed,,,08:00,21:00,,,08:00,21:00,,,08:00,21:00,,,08:00,21:00,,,08:00,16:30,,,08:00,16:30,,,34.0536909,-118.242766
"CRI-HELP, INC.",,,(323) 222-1440,https://www.cri-help.org,No,RBHAdult - F: 0,,,English,Last Updated: 11/26/2025 8:04:13 AM,True,False,True,False,False,False,False,False,True,True,False,False,False,False,False,False,False,False,False,False,,,,,,,,,,,,,,,,,,,,,,,,,,,,,34.0605014,-118.2145766
"DIVERSION SAFETY PROGRAMS, INC.",,"6606 Pacific Boulevard, 215,Huntington Park, CA 90255",(323) 585-0764,,No,,,,EnglishSpanish,Last Updated: 6/30/2017 8:25:52 AM,False,False,True,False,False,False,False,False,False,False,False,False,False,False,False,False,False,False,False,False,,,,,,,,,,,,,,,,,,,,,,,,,,,,,33.979116,-118.225076
WESTERN PACIFIC MED-CORP,,"4544 San Fernando Road, Suite 201,Glendale, CA 91204",(818) 956-3737,www.westpacmed.com,Yes,,,Adult; M; A; T,ArmenianEnglishFarsiRussianSpanishTagalog,Last Updated: 11/26/2025 4:55:52 AM,True,False,True,False,False,False,True,False,False,True,False,False,True,False,False,False,False,False,False,False,06:00,09:30,,,06:00,14:30,,,06:00,14:30,,,06:00,14:30,,,06:00,14:30,,,06:00,14:30,,,06:00,09:30,,,34.134571,-118.262931
"CHABAD OF CALIFORNIA, INC.",,,(323) 965-1365,https://www.chabadrehab.com,No,RBHAdult - M: 0,,M; A; T; Co-; Occurring; Mental; Health; Capabilities; Homeless,English,Last Updated: 11/26/2025 8:28:54 AM,True,False,True,False,False,False,False,True,False,True,False,False,True,True,False,False,True,False,False,False,,,,,,,,,,,,,,,,,,,,,,,,,,,,,34.057461,-118.353244
TESSIE CLEVELAND COMMUNITY SERVICES CORPORATION,,"8019 Compton Avenue,Los Angeles, CA 90001",(323) 586-7333,http://www.tccsc.org,Yes,,,Youth; Parent/; Guardian (; Female) with; Children; Parent/; Guardian (; Male) with; Children; Co-; Occurring; Mental; Health; Capabilities,EnglishSpanish,Last Updated: 11/18/2025 3:16:17 PM,False,True,True,False,False,False,False,False,True,False,False,True,False,True,False,False,False,False,False,True,Closed,Closed,,,08:00,20:00,,,08:00,21:00,,,08:00,20:00,,,08:00,21:00,,,08:00,20:00,,,09:00,17:00,,,33.9663566,-118.2477504
DIDI HIRSCH PSYCHIATRIC SERVICE,Didi Hirsch Mental Health- Glendale,"1540 East Colorado Street,Glendale, CA 91205",(818) 244-7257,https://didihirsch.org/,Yes,,,Co-; Occurring; Mental; Health; Capabilities,EnglishFarsiSpanish,Last Updated: 11/26/2025 8:22:12 AM,True,False,True,False,False,False,False,False,False,False,False,False,False,True,False,False,False,False,False,False,Closed,Closed,,,09:00,20:00,,,09:00,20:00,,,09:00,20:00,,,09:00,20:00,,,09:00,20:00,,,Closed,Closed,,,34.1426882,-118.2303832
"SPECIAL SERVICE FOR GROUPS, INC.",SSG HOPICS RBH,"Los Angeles, CA 90003",(323) 948-0444,http://www.hopics.org,No,RBHAdult - M: 0Adult - F: 0,,,EnglishSpanish,Last Updated: 11/26/2025 10:22:39 AM,True,False,True,False,False,False,False,True,True,True,False,False,False,False,False,False,False,False,False,False,,,,,,,,,,,,,,,,,,,,,,,,,,,,,34.0536909,-118.242766
"CANON HUMAN SERVICES, INC.",,,(323) 249-9097,http://www.canonhumanservices.com/,No,RBHAdult - M: 0,,,EnglishSpanish,Last Updated: 11/26/2025 10:44:03 AM,True,False,True,False,False,False,False,True,False,True,False,False,False,False,False,False,False,False,False,False,,,,,,,,,,,,,,,,,,,,,,,,,,,,,34.0536909,-118.242766
"NARCOTIC PREVENTION ASSOCIATION, INC.",,"942 South Atlantic Boulevard, Suite 100,Los Angeles, CA 90022",(323) 263-9700,https://www.nppclinic.net,No,,,Adult; M; A; T; Parent/; Guardian (; Female) with; Children; Parent/; Guardian (; Male) with; Children; Perinatal; Physically; Disabled; Developmentally; Disabled/; Delayed; Co-; Occurring; Mental; Health; Capabilities; L; G; B; T; Q; I; A; Veterans; Homeless; Criminal; Justice; Sexually-; Exploited,American Sign LanguageEnglishSpanish,Last Updated: 11/26/2025 7:13:38 AM,True,False,True,True,False,False,True,False,True,True,False,False,True,True,True,True,True,True,True,True,06:00,10:00,,,05:00,17:00,,,05:00,17:00,,,05:00,17:00,,,05:00,17:00,,,05:00,17:00,,,06:00,10:00,,,34.019126,-118.157511
RIGHT ON PROGRAMS,,"522 East Broadway Avenue, Suite 101,Glendale, CA 91205",(818) 240-1683,,No,,,,ArmenianEnglishSpanish,Last Updated: 6/30/2017 8:32:51 AM,False,False,True,False,False,False,False,False,False,False,False,False,False,False,False,False,False,False,False,False,,,,,,,,,,,,,,,,,,,,,,,,,,,,,34.1469416,-118.2478471
"THE SALVATION ARMY, A CALIFORNIA CORPORATION",The Salvation Army Bell Shelter,"5600 Rickenbacker Road, Building 2A-B,Bell, CA 90201",(949) 524-5058,https://www.bellshelter.salvationarmy.org,Yes,RS(3.1)Adult - M: 0Adult - F: 0RS(3.5)Adult - M: 0Adult - F: 0,,Adult; Physically; Disabled; Co-; Occurring; Mental; Health; Capabilities; L; G; B; T; Q; I; A; Veterans; Homeless; Criminal; Justice,English,Last Updated: 11/26/2025 8:09:26 AM,True,False,True,False,False,False,False,True,True,True,False,False,False,True,True,True,True,True,False,False,08:00,17:00,,,08:00,17:00,,,08:00,17:00,,,08:00,17:00,,,08:00,17:00,,,08:00,17:00,,,08:00,17:00,,,33.989141,-118.161806
LOS ANGELES CENTERS FOR ALCOHOL AND DRUG ABUSE,Casa Del Corazon,,(562) 906-2676,http://www.lacada.com/,No,RBHAdult - M: 0Adult - F: 0,,,English,Last Updated: 11/26/2025 9:08:30 AM,True,False,True,False,False,False,False,True,True,True,False,False,False,False,False,False,False,False,False,False,,,,,,,,,,,,,,,,,,,,,,,,,,,,,34.0451634,-118.2432327
VAN NESS RECOVERY HOUSE,,"1919 North Beachwood Drive,Los Angeles, CA 90068",(323) 463-4266,https://www.vannessrecoveryhouse.com,Yes,RS(3.1)Adult - M: 0Adult - F: 0RS(3.5)Adult - M: 1Adult - F: 1,,Adult; Physically; Disabled; Co-; Occurring; Mental; Health; Capabilities; L; G; B; T; Q; I; A; Homeless; Criminal; Justice; Sexually-; Exploited,EnglishSpanish,Last Updated: 11/26/2025 7:08:55 AM,True,False,True,False,False,False,False,True,True,True,False,False,False,True,True,False,True,True,False,False,08:00,23:00,,,08:00,23:00,,,08:00,23:00,,,08:00,23:00,,,08:00,23:00,,,08:00,23:00,,,08:00,23:00,,,34.1060558,-118.3214981
"HELPLINE YOUTH COUNSELING, INC.",,"5400 East Olympic Boulevard, Suite 225,Commerce, CA 90022",(213) 226-0969,https://hycinc.org,Yes,,,Youth; Parent/; Guardian (; Female) with; Children; Parent/; Guardian (; Male) with; Children; Co-; Occurring; Mental; Health; Capabilities; Homeless; Criminal; Justice,EnglishSpanish,Last Updated: 11/26/2025 8:23:22 AM,False,True,True,False,False,False,False,False,True,False,False,True,False,True,False,False,True,True,False,True,Closed,Closed,,,08:00,17:00,,,08:00,21:00,,,08:00,17:00,,,08:00,21:00,,,08:00,17:00,,,Closed,Closed,,,34.015632,-118.155776
"ASIAN AMERICAN DRUG ABUSE PROGRAM, INC.",,,(323) 293-6291,https://www.aadapinc.org,No,RBHAdult - F: 0,,,English,Last Updated: 11/26/2025 9:30:50 AM,True,False,True,False,False,False,False,False,True,True,False,False,False,False,False,False,False,False,False,False,,,,,,,,,,,,,,,,,,,,,,,,,,,,,33.9938975,-118.3311065
LOS ANGELES CENTERS FOR ALCOHOL AND DRUG ABUSE,,,(626) 537-1807,http://www.lacada.com/,No,RBHAdult - M: 3,,,English,Last Updated: 11/26/2025 9:07:12 AM,True,False,True,False,False,False,False,True,False,True,False,False,False,False,False,False,False,False,False,False,,,,,,,,,,,,,,,,,,,,,,,,,,,,,34.0451634,-118.2432327
"SHIELDS FOR FAMILIES, INC.",Shields Place of Families,"9307 South Central Avenue,Los Angeles, CA 90002",(323) 564-6982,http://www.shieldsforfamilies.org,No,,,,EnglishSpanish,Last Updated: 7/25/2019 9:18:27 AM,False,False,True,False,False,False,False,False,False,False,False,False,False,False,False,False,False,False,False,False,,,,,,,,,,,,,,,,,,,,,,,,,,,,,33.9516662,-118.2554147
"MELA COUNSELING SERVICES CENTER, INC.",,"5723 Whittier Boulevard,Los Angeles, CA 90022",(323) 721-6855,http://melacounseling.org/,Yes,,,Adult; Youth; Parent/; Guardian (; Female) with; Children; Parent/; Guardian (; Male) with; Children; Perinatal; Criminal; Justice,EnglishSpanish,Last Updated: 11/13/2025 7:34:07 AM,False,True,True,False,False,False,False,False,True,True,False,True,False,False,False,False,False,True,True,True,Closed,Closed,,,08:00,19:00,,,08:00,19:00,,,08:00,19:00,,,08:00,19:00,,,08:00,19:00,,,09:00,17:00,,,34.01848,-118.147758
PENNY LANE CENTERS,,"5628 East Slauson,Commerce, CA 90040",(818) 430-4445,https://www.pennylane.org,Yes,,,Adult; Youth; Co-; Occurring; Mental; Health; Capabilities; L; G; B; T; Q; I; A; Homeless; Criminal; Justice; Sexually-; Exploited,EnglishSpanish,Last Updated: 11/21/2025 8:30:23 AM,False,True,True,False,False,False,False,False,False,True,False,True,False,True,True,False,True,True,False,False,Closed,Closed,,,08:00,20:00,,,08:00,21:00,,,08:00,20:00,,,08:00,21:00,,,08:00,18:00,,,09:00,17:00,,,33.9860666,-118.1627852
"ASIAN AMERICAN DRUG ABUSE PROGRAM, INC.",AADAP TC,"5318 Crenshaw Boulevard,Los Angeles, CA 90043",(323) 293-6291,https://www.aadapinc.org,Yes,RS(3.1)Adult - M: 0Adult - F: 0,,Adult; Parent/; Guardian (; Female) with; Children; Parent/; Guardian (; Male) with; Children; Perinatal; Co-; Occurring; Mental; Health; Capabilities; Homeless; Criminal; Justice,EnglishKoreanSpanish,Last Updated: 11/26/2025 9:30:50 AM,True,False,True,False,False,False,False,True,True,True,False,False,False,True,False,False,True,True,True,True,Closed,Closed,,,09:00,17:00,,,09:00,17:00,,,09:00,17:00,,,09:00,17:00,,,09:00,17:00,,,10:00,15:00,,,33.9938975,-118.3311065
"CANON HUMAN SERVICES, INC.",,"9705 South Holmes Avenue,Los Angeles, CA 90002",(323) 249-9097,http://www.canonhumanservices.com/,Yes,RS(3.1)Adult - M: 0,,Adult,EnglishSpanish,Last Updated: 11/26/2025 10:44:03 AM,True,False,True,False,False,False,False,True,False,True,False,False,False,False,False,False,False,False,False,False,09:00,10:30,,,09:00,20:00,,,09:00,19:30,,,09:00,19:30,,,09:00,21:00,,,09:00,14:30,,,09:00,21:00,,,34.0536909,-118.242766
LOS ANGELES CENTERS FOR ALCOHOL AND DRUG ABUSE,Nuestra Casa,"8919 & 8921 California Avenue,South Gate, CA 90280",(323) 487-5002,http://www.lacada.com/,Yes,RS(3.1)Adult - M: 0Adult - F: 0RS(3.5)Adult - M: 0Adult - F: 0,,M; A; T; Parent/; Guardian (; Female) with; Children; Parent/; Guardian (; Male) with; Children; Perinatal; Co-; Occurring; Mental; Health; Capabilities; L; G; B; T; Q; I; A; Homeless; Criminal; Justice,EnglishSpanish,Last Updated: 11/26/2025 9:07:13 AM,True,False,True,False,False,False,False,True,True,True,False,False,True,True,True,False,True,True,True,True,00:00,23:59,,,00:00,23:59,,,00:00,23:59,,,00:00,23:59,,,00:00,23:59,,,12:00,23:59,,,00:00,23:59,,,33.9539249,-118.2062011
"BEHAVIORAL HEALTH SERVICES, INC.",BHS Hollywood Recovery Center,"6838 Sunset Boulevard,Hollywood, CA 90028",(323) 461-3161,http://bhs-inc.org/,Yes,,,Adult; Youth; Co-; Occurring; Mental; Health; Capabilities,EnglishSpanish,Last Updated: 11/26/2025 9:08:19 AM,False,True,True,False,False,False,False,False,False,True,False,True,False,True,False,False,False,False,False,False,Closed,Closed,,,09:00,18:00,,,09:00,21:00,,,09:00,18:00,,,09:00,21:00,,,08:00,17:00,,,08:00,17:00,,,34.0978892,-118.3393989
"CHABAD OF CALIFORNIA, INC.",,,(323) 965-1365,https://www.chabadrehab.com,No,RBHAdult - M: 0,,,English,Last Updated: 11/26/2025 8:28:54 AM,True,False,True,False,False,False,False,True,False,True,False,False,False,False,False,False,False,False,False,False,,,,,,,,,,,,,,,,,,,,,,,,,,,,,34.057461,-118.353244
"CHABAD OF CALIFORNIA, INC.",,"5675 West Olympic Boulevard,Los Angeles, CA 90036",(323) 965-1365,https://www.chabadrehab.com,No,RS(3.1)Adult - M: 0RS(3.5)Adult - M: 0,,Adult,English,Last Updated: 11/26/2025 8:28:54 AM,True,False,True,False,False,False,False,True,False,True,False,False,False,False,False,False,False,False,False,False,Closed,Closed,,,09:00,17:30,,,09:00,17:30,,,09:00,17:30,,,09:00,17:30,,,09:00,17:30,,,09:00,15:30,,,34.057461,-118.353244
"ASIAN AMERICAN DRUG ABUSE PROGRAM, INC.",,,(323) 293-6291,https://www.aadapinc.org,No,RBHAdult - M: 0,,,English,Last Updated: 11/26/2025 9:30:50 AM,True,False,True,False,False,False,False,True,False,True,False,False,False,False,False,False,False,False,False,False,,,,,,,,,,,,,,,,,,,,,,,,,,,,,33.9938975,-118.3311065
"COMPATIOR, INC.",,,(323) 378-2009,https://www.compatior.org,No,RBHAdult - M: 2,,,EnglishSpanish,Last Updated: 11/26/2025 1:25:49 PM,True,False,True,False,False,False,False,True,False,True,False,False,False,False,False,False,False,False,False,False,,,,,,,,,,,,,,,,,,,,,,,,,,,,,33.9431485,-118.1952344
EXODUS RECOVERY INC.,,,(323) 276-6465,https://www.exodusrecovery.com,No,RBHAdult - M: 0Adult - F: 0,,,EnglishSpanish,Last Updated: 11/26/2025 5:40:22 AM,True,False,True,False,False,False,False,True,True,True,False,False,False,False,False,False,False,False,False,False,,,,,,,,,,,,,,,,,,,,,,,,,,,,,34.0575901,-118.2101059
"SAFETY CONSULTANT SERVICES, INC.",,"4120 Tweedy Boulevard,South Gate, CA 90280",(323) 567-0527,,No,,,,EnglishSpanish,Last Updated: 6/29/2017 10:24:56 AM,False,False,True,False,False,False,False,False,False,False,False,False,False,False,False,False,False,False,False,False,,,,,,,,,,,,,,,,,,,,,,,,,,,,,33.9434389,-118.1992749
"COMPATIOR, INC.",,"4363 Tweedy Boulevard,South Gate, CA 90280",(323) 378-2009,https://www.compatior.org,Yes,,,Youth; Perinatal; Physically; Disabled; L; G; B; T; Q; I; A; Veterans,EnglishSpanish,Last Updated: 11/26/2025 1:25:49 PM,False,True,True,False,False,False,False,False,False,False,False,True,False,False,True,True,False,False,True,False,Closed,Closed,,,10:00,21:00,,,10:00,21:00,,,10:00,19:00,,,10:00,19:00,,,10:00,19:00,,,08:00,16:00,,,33.9431485,-118.1952344
"FAMILIES FOR CHILDREN, INC.",Families for Children Substance Abuse Treatment Program,"2504 West Manchester Boulevard,Inglewood, CA 90305",(323) 751-3805,,Yes,,,Parent/; Guardian (; Female) with; Children; Parent/; Guardian (; Male) with; Children; Criminal; Justice,ArmenianEnglishSpanish,Last Updated: 11/26/2025 8:08:06 AM,False,True,True,False,False,False,False,False,True,False,False,False,False,False,False,False,False,True,False,True,Closed,Closed,,,08:00,19:30,,,08:00,21:00,,,08:00,21:00,,,08:00,21:00,,,08:00,19:30,,,08:00,17:00,,,33.9601299,-118.3210289
LOS ANGELES CENTERS FOR ALCOHOL AND DRUG ABUSE,,,(626) 537-1886,http://www.lacada.com/,No,RBHAdult - M: 0Adult - F: 0,,,English,Last Updated: 11/26/2025 9:07:12 AM,True,False,True,False,False,False,False,True,True,True,False,False,False,False,False,False,False,False,False,False,,,,,,,,,,,,,,,,,,,,,,,,,,,,,34.0451634,-118.2432327
"SHIELDS FOR FAMILIES, INC.",ARK,"11705 Deputy Yamamoto Place, Suite A,Lynwood, CA 90262",(323) 242-5000,http://www.shieldsforfamilies.org,Yes,,,Adult; Parent/; Guardian (; Female) with; Children; Parent/; Guardian (; Male) with; Children; Perinatal; Co-; Occurring; Mental; Health; Capabilities; Homeless; Criminal; Justice,EnglishSpanish,Last Updated: 11/24/2025 9:55:37 AM,False,True,True,False,False,False,False,False,True,True,False,False,False,True,False,False,True,True,True,True,Closed,Closed,,,09:00,17:00,,,09:00,21:00,,,09:00,17:00,,,09:00,21:00,,,09:00,17:00,,,09:00,17:00,,,33.9271205,-118.2285296
"HIGH ROAD PROGRAM, THE",,"700 South Arroyo Parkway,Pasadena, CA 91105",(626) 793-6159,,No,,,,EnglishSpanish,Last Updated: 6/29/2017 1:39:44 PM,False,False,True,False,False,False,False,False,False,False,False,False,False,False,False,False,False,False,False,False,,,,,,,,,,,,,,,,,,,,,,,,,,,,,34.1336197,-118.1472187
"PRINCIPLES, INC.",Impact Cedar House,,(626) 798-0884,https://www.impacthouse.com,No,RBHAdult - M: 0Adult - F: 0,,,EnglishSpanish,Last Updated: 11/26/2025 9:22:45 AM,True,False,True,False,False,False,False,True,True,True,False,False,False,False,False,False,False,False,False,False,,,,,,,,,,,,,,,,,,,,,,,,,,,,,34.0536909,-118.242766
"ADDICTION RESEARCH AND TREATMENT, INC.","MedMark TReatment Center, Los Angeles","11900 South Avalon Boulevard, Suite 200,Los Angeles, CA 90061",(323) 242-0500,https://www.baartprograms.com,Yes,,,M; A; T; Perinatal,EnglishFarsiSpanish,Last Updated: 10/28/2020 12:06:12 PM,True,False,True,False,False,False,True,False,False,False,False,False,True,False,False,False,False,False,True,False,06:00,10:00,,,05:30,14:00,,,05:30,14:00,,,05:30,14:00,,,05:30,14:00,,,05:30,14:00,,,06:00,10:00,,,33.9274969,-118.2651856
"TARZANA TREATMENT CENTERS, INC.",Behavioral Health Center,"12021 South Wilmington Avenue, Building 18, Suite 301,Los Angeles, CA 90059",(424) 454-6081,https://www.tarzanatc.org,Yes,,,M; A; T; Physically; Disabled; Co-; Occurring; Mental; Health; Capabilities; L; G; B; T; Q; I; A; Veterans; Homeless; Criminal; Justice; Sexually-; Exploited,EnglishSpanish,Last Updated: 11/26/2025 9:39:48 AM,False,True,True,True,False,False,False,False,False,False,False,False,True,True,True,True,True,True,False,False,Closed,Closed,,,08:30,20:00,,,08:30,21:00,,,08:30,20:00,,,08:30,21:00,,,08:30,20:00,,,08:30,17:00,,,33.9220616,-118.2392221
"BEHAVIORAL HEALTH SERVICES, INC.",MLK Behavioral Health Center and Recovery Center,"12021 South Wilmington Avenue, Building 18, Suite 101,Los Angeles, CA 90059",(424) 454-6001,http://bhs-inc.org/,No,R-WMAdult - M: 3Adult - F: 3,,M; A; T; Co-; Occurring; Mental; Health; Capabilities; L; G; B; T; Q; I; A; Homeless,English,Last Updated: 11/26/2025 8:31:21 AM,True,False,True,False,True,False,False,True,True,True,False,False,True,True,True,False,True,False,False,False,08:00,17:00,,,08:00,17:00,,,08:00,17:00,,,08:00,17:00,,,08:00,17:00,,,08:00,17:00,,,08:00,17:00,,,33.9220616,-118.2392221
HEALTHRIGHT 360,Behavioral Health Center,"12021 South Wilmington Avenue, 3rd Floor, Suite 300,Los Angeles, CA 90059",(424) 454-6042,https://www.healthright360.org/,Yes,RS(3.1)Adult - M: 0Adult - F: 0RS(3.3)Adult - M: 0RS(3.5)Adult - M: 0Adult - F: 0,,M; A; T; Physically; Disabled; Developmentally; Disabled/; Delayed; Co-; Occurring; Mental; Health; Capabilities; L; G; B; T; Q; I; A; Veterans; Homeless; Sexually-; Exploited,EnglishSpanish,Last Updated: 11/19/2025 10:46:09 AM,True,False,True,False,False,False,False,True,True,True,False,False,True,True,True,True,True,False,False,False,09:00,20:30,,,09:00,20:30,,,09:00,20:30,,,09:00,20:30,,,09:00,20:30,,,09:00,20:30,,,09:00,20:30,,,33.9220616,-118.2392221
"SHIELDS FOR FAMILIES, INC.",Genesis/Revelation,"2620 Industry Way, Suite A,Lynwood, CA 90262",(323) 242-5000,http://www.shieldsforfamilies.org,Yes,,,Youth; Parent/; Guardian (; Female) with; Children; Parent/; Guardian (; Male) with; Children; Perinatal; Co-; Occurring; Mental; Health; Capabilities; Homeless; Criminal; Justice,EnglishSpanish,Last Updated: 11/24/2025 9:55:37 AM,False,True,True,False,False,False,False,False,True,False,False,True,False,True,False,False,True,True,True,True,Closed,Closed,,,08:30,21:00,,,08:30,17:00,,,08:30,17:00,,,08:30,21:00,,,08:30,17:00,,,08:30,16:30,,,33.9233604,-118.2269975
VAN NESS RECOVERY HOUSE,,,(323) 463-4266,https://www.vannessrecoveryhouse.com,No,RBHAdult - M: 0Adult - F: 0,,,EnglishSpanish,Last Updated: 11/26/2025 7:08:55 AM,True,False,True,False,False,False,False,True,True,True,False,False,False,False,False,False,False,False,False,False,,,,,,,,,,,,,,,,,,,,,,,,,,,,,34.1060558,-118.3214981
DIDI HIRSCH PSYCHIATRIC SERVICE,Didi Hirsch Mental Health Services,"323 North Prairie Avenue, 150, 155, 290, 315, 325, 350, 430, 450,Inglewood, CA 90301",(310) 677-7808,https://didihirsch.org/,Yes,,,Co-; Occurring; Mental; Health; Capabilities,English,Last Updated: 11/26/2025 8:22:12 AM,True,False,True,False,False,False,False,False,False,False,False,False,False,True,False,False,False,False,False,False,Closed,Closed,,,09:00,20:00,,,09:00,20:00,,,09:00,20:00,,,09:00,20:00,,,09:00,17:00,,,Closed,Closed,,,33.9665722,-118.344031
"CHABAD OF CALIFORNIA, INC.",Chabad Treatment Center,"1750 South La Cienega Boulevard,  Suites A, B, C and D,Los Angeles, CA 90035",(323) 965-1365,https://www.chabadrehab.com,Yes,,,Adult,English,Last Updated: 11/26/2025 8:28:54 AM,False,True,True,False,False,False,False,False,False,True,False,False,False,False,False,False,False,False,False,False,14:00,22:00,,,14:00,22:00,,,14:00,22:00,,,14:00,22:00,,,14:00,22:00,,,Closed,Closed,,,Closed,Closed,,,34.045783,-118.3763994
ALHAMBRA SAFETY SERVICES,,"926 East Garvey Avenue, Suite A,Monterey Park, CA 91755",(626) 571-6988,,No,,,,EnglishSpanishVietnamese,Last Updated: 6/29/2017 1:54:03 PM,False,False,True,False,False,False,False,False,False,False,False,False,False,False,False,False,False,False,False,False,,,,,,,,,,,,,,,,,,,,,,,,,,,,,34.0625163,-118.1102003
"CANON HUMAN SERVICES, INC.",,,(323) 249-9097,http://www.canonhumanservices.com/,No,RBHAdult - M: 0,,,EnglishSpanish,Last Updated: 11/26/2025 10:44:03 AM,True,False,True,False,False,False,False,True,False,True,False,False,False,False,False,False,False,False,False,False,,,,,,,,,,,,,,,,,,,,,,,,,,,,,34.0536909,-118.242766
"NEW HOPE DRUG & ALCOHOL TREATMENT PROGRAM, INC.",,"1841 & 1841 1/2 West Imperial Highway,Los Angeles, CA 90047",(323) 750-2850,https://newhopereha.com,Yes,,,Adult; Youth,EnglishSpanish,Last Updated: 5/22/2024 1:15:54 PM,False,True,True,False,False,False,False,False,False,True,False,True,False,False,False,False,False,False,False,False,Closed,Closed,,,10:30,19:30,,,10:30,21:00,,,10:30,21:00,,,10:30,19:30,,,10:30,19:30,,,11:00,16:00,,,33.9308217,-118.3100133
"ASIAN AMERICAN DRUG ABUSE PROGRAM, INC.",Goodman Outpatient,"520 North La Brea, #236,Inglewood, CA 90302",(323) 294-4932,https://www.aadapinc.org,Yes,,,Adult; Parent/; Guardian (; Female) with; Children; Parent/; Guardian (; Male) with; Children; Perinatal; Developmentally; Disabled/; Delayed; Homeless; Criminal; Justice; Sexually-; Exploited,EnglishSpanishVietnamese,Last Updated: 11/26/2025 9:10:03 AM,False,True,True,False,False,False,False,False,True,True,False,False,False,False,False,False,True,True,True,True,Closed,Closed,,,08:30,18:30,,,08:30,21:00,,,08:30,18:30,,,08:30,21:00,,,08:30,18:30,,,09:00,17:00,,,33.9562003,-118.353132
TWIN TOWN CORPORATION,Twin Town Treatment Centers,"8739 Santa Monica Boulevard,West Hollywood, CA 90069",(310) 623-1477,https://twintowntreatmentcenters.com,Yes,,,Adult,English,Last Updated: 11/26/2025 8:21:06 AM,False,True,True,False,False,False,False,False,False,True,False,False,False,False,False,False,False,False,False,False,Closed,Closed,,,09:00,21:00,,,09:00,21:00,,,09:00,21:00,,,09:00,21:00,,,09:00,21:00,,,09:00,17:00,,,34.0869895,-118.380746
INGLEWOOD SUBSTANCE ABUSE,,"400 South La Brea Avenue, Suite 203,Inglewood, CA 90301",(310) 673-5882,,No,,,,EnglishSpanish,Last Updated: 8/23/2017 3:00:41 PM,False,False,True,False,False,False,False,False,False,False,False,False,False,False,False,False,False,False,False,False,,,,,,,,,,,,,,,,,,,,,,,,,,,,,33.959351,-118.35319
BEIT T'SHUVAH,,"8831 Venice Boulevard,Los Angeles, CA 90034",(310) 280-3692,https://www.beittshuvah.org,Yes,RS(3.1)Adult - M: 0Adult - F: 0,,,English,Last Updated: 11/26/2025 9:01:02 AM,True,False,True,False,False,False,False,True,True,True,False,False,False,False,False,False,False,False,False,False,00:00,23:59,,,00:00,23:59,,,00:00,23:59,,,00:00,23:59,,,00:00,23:59,,,00:00,23:59,,,00:00,23:59,,,34.0306402,-118.3864804
CASA DE LAS AMIGAS,,"169 North Oak Knoll Avenue,Pasadena, CA 91101",(626) 792-2770,https://www.casatreatmentcenter.org,Yes,,,Women; Co-; Occurring; Mental; Health; Capabilities,ArmenianEnglishSpanish,Last Updated: 11/14/2025 11:19:57 AM,False,True,True,False,False,False,False,False,False,False,False,False,False,True,False,False,False,False,False,False,09:00,17:00,,,09:00,17:00,,,14:00,17:00,,,09:00,17:00,,,14:00,17:00,,,09:00,17:00,,,Closed,Closed,,,34.1492062,-118.1354653
"ADDICTION RESEARCH AND TREATMENT, INC.",BAART Progrms Lynwood,"11682 Atlantic Avenue,Lynwood, CA 90262",(310) 537-5883,https://www.baartprograms.com,Yes,,,M; A; T; Perinatal,English,Last Updated: 9/4/2019 9:28:46 AM,True,False,True,False,False,False,False,False,False,False,False,False,True,False,False,False,False,False,True,False,05:30,09:30,,,05:30,13:30,,,05:30,13:30,,,05:30,13:30,,,05:30,13:30,,,05:30,13:30,,,05:30,09:30,,,33.9170617,-118.1893076
"PAX HOUSE, INC.",,"750 East Walnut Street,Pasadena, CA 91101",(626) 398-3897,https://paxhouserecovery.com/,Yes,,,Criminal; Justice,EnglishKoreanSpanish,Last Updated: 9/5/2024 4:56:33 PM,False,True,True,False,False,False,False,False,False,False,False,False,False,False,False,False,False,True,False,False,Closed,Closed,,,09:00,18:00,,,09:00,21:00,,,09:00,18:00,,,09:00,21:00,,,09:00,18:00,,,09:00,18:00,,,34.1494093,-118.1349748
"BEHAVIORAL HEALTH SERVICES, INC.",,,(310) 679-9126,http://bhs-inc.org/,No,RBHAdult - M: 0Adult - F: 0,,,English,Last Updated: 11/26/2025 10:15:08 AM,True,False,True,False,False,False,False,True,True,True,False,False,False,False,False,False,False,False,False,False,,,,,,,,,,,,,,,,,,,,,,,,,,,,,34.0188584,-118.2042581
"BEHAVIORAL HEALTH SERVICES, INC.",,,(310) 679-9126,http://bhs-inc.org/,No,RBHAdult - M: 0Adult - F: 0,,,English,Last Updated: 11/26/2025 10:15:09 AM,True,False,True,False,False,False,False,True,True,True,False,False,False,False,False,False,False,False,False,False,,,,,,,,,,,,,,,,,,,,,,,,,,,,,34.0188584,-118.2042581
"PRINCIPLES, INC.",,,(626) 798-0884,https://www.impacthouse.com,No,RBHAdult - M: 0Adult - F: 0,,,English,Last Updated: 11/26/2025 9:22:45 AM,True,False,True,False,False,False,False,True,True,True,False,False,False,False,False,False,False,False,False,False,,,,,,,,,,,,,,,,,,,,,,,,,,,,,34.0536909,-118.242766
"GRANDVIEW FOUNDATION, INC.",,,(626) 797-1124,http://www.grandviewfoundation.com,No,RBHAdult - M: 0,,,English,Last Updated: 11/26/2025 8:31:12 AM,True,False,True,False,False,False,False,True,False,True,False,False,False,False,False,False,False,False,False,False,,,,,,,,,,,,,,,,,,,,,,,,,,,,,34.1670393,-118.1457752
"SOCIAL MODEL RECOVERY SYSTEMS, INC.",(PCADD) Pasadena Council on Alcohol and Drug Dependence,"44 South Mentor Avenue,Pasadena, CA 91106",(877) 507-6242,https://www.socialmodelrecovery.org/,Yes,,,Youth,EnglishSpanish,Last Updated: 11/24/2025 6:07:14 PM,False,True,True,False,False,False,False,False,False,False,False,True,False,False,False,False,False,False,False,False,Closed,Closed,,,09:00,20:00,,,09:00,21:00,,,09:00,20:00,,,09:00,21:00,,,09:00,20:00,,,08:00,16:00,,,34.1450473,-118.130232
"DIVINE HEALTHCARE SERVICES, INC.",,"405 West Manchester Boulevard, Suite A,Inglewood, CA 90301",(310) 672-3820,https://www.divinehealthcareservices.org,Yes,,,Adult; Youth; Parent/; Guardian (; Female) with; Children; Parent/; Guardian (; Male) with; Children,EnglishSpanish,Last Updated: 11/26/2025 9:15:26 AM,False,True,True,False,False,False,False,False,True,True,False,True,False,False,False,False,False,False,False,True,Closed,Closed,,,09:00,20:00,,,09:00,20:00,,,09:00,21:00,,,09:00,20:00,,,09:00,21:00,,,09:00,17:00,,,33.9617489,-118.36187
LOS ANGELES CENTERS FOR ALCOHOL AND DRUG ABUSE,,,(626) 421-6382,http://www.lacada.com/,No,RBHAdult - M: 0Adult - F: 0,,,EnglishSpanish,Last Updated: 11/26/2025 9:07:12 AM,True,False,True,False,False,False,False,True,True,True,False,False,False,False,False,False,False,False,False,False,,,,,,,,,,,,,,,,,,,,,,,,,,,,,34.0451634,-118.2432327
"GRANDVIEW FOUNDATION, INC.",,"1230 North Marengo Avenue,Pasadena, CA 91103",(626) 797-1124,http://www.grandviewfoundation.com,Yes,RS(3.1)Adult - M: 0RS(3.5)Adult - M: 0R-WMAdult - M: 0,,M; A; T; Co-; Occurring; Mental; Health; Capabilities; L; G; B; T; Q; I; A; Veterans; Homeless; Criminal; Justice,EnglishFarsiSpanish,Last Updated: 11/26/2025 8:31:12 AM,True,False,True,False,True,False,False,True,False,True,False,False,True,True,True,True,True,True,False,False,00:30,23:30,,,00:00,23:30,,,00:00,23:30,,,00:00,23:30,,,00:00,23:30,,,00:00,23:30,,,00:00,23:30,,,34.1670393,-118.1457752
YOU CAN HEALTH SERVICES,,"600 West Manchester Avenue, Suite 5,Los Angeles, CA 90044",(323) 750-9247,https://www.youcanhealthservices.com,Yes,,,Adult; Youth,EnglishSpanish,Last Updated: 11/25/2025 4:47:31 AM,False,True,True,False,False,False,False,False,False,True,False,True,False,False,False,False,False,False,False,False,Closed,Closed,,,09:00,20:00,,,09:00,20:00,,,09:00,20:00,,,09:00,20:00,,,09:00,20:00,,,09:00,17:00,,,33.95999,-118.284021
"SAFETY EDUCATION CENTER, INC.",,"844 North Hollywood Way,Burbank, CA 91505",(818) 848-8667,,No,,,,EnglishSpanish,Last Updated: 6/30/2017 8:37:09 AM,False,False,True,False,False,False,False,False,False,False,False,False,False,False,False,False,False,False,False,False,,,,,,,,,,,,,,,,,,,,,,,,,,,,,34.1652238,-118.3455905
"SOUTHERN CALIFORNIA ALCOHOL AND DRUG PROGRAMS, INC.",,"11500 Paramount Boulevard,Downey, CA 90241",(562) 923-4545,https://www.scadpinc.org,Yes,,,Perinatal,EnglishSpanish,Last Updated: 11/26/2025 6:06:30 AM,False,True,True,False,False,False,False,False,False,False,False,False,False,False,False,False,False,False,True,False,Closed,Closed,,,08:00,17:00,,,07:00,15:30,,,08:00,17:00,,,07:00,15:30,,,08:00,17:00,,,07:00,15:30,,,33.940357,-118.139561
"SOUTHERN CALIFORNIA ALCOHOL AND DRUG PROGRAMS, INC.",,"11500 Paramount Boulevard,Downey, CA 90241",(562) 923-4545,https://www.scadpinc.org,No,,,,EnglishSpanish,Last Updated: 10/30/2025 5:52:44 AM,False,False,True,False,False,False,False,False,False,False,False,False,False,False,False,False,False,False,False,False,,,,,,,,,,,,,,,,,,,,,,,,,,,,,33.940357,-118.139561
"AEGIS TREATMENT CENTERS, LLC",,"614 West Manchester Boulevard, Suite 103, 104 & 105,Inglewood, CA 90301",(310) 412-0879,http://www.aegistreatmentcenters.com/,Yes,,,M; A; T; Perinatal; Homeless,EnglishSpanish,Last Updated: 11/26/2025 8:50:40 AM,True,False,True,False,False,False,True,False,False,False,False,False,True,False,False,False,True,False,True,False,06:00,10:00,,,05:00,13:30,,,05:00,13:30,,,05:00,13:30,,,05:00,13:30,,,05:00,13:30,,,06:00,10:00,,,33.9562003,-118.353132
ELDORADO COMMUNITY SERVICE CENTER,,"4450 West Century Boulevard,Inglewood, CA 90304",(310) 671-9294,http://www.americanhealthservices.org,Yes,,,Adult; M; A; T,EnglishSpanish,Last Updated: 11/24/2025 8:03:37 AM,True,False,True,False,False,False,True,False,False,True,False,False,True,False,False,False,False,False,False,False,08:30,09:30,,,06:00,14:30,,,06:00,14:30,,,06:00,14:30,,,06:00,14:30,,,06:00,14:30,,,08:30,09:30,,,33.94536,-118.35418
"GRANDVIEW FOUNDATION, INC.",,"225 Grandview Street,Pasadena, CA 91104",(626) 797-1124,http://www.grandviewfoundation.com,Yes,RS(3.1)Adult - M: 0RS(3.5)Adult - M: 0R-WMAdult - M: 0,,Adult; M; A; T; Criminal; Justice,English,Last Updated: 11/26/2025 8:31:12 AM,True,False,True,False,True,False,False,True,False,True,False,False,True,False,False,False,False,True,False,False,00:00,23:59,,,00:00,23:59,,,00:00,23:59,,,00:00,23:59,,,00:00,23:59,,,00:00,23:59,,,00:00,23:59,,,34.1713053,-118.1458444
"PRINCIPLES, INC.",,"1680 North Fair Oaks Avenue,Pasadena, CA 91103",(626) 798-0884,https://www.impacthouse.com,Yes,RS(3.1)Adult - M: 0Adult - F: 0RS(3.5)Adult - M: 0Adult - F: 0R-WMAdult - M: 0Adult - F: 0,,Adult; M; A; T; L; G; B; T; Q; I; A; Veterans; Homeless; Criminal; Justice,EnglishSpanish,Last Updated: 11/26/2025 9:22:45 AM,True,False,True,False,True,False,False,True,True,True,False,False,True,False,True,True,True,True,False,False,Closed,Closed,,,08:00,22:00,,,08:00,22:00,,,08:00,22:00,,,08:00,22:00,,,08:00,22:00,,,Closed,Closed,,,34.1750009,-118.1506334
TAVARUA HEALTH SERVICES,,"8207 Whittier Boulevard,Pico Rivera, CA 90660",(562) 695-0737,http://www.americanhealthservices.org,Yes,,,Adult; M; A; T,EnglishSpanish,Last Updated: 11/24/2025 8:03:37 AM,True,False,True,False,False,False,True,False,False,True,False,False,True,False,False,False,False,False,False,False,07:00,09:00,,,05:00,13:30,,,05:00,13:30,,,05:00,13:30,,,05:00,13:30,,,05:00,13:30,,,07:00,09:00,,,34.0066735,-118.0960021
"SOUTHERN CALIFORNIA ALCOHOL AND DRUG PROGRAMS, INC.",La Casita,"10603, 10607, 10615, 10621 Downey Avenue,Downey, CA 90241",(562) 399-5452,https://www.scadpinc.org,Yes,RS(3.1)Adult - F: 1RS(3.5)Adult - F: 0R-WMAdult - F: 1,,Parent/; Guardian (; Female) with; Children; Perinatal; Homeless,English,Last Updated: 11/26/2025 6:06:30 AM,True,False,True,False,True,False,False,False,True,True,False,False,False,False,False,False,True,False,True,True,Closed,Closed,,,09:00,16:00,,,09:00,16:00,,,09:00,16:00,,,09:00,16:00,,,09:00,16:00,,,Closed,Closed,,,33.9462332,-118.1296102
"BEHAVIORAL HEALTH SERVICES, INC.",Pacifica House,"2501 West El Segundo Boulevard,Hawthorne, CA 90250",(323) 754-2816,http://bhs-inc.org/,Yes,RS(3.1)Adult - M: 0RS(3.3)Adult - M: 0Adult - F: 0RS(3.5)Adult - M: 0R-WMAdult - M: 0Adult - F: 0,,Adult; Physically; Disabled; Co-; Occurring; Mental; Health; Capabilities; Criminal; Justice,English,Last Updated: 11/26/2025 8:04:46 AM,True,False,True,False,True,False,False,True,True,True,False,False,False,True,False,False,False,True,False,False,Closed,Closed,,,08:00,17:00,,,08:00,17:00,,,08:00,17:00,,,08:00,17:00,,,08:00,17:00,,,Closed,Closed,,,33.9164181,-118.3474631
"SOUTHERN CALIFORNIA ALCOHOL AND DRUG PROGRAMS, INC.",Positive Steps,"8332 Iowa Street and 11501 Dolan Avenue ,Downey, CA 90241",(562) 399-5452,https://www.scadpinc.org,Yes,RS(3.1)Adult - M: 1RS(3.5)Adult - M: 1R-WMAdult - M: 1,,Adult,English,Last Updated: 11/26/2025 6:06:30 AM,True,False,True,False,True,False,False,True,False,True,False,False,False,False,False,False,False,False,False,False,Closed,Closed,,,08:00,16:00,,,08:00,16:00,,,08:00,16:00,,,08:00,16:00,,,08:00,16:00,,,Closed,Closed,,,33.9368985,-118.1335181
"JWCH INSTITUTE, INC.",Solution Family Resource Center,"1218 East Compton Boulevard,Compton, CA 90221",(310) 608-1505,https://www.jwchinstitute.org,Yes,,,Adult; Co-; Occurring; Mental; Health; Capabilities,EnglishSpanish,Last Updated: 11/26/2025 8:57:55 AM,True,False,True,False,False,False,False,False,False,True,False,False,False,True,False,False,False,False,False,False,Closed,Closed,,,08:00,21:00,,,08:00,17:00,,,08:00,21:00,,,08:00,17:00,,,08:00,17:00,,,08:00,17:00,,,33.8959536,-118.2101393
"AEGIS TREATMENT CENTERS, LLC",,"1450 North Lake Avenue, Suite 150,Pasadena, CA 91104",(626) 794-1161,http://www.aegistreatmentcenters.com/,Yes,,,M; A; T; Perinatal; Homeless,EnglishSpanish,Last Updated: 11/26/2025 8:50:40 AM,True,False,True,False,False,False,True,False,False,False,False,False,True,False,False,False,True,False,True,False,07:00,11:00,,,06:30,15:00,,,06:30,15:00,,,06:30,15:00,,,06:30,15:00,,,06:30,15:00,,,07:00,11:00,,,34.1710464,-118.1317612
"PRINCIPLES, INC.",Impact,"1450 North Lake Avenue, Room 218,Pasadena, CA 91104",(626) 564-4240,https://www.impacthouse.com,Yes,,,Adult; Homeless; Criminal; Justice,EnglishSpanish,Last Updated: 11/26/2025 3:58:20 PM,True,False,True,False,False,False,False,False,False,True,False,False,False,False,False,False,True,True,False,False,Closed,Closed,,,08:00,19:30,,,08:00,15:30,,,08:00,15:30,,,08:00,19:30,,,08:00,15:30,,,08:00,12:00,,,34.1710464,-118.1317612
"BEHAVIORAL HEALTH SERVICES, INC.",Patterns,"12917 Cerise Avenue,Hawthorne, CA 90250",(310) 675-4431,http://bhs-inc.org/,Yes,RS(3.1)Adult - F: 1RS(3.3)Adult - F: 0RS(3.5)Adult - F: 4,,Adult; Women; Parent/; Guardian (; Female) with; Children; Perinatal; Co-; Occurring; Mental; Health; Capabilities; Criminal; Justice,English,Last Updated: 11/26/2025 10:31:17 AM,True,False,True,False,False,False,False,False,True,True,False,False,False,True,False,False,False,True,True,True,Closed,Closed,,,08:00,17:00,,,08:00,17:00,,,08:00,17:00,,,08:00,17:00,,,08:00,17:00,,,Closed,Closed,,,33.9154161,-118.3325535
"ASIAN AMERICAN DRUG ABUSE PROGRAM, INC.",Youth Outpatient Treatment (YOT),"13931 Van Ness Avenue,Gardena, CA 90249",(310) 768-8018,https://www.aadapinc.org,Yes,,,Youth; Co-; Occurring; Mental; Health; Capabilities; Criminal; Justice,EnglishSpanish,Last Updated: 11/26/2025 9:15:12 AM,False,True,True,False,False,False,False,False,False,False,False,True,False,True,False,False,False,True,False,False,Closed,Closed,,,10:00,19:00,,,10:00,21:00,,,10:00,19:00,,,10:00,21:00,,,10:00,19:00,,,10:00,18:00,,,33.9052241,-118.3178974
"CRI-HELP, INC.",,,(818) 985-8323,https://www.cri-help.org,No,RBHAdult - F: 0,,,English,Last Updated: 11/26/2025 8:04:13 AM,True,False,True,False,False,False,False,False,True,True,False,False,False,False,False,False,False,False,False,False,,,,,,,,,,,,,,,,,,,,,,,,,,,,,34.0605014,-118.2145766
"CRI-HELP, INC.",,,(818) 985-8323,https://www.cri-help.org,No,RBHAdult - M: 0,,,English,Last Updated: 11/26/2025 8:04:13 AM,True,False,True,False,False,False,False,True,False,True,False,False,False,False,False,False,False,False,False,False,,,,,,,,,,,,,,,,,,,,,,,,,,,,,34.0605014,-118.2145766
DIDI HIRSCH PSYCHIATRIC SERVICE,,"4760 South Sepulveda Boulevard,Culver City, CA 90230",(310) 895-2300,https://didihirsch.org/,Yes,,,Youth,EnglishSpanish,Last Updated: 11/26/2025 8:22:12 AM,True,False,True,False,False,False,False,False,False,False,False,True,False,False,False,False,False,False,False,False,Closed,Closed,,,10:00,14:00,,,10:00,14:00,,,10:00,14:00,,,10:00,14:00,,,10:00,14:00,,,Closed,Closed,,,33.9806438,-118.3946747
"GRANDVIEW FOUNDATION, INC.",,,(626) 797-1124,http://www.grandviewfoundation.com,No,RBHAdult - M: 0,,,English,Last Updated: 11/26/2025 8:31:12 AM,True,False,True,False,False,False,False,True,False,True,False,False,False,False,False,False,False,False,False,False,,,,,,,,,,,,,,,,,,,,,,,,,,,,,34.1670393,-118.1457752
"GRANDVIEW FOUNDATION, INC.",,,(626) 797-1124,http://www.grandviewfoundation.com,No,RBHAdult - M: 0,,,English,Last Updated: 11/26/2025 8:31:12 AM,True,False,True,False,False,False,False,True,False,True,False,False,False,False,False,False,False,False,False,False,,,,,,,,,,,,,,,,,,,,,,,,,,,,,34.1670393,-118.1457752
"GRANDVIEW FOUNDATION, INC.",,,(626) 797-1124,http://www.grandviewfoundation.com,No,RBHAdult - M: 0,,,English,Last Updated: 11/26/2025 8:31:12 AM,True,False,True,False,False,False,False,True,False,True,False,False,False,False,False,False,False,False,False,False,,,,,,,,,,,,,,,,,,,,,,,,,,,,,34.1670393,-118.1457752
LOS ANGELES CENTERS FOR ALCOHOL AND DRUG ABUSE,Serenity House,"1084 - 1092 New York Drive,Altadena, CA 91803",(626) 421-6382,http://www.lacada.com/,No,RS(3.1)Adult - M: 0Adult - F: 0RS(3.5)Adult - M: 0Adult - F: 0,,Adult; M; A; T; Co-; Occurring; Mental; Health; Capabilities; Transgender; Homeless; Criminal; Justice,EnglishSpanish,Last Updated: 11/26/2025 9:07:13 AM,True,False,True,False,False,False,False,True,True,True,False,False,True,True,False,False,True,True,False,False,00:00,23:59,,,00:00,23:59,,,00:00,23:59,,,00:00,23:59,,,00:00,23:59,,,00:00,23:59,,,00:00,23:59,,,34.1786448,-118.1327253
ABC TRAFFIC SAFETY PROGRAM,,"3380 Flair Drive, 111,El Monte, CA 91731",(626) 572-7001,,No,,,,EnglishSpanish,Last Updated: 7/9/2024 12:10:29 PM,False,False,True,False,False,False,False,False,False,False,False,False,False,False,False,False,False,False,False,False,,,,,,,,,,,,,,,,,,,,,,,,,,,,,34.0708011,-118.0712539
"CRI-HELP, INC.",The George T. Pfleger Center,"11027 Burbank Boulevard,North Hollywood, CA 91601",(818) 985-8323,https://www.cri-help.org,Yes,RS(3.1)Adult - M: 2Adult - F: 2RS(3.5)Adult - M: 0Adult - F: 0R-WMAdult - M: 2Adult - F: 2,,Criminal; Justice,EnglishSpanish,Last Updated: 11/26/2025 8:04:13 AM,True,False,True,False,True,False,False,True,True,True,False,False,False,False,False,False,False,True,False,False,00:00,23:59,,,00:00,23:59,,,00:00,23:59,,,00:00,23:59,,,00:00,23:59,,,00:00,23:59,,,00:00,23:59,,,34.172239,-118.3714396
AM/PM CULVER CITY BUDGET/ESCUELA LATINA AND ALCOHOL ASSESSMENTS 2,,"3961 Sepulveda Boulevard, #207,Culver City, CA 90230",(310) 837-1818,,No,,,,English,Last Updated: 5/17/2023 8:03:02 AM,False,False,True,False,False,False,False,False,False,False,False,False,False,False,False,False,False,False,False,False,,,,,,,,,,,,,,,,,,,,,,,,,,,,,34.0096106,-118.4146853
"BEHAVIORAL HEALTH SERVICES, INC.",,,(310) 679-9031,http://bhs-inc.org/,No,RBHAdult - F: 0,,,English,Last Updated: 11/26/2025 10:15:08 AM,True,False,True,False,False,False,False,False,True,True,False,False,False,False,False,False,False,False,False,False,,,,,,,,,,,,,,,,,,,,,,,,,,,,,34.0188584,-118.2042581
HEALTHRIGHT 360,Prototypes,"2650 East Foothill Boulevard,Pasadena, CA 91107",(909) 634-2950,https://www.healthright360.org/,Yes,,,M; A; T; Parent/; Guardian (; Female) with; Children; Parent/; Guardian (; Male) with; Children; Co-; Occurring; Mental; Health; Capabilities; Sexually-; Exploited,EnglishRussianSpanish,Last Updated: 11/24/2025 10:02:23 AM,False,True,True,False,False,False,False,False,True,False,False,False,True,True,False,False,False,False,False,True,Closed,Closed,,,09:00,21:00,,,09:00,17:30,,,09:00,21:00,,,09:00,17:30,,,09:00,21:00,,,09:00,17:30,,,34.1497839,-118.0957289
"FRED KENNEDY ASSOCIATES, INC.",,"17420 South Avalon Boulevard, #210 ,Carson, CA 90746",(310) 532-0620,,No,,,,EnglishSpanish,Last Updated: 6/30/2017 8:22:47 AM,False,False,True,False,False,False,False,False,False,False,False,False,False,False,False,False,False,False,False,False,,,,,,,,,,,,,,,,,,,,,,,,,,,,,33.8729931,-118.2656727
"BEHAVIORAL HEALTH SERVICES, INC.",High Gain,"9100 South Sepulveda Boulevard, Suite 105,Los Angeles, CA 90045",(310) 644-3659,http://bhs-inc.org/,Yes,,,Adult,EnglishSpanish,Last Updated: 8/27/2025 10:10:00 AM,False,True,True,False,False,False,False,False,False,True,False,False,False,False,False,False,False,False,False,False,Closed,Closed,,,09:00,18:00,,,09:00,21:00,,,09:00,18:00,,,09:00,21:00,,,08:00,17:00,,,08:00,17:00,,,33.9542725,-118.3957814
HIGH GAIN PROGRAM,,"9100 South Sepulveda Boulevard, #117,Westchester, CA 90045",(310) 644-3659,,No,,,,EnglishSpanish,Last Updated: 10/16/2025 10:40:55 AM,False,False,True,False,False,False,False,False,False,False,False,False,False,False,False,False,False,False,False,False,,,,,,,,,,,,,,,,,,,,,,,,,,,,,33.9542725,-118.3957814
"BEHAVIORAL HEALTH SERVICES, INC.",South Bay Family Recovery Center,"15519 Crenshaw Boulevard,Gardena, CA 90249",(310) 679-9031,http://bhs-inc.org/,Yes,,,Adult; Youth,EnglishSpanish,Last Updated: 11/26/2025 10:15:09 AM,False,True,True,False,False,False,False,False,False,True,False,True,False,False,False,False,False,False,False,False,Closed,Closed,,,09:00,18:00,,,09:00,21:00,,,09:00,18:00,,,09:00,21:00,,,08:00,17:00,,,08:00,17:00,,,33.8899628,-118.3266144
WESTERN PACIFIC MED-CORP,,"4838 Laurel Canyon Boulevard,North Hollywood, CA 91607",(818) 506-4455,www.westpacmed.com,Yes,,,M; A; T; Parent/; Guardian (; Female) with; Children; Parent/; Guardian (; Male) with; Children,EnglishTagalog,Last Updated: 11/26/2025 4:55:36 AM,True,False,True,False,False,False,True,False,True,False,False,False,True,False,False,False,False,False,False,True,05:30,10:00,,,05:30,14:30,,,05:30,14:30,,,05:30,14:30,,,05:30,14:30,,,05:30,14:30,,,05:30,10:00,,,34.1815648,-118.3964523
LOS ANGELES CENTERS FOR ALCOHOL AND DRUG ABUSE,Orxr & Day Outpatient and Community Services,"10210 Orr and Day Road, Suite B,Santa Fe Springs, CA 90670",(562) 348-0083,http://www.lacada.com/,Yes,,,Youth; M; A; T; Co-; Occurring; Mental; Health; Capabilities; L; G; B; T; Q; I; A; Homeless; Criminal; Justice,EnglishSpanish,Last Updated: 10/2/2025 7:45:03 AM,False,True,True,False,False,False,False,False,False,False,False,True,True,True,True,False,True,True,False,False,08:30,21:00,,,08:30,21:00,,,08:30,17:00,,,08:30,17:00,,,08:30,21:00,,,08:30,17:00,,,08:30,17:00,,,33.9414415,-118.0908699
PACIFIC CLINICS,Santa Fe Springs,"11721 East Telegraph Road, Suite A,Santa Fe Springs, CA 90670",(562) 949-8455,https://www.PacificClinics.org,Yes,,,Adult; Youth; Parent/; Guardian (; Female) with; Children; Parent/; Guardian (; Male) with; Children; Co-; Occurring; Mental; Health; Capabilities; L; G; B; T; Q; I; A,EnglishSpanish,Last Updated: 11/25/2025 11:31:41 AM,False,True,True,False,False,False,False,False,True,True,False,True,False,True,True,False,False,False,False,True,Closed,Closed,,,08:30,17:00,,,12:30,21:00,,,08:30,17:00,,,12:30,21:00,,,08:30,17:00,,,08:30,17:00,,,33.9480787,-118.0691499
"PRINCIPLES, INC.",,,(213) 625-5009,https://www.impacthouse.com,No,RBHAdult - M: 0Adult - F: 0,,,English,Last Updated: 11/26/2025 9:22:45 AM,True,False,True,False,False,False,False,True,True,True,False,False,False,False,False,False,False,False,False,False,,,,,,,,,,,,,,,,,,,,,,,,,,,,,34.0536909,-118.242766
LOS ANGELES CENTERS FOR ALCOHOL AND DRUG ABUSE,START House - LBGTQ Friendly,,(626) 421-6311,http://www.lacada.com/,No,RBHAdult - M: 0Adult - F: 0,,,English,Last Updated: 11/26/2025 9:07:12 AM,True,False,True,False,False,False,False,True,True,True,False,False,False,False,False,False,False,False,False,False,,,,,,,,,,,,,,,,,,,,,,,,,,,,,34.0451634,-118.2432327
LOS ANGELES CENTERS FOR ALCOHOL AND DRUG ABUSE,,,(626) 421-6382,http://www.lacada.com/,No,RBHAdult - M: 0Adult - F: 0,,,English,Last Updated: 11/26/2025 9:07:12 AM,True,False,True,False,False,False,False,True,True,True,False,False,False,False,False,False,False,False,False,False,,,,,,,,,,,,,,,,,,,,,,,,,,,,,34.0451634,-118.2432327
"SAFETY CONSULTANT SERVICES, INC.",,"5518 North Long Beach Boulevard,Long Beach, CA 90805",(562) 428-6426,,No,,,,EnglishSpanish,Last Updated: 6/29/2017 4:07:05 PM,False,False,True,False,False,False,False,False,False,False,False,False,False,False,False,False,False,False,False,False,,,,,,,,,,,,,,,,,,,,,,,,,,,,,33.8562069,-118.1972136
LITTLE HOUSE,,"9718 Harvard Street,Bellflower, CA 90706",(562) 539-6281,https://www.littlehouseinc.org,Yes,RS(3.1)Adult - F: 0RS(3.5)Adult - F: 0,,Adult; Women; Homeless,EnglishSpanish,Last Updated: 11/26/2025 5:04:51 AM,True,False,True,False,False,False,False,False,True,True,False,False,False,False,False,False,True,False,False,False,08:00,17:00,,,08:00,17:00,,,08:00,17:00,,,08:00,17:00,,,08:00,17:00,,,08:00,17:00,,,Closed,Closed,,,33.8883569,-118.1270087
WEST COUNTY MEDICAL CLINIC,,"100 East Market Street,Long Beach, CA 90805",(562) 428-4222,http://www.americanhealthservices.org/,Yes,,,Adult; M; A; T,EnglishSpanish,Last Updated: 11/24/2025 8:03:36 AM,True,False,True,False,False,False,True,False,False,True,False,False,True,False,False,False,False,False,False,False,08:00,11:00,,,05:00,13:30,,,05:00,13:30,,,05:00,13:30,,,05:00,13:30,,,05:00,13:30,,,08:00,11:00,,,33.854209,-118.193533
LOS ANGELES CENTERS FOR ALCOHOL AND DRUG ABUSE,,"5861 Cherry Avenue,Long Beach, CA 90805",(562) 676-4259,http://www.lacada.com/,Yes,,,M; A; T; Parent/; Guardian (; Female) with; Children; Parent/; Guardian (; Male) with; Children; Perinatal; Co-; Occurring; Mental; Health; Capabilities; L; G; B; T; Q; I; A; Veterans; Homeless; Criminal; Justice,EnglishSpanish,Last Updated: 11/26/2025 9:07:13 AM,False,True,True,False,False,False,False,False,True,False,False,False,True,True,True,True,True,True,True,True,Closed,Closed,,,08:00,21:00,,,08:00,21:00,,,08:00,21:00,,,08:00,21:00,,,08:00,17:00,,,08:00,17:00,,,33.8612141,-118.1686947
TWIN PALMS RECOVERY CENTER,,"3574 Lexington Avenue,El Monte, CA 91731",(626) 443-4008,,No,,,,EnglishSpanish,Last Updated: 6/30/2017 8:40:54 AM,False,False,True,False,False,False,False,False,False,False,False,False,False,False,False,False,False,False,False,False,,,,,,,,,,,,,,,,,,,,,,,,,,,,,34.0742363,-118.0391757
SPIRITT FAMILY SERVICES,,"2000 Tyler Avenue,El Monte, CA 91733",(855) 714-8800,https://www.spiritt.org,Yes,,,Youth; Co-; Occurring; Mental; Health; Capabilities,EnglishSpanish,Last Updated: 11/26/2025 10:25:45 AM,True,False,True,False,False,False,False,False,False,False,False,True,False,True,False,False,False,False,False,False,Closed,Closed,,,08:00,17:00,,,08:00,17:00,,,08:00,17:00,,,08:00,17:00,,,08:00,17:00,,,Closed,Closed,,,34.0573063,-118.035656
"SOUTHERN CALIFORNIA ALCOHOL AND DRUG PROGRAMS, INC.",Angel Step Too,"16316, 16316 1/2, 16318, 16322, 16322 1/2 and 16322 7/8 Cornuta Avenue,Bellflower, CA 90706",(562) 399-5452,https://www.scadpinc.org,Yes,RS(3.1)Adult - F: 0RS(3.5)Adult - F: 2R-WMAdult - F: 2,,Perinatal,EnglishSpanish,Last Updated: 11/26/2025 6:06:30 AM,True,False,True,False,True,False,False,False,True,True,False,False,False,False,False,False,False,False,True,False,00:00,23:59,,,00:00,23:59,,,00:00,23:59,,,00:00,23:59,,,00:00,23:59,,,00:00,23:59,,,00:00,23:59,,,33.8825705,-118.1167679
"DIVINE HEALTHCARE SERVICES, INC.",Recovery Bridge Housing (RBH),,(310) 672-3820,https://www.divinehealthcareservices.org,No,RBHAdult - M: 1,,,EnglishSpanish,Last Updated: 11/26/2025 9:15:26 AM,True,False,True,False,False,False,False,True,False,True,False,False,False,False,False,False,False,False,False,False,,,,,,,,,,,,,,,,,,,,,,,,,,,,,33.9617489,-118.36187
"TARZANA TREATMENT CENTERS, INC.",,"5190 Atlantic Avenue,Long Beach, CA 90805",(800) 996-1051,https://www.tarzanatc.org,Yes,,,Adult; M; A; T; Parent/; Guardian (; Female) with; Children; Parent/; Guardian (; Male) with; Children; Perinatal; Physically; Disabled; Co-; Occurring; Mental; Health; Capabilities; L; G; B; T; Q; I; A; Veterans; Homeless; Criminal; Justice; Sexually-; Exploited,EnglishSpanish,Last Updated: 11/26/2025 8:53:00 AM,False,True,True,True,False,False,True,False,True,True,False,False,True,True,True,True,True,True,True,True,Closed,Closed,,,08:30,20:00,,,08:30,21:00,,,08:30,20:00,,,08:30,21:00,,,08:30,20:00,,,08:30,17:00,,,33.8502459,-118.1848167
"SOCIAL MODEL RECOVERY SYSTEMS, INC.",Mid Valley Outpatient,"11046 Main Street,El Monte, CA 91731",(626) 636-2370,https://www.socialmodelrecovery.org/,Yes,,,Youth; L; G; B; T; Q; I; A; Homeless,EnglishSpanish,Last Updated: 11/24/2025 7:11:24 AM,False,True,True,False,False,False,False,False,False,False,False,True,False,False,True,False,True,False,False,False,Closed,Closed,,,08:00,20:00,,,08:00,21:00,,,08:00,21:00,,,08:00,21:00,,,08:00,17:00,,,08:00,17:00,,,34.0736456,-118.0350053
"TARZANA TREATMENT CENTERS, INC.",,"5178 Atlantic Avenue,Long Beach, CA 91801",(800) 996-1051,https://www.tarzanatc.org,Yes,,,M; A; T; Physically; Disabled; Co-; Occurring; Mental; Health; Capabilities; L; G; B; T; Q; I; A; Veterans; Homeless; Criminal; Justice; Sexually-; Exploited,EnglishSpanish,Last Updated: 11/26/2025 9:39:48 AM,False,True,True,False,False,False,False,False,False,False,False,False,True,True,True,True,True,True,False,False,Closed,Closed,,,08:30,20:00,,,08:30,21:00,,,08:30,20:00,,,08:30,21:00,,,08:30,20:00,,,08:30,17:00,,,33.8500403,-118.1848178
"AEGIS TREATMENT CENTERS, LLC",,"11041 East Valley Boulevard,El Monte, CA 91731",(626) 442-4177,http://www.aegistreatmentcenters.com/,Yes,,,M; A; T; Perinatal; Homeless,American Sign LanguageEnglishSpanish,Last Updated: 11/26/2025 8:50:40 AM,True,False,True,False,False,False,True,False,False,False,False,False,True,False,False,False,True,False,True,False,06:00,10:00,,,05:00,13:30,,,05:00,13:30,,,05:00,13:30,,,05:00,13:30,,,05:00,13:30,,,06:00,10:00,,,34.0751571,-118.036849
LOS ANGELES CENTERS FOR ALCOHOL AND DRUG ABUSE,L.A. CADA (SFS),"11015 Bloomfield Avenue,Santa Fe Springs, CA 90670",(562) 906-2676,http://www.lacada.com/,Yes,,,Adult; Youth; Women; Parent/; Guardian (; Female) with; Children; Parent/; Guardian (; Male) with; Children; Co-; Occurring; Mental; Health; Capabilities; L; G; B; T; Q; I; A; Homeless; Criminal; Justice,EnglishSpanish,Last Updated: 11/26/2025 9:07:13 AM,False,True,True,False,False,False,False,False,True,True,False,True,False,True,True,False,True,True,False,True,Closed,Closed,,,08:00,21:00,,,08:00,21:00,,,08:00,21:00,,,08:00,21:00,,,08:00,17:00,,,08:00,17:00,,,33.9310179,-118.064057
LOS ANGELES CENTERS FOR ALCOHOL AND DRUG ABUSE,Allen House,"11111 BloomField Avenue,Santa Fe Springs, CA 90670",(562) 906-2685,http://www.lacada.com/,Yes,RS(3.1)Adult - F: 0,,M; A; T; Parent/; Guardian (; Female) with; Children; Parent/; Guardian (; Male) with; Children; Perinatal; Co-; Occurring; Mental; Health; Capabilities; L; G; B; T; Q; I; A; Homeless; Criminal; Justice,EnglishRussian,Last Updated: 11/26/2025 9:07:13 AM,True,False,True,False,False,False,False,False,True,True,False,False,True,True,True,False,True,True,True,True,08:00,18:00,,,08:00,18:00,,,08:00,18:00,,,08:00,18:00,,,08:00,18:00,,,08:00,18:00,,,08:00,18:00,,,33.9305749,-118.064057
"PALM HOUSE, INC.",,"2515 East Jefferson Street,Carson, CA 90810",(310) 830-7803,https://palmhouseinc.com,Yes,RS(3.1)Adult - M: 0Youth - M: 0,,Adult; Criminal; Justice,English,Last Updated: 11/26/2025 9:18:26 AM,True,False,True,False,False,False,False,True,False,True,False,True,False,False,False,False,False,True,False,False,Closed,Closed,,,08:00,17:00,,,08:00,17:00,,,08:00,17:00,,,08:00,17:00,,,Closed,Closed,,,Closed,Closed,,,33.8340422,-118.2240124
ANDERSON COUNSELING AND EDUCATION,,"7028 Greenleaf Avenue, Unit K,Whittier, CA 90602",(562) 945-2977,,No,,,,EnglishSpanish,Last Updated: 3/17/2025 3:09:50 PM,False,False,True,False,False,False,False,False,False,False,False,False,False,False,False,False,False,False,False,False,,,,,,,,,,,,,,,,,,,,,,,,,,,,,33.9787517,-118.0372311
"DRIVER SAFETY SCHOOLS, INC.",AM/PM Convenient West Los Angeles School and Assessments,"12304 Santa Monica Boulevard, Suite 104,West Los Angeles, CA 90025",(310) 479-8353,,No,,,,EnglishFarsiSpanish,Last Updated: 6/29/2017 10:05:59 AM,False,False,True,False,False,False,False,False,False,False,False,False,False,False,False,False,False,False,False,False,,,,,,,,,,,,,,,,,,,,,,,,,,,,,34.0491396,-118.4387946
"I-ADARP, INC.",,"8330 Lankershim Boulevard, 1st Floor,North Hollywood, CA 91605",(818) 252-1400,https://www.i-adarp.org,Yes,,,,English,Last Updated: 11/26/2025 4:49:08 PM,False,True,True,False,False,False,False,False,False,False,False,False,False,False,False,False,False,False,False,False,Closed,Closed,,,09:00,20:00,,,09:00,21:00,,,09:00,21:00,,,09:00,20:00,,,08:00,16:30,,,08:00,16:30,,,34.1868054,-118.3877736
WESTERN PACIFIC MED-CORP,,"11902 Rosecrans Boulevard, Suites A and D,Norwalk, CA 90650",(562) 929-7188,www.westpacmed.com,Yes,,,Adult; M; A; T,EnglishSpanish,Last Updated: 11/26/2025 4:55:52 AM,True,False,True,False,False,False,True,False,False,True,False,False,True,False,False,False,False,False,False,False,05:00,09:00,,,05:00,13:30,,,05:00,13:30,,,05:00,13:30,,,05:00,13:30,,,05:00,13:30,,,05:00,09:00,,,33.9092802,-118.0849169
"FRED BROWN'S RECOVERY SERVICES, INC.",,,(310) 519-8723,https://fredbrownrecovery.org/,No,RBHAdult - F: 0,,,English,Last Updated: 11/26/2025 8:15:42 AM,True,False,True,False,False,False,False,False,True,True,False,False,False,False,False,False,False,False,False,False,,,,,,,,,,,,,,,,,,,,,,,,,,,,,33.7315656,-118.2830317
"ADAPT - AWARE ZONE, INC.",,"13211 Whittier Boulevard, Unit H ,Whittier, CA 90602",(562) 698-0474,,No,,,,EnglishSpanish,Last Updated: 6/29/2017 10:04:53 AM,False,False,True,False,False,False,False,False,False,False,False,False,False,False,False,False,False,False,False,False,,,,,,,,,,,,,,,,,,,,,,,,,,,,,33.9641733,-118.0348463
AMERICAN HEALTH SERVICES LLC,,"717 Lincoln Boulevard,Venice, CA 90291",(310) 399-9883,http://www.americanhealthservices.org,Yes,,,Adult; M; A; T,EnglishSpanish,Last Updated: 11/24/2025 8:03:37 AM,True,False,True,False,False,False,True,False,False,True,False,False,True,False,False,False,False,False,False,False,09:00,11:00,,,05:00,13:30,,,05:00,13:30,,,05:00,13:30,,,05:00,13:30,,,05:00,13:30,,,09:00,11:00,,,33.9997007,-118.4642573
SPIRITT FAMILY SERVICES,,"8000 Painter Avenue,Whittier, CA 90602",(562) 903-7000,https://www.spiritt.org,Yes,,,Adult; Youth; Co-; Occurring; Mental; Health; Capabilities,EnglishSpanish,Last Updated: 11/26/2025 10:25:45 AM,True,False,True,False,False,False,False,False,False,True,False,True,False,True,False,False,False,False,False,False,Closed,Closed,,,08:00,19:00,,,08:00,21:00,,,08:00,19:00,,,08:00,21:00,,,08:00,17:30,,,08:00,16:30,,,33.9684441,-118.0327084
"SOCIAL MODEL RECOVERY SYSTEMS, INC.",Omni,"3430 Cogswell Road,El Monte, CA 91732",(877) 507-6242,https://www.socialmodelrecovery.org/,Yes,RS(3.1)Adult - M: 0RS(3.3)Adult - M: 0RS(3.5)Adult - M: 0R-WMAdult - M: 0,,Adult; M; A; T; L; G; B; T; Q; I; A; Criminal; Justice,EnglishSpanish,Last Updated: 11/26/2025 8:51:42 AM,True,False,True,False,True,False,False,True,False,True,False,False,True,False,True,False,False,True,False,False,09:00,16:00,,,09:00,16:00,,,09:00,16:00,,,09:00,16:00,,,09:00,16:00,,,09:00,16:00,,,09:00,16:00,,,34.067041,-118.0167673
"SOCIAL MODEL RECOVERY SYSTEMS, INC.",Omni Center,"3426 Cogswell Road,El Monte, CA 91732",(877) 507-6242,https://www.socialmodelrecovery.org/,Yes,RS(3.1)Adult - M: 0RS(3.3)Adult - M: 0RS(3.5)Adult - M: 0R-WMAdult - M: 0,,Adult; M; A; T; L; G; B; T; Q; I; A; Criminal; Justice,EnglishSpanish,Last Updated: 11/26/2025 8:51:42 AM,True,False,True,False,True,False,False,True,False,True,False,False,True,False,True,False,False,True,False,False,09:00,16:00,,,09:00,16:00,,,09:00,16:00,,,09:00,16:00,,,09:00,16:00,,,09:00,16:00,,,09:00,16:00,,,34.0669685,-118.0168033
"HELPLINE YOUTH COUNSELING, INC.",The Starting Point,"12440 Firestone Boulevard, Suite 316,Norwalk, CA 90650",(562) 864-3722,https://hycinc.org,Yes,,,Adult; Youth; Parent/; Guardian (; Female) with; Children; Parent/; Guardian (; Male) with; Children; Co-; Occurring; Mental; Health; Capabilities; Homeless; Criminal; Justice,EnglishSpanish,Last Updated: 11/26/2025 8:23:22 AM,False,True,True,False,False,False,False,False,True,True,False,True,False,True,False,False,True,True,False,True,Closed,Closed,,,08:00,16:30,,,08:00,16:30,,,08:00,16:30,,,08:00,16:30,,,08:00,16:30,,,Closed,Closed,,,33.9046406,-118.0686362
"DIVINE HEALTHCARE SERVICES, INC.",Recovery Bridge Housing (RBH),,(310) 672-3820,https://www.divinehealthcareservices.org,No,RBHAdult - M: 0,,,EnglishSpanish,Last Updated: 11/26/2025 9:15:26 AM,True,False,True,False,False,False,False,True,False,True,False,False,False,False,False,False,False,False,False,False,,,,,,,,,,,,,,,,,,,,,,,,,,,,,33.9617489,-118.36187
"BEHAVIORAL HEALTH SERVICES, INC.",,"1334 Post Avenue,Torrance, CA 90501",(310) 328-1460,http://bhs-inc.org/,Yes,,,Adult; Youth,English,Last Updated: 11/26/2025 8:47:49 AM,False,True,True,False,False,False,False,False,False,True,False,True,False,False,False,False,False,False,False,False,Closed,Closed,,,09:00,18:00,,,09:00,21:00,,,09:00,18:00,,,09:00,21:00,,,08:00,17:00,,,08:00,17:00,,,33.8353418,-118.3172599
HIGH GAIN PROGRAM/NCADD SOUTH BAY,NCADD/Southbay,"1334 Post Avenue,Torrance, CA 90501",(310) 328-1587,,No,,,Adult; M; A; T; Parent/; Guardian (; Female) with; Children; Parent/; Guardian (; Male) with; Children; Perinatal; Co-; Occurring; Mental; Health; Capabilities; L; G; B; T; Q; I; A; Criminal; Justice,EnglishSpanish,Last Updated: 6/29/2017 10:32:48 PM,False,False,True,False,False,False,False,False,True,True,False,False,True,True,True,False,False,True,True,True,,,,,,,,,,,,,,,,,,,,,,,,,,,,,33.8353418,-118.3172599
"ROOTS, INC. DBA ROOTS THROUGH RECOVERY",,"3939 Atlantic Avenue, Suite 102,Long Beach, CA 90807",(562) 473-0827,https://roots-recovery.com/,Yes,,,M; A; T; L; G; B; T; Q; I; A; Veterans,EnglishSpanish,Last Updated: 11/26/2025 9:03:21 AM,False,True,True,False,False,False,False,False,False,False,False,False,True,False,True,True,False,False,False,False,10:00,18:00,,,10:00,18:00,,,10:00,18:00,,,10:00,18:00,,,10:00,18:00,,,10:00,18:00,,,10:00,18:00,,,33.8296828,-118.1850978
TWIN TOWN CORPORATION,Twin Town Treatment Centers,"4940 Van Nuys Boulevard, Suite 201,Sherman Oaks, CA 91403",(818) 985-0560,https://twintowntreatmentcenters.com,Yes,,,Adult,English,Last Updated: 11/26/2025 8:21:06 AM,False,True,True,False,False,False,False,False,False,True,False,False,False,False,False,False,False,False,False,False,Closed,Closed,,,09:00,21:00,,,09:00,21:00,,,09:00,21:00,,,09:00,21:00,,,09:00,21:00,,,09:00,17:00,,,34.160551,-118.4483677
"SOCIAL MODEL RECOVERY SYSTEMS, INC.",Omni Center,,(877) 507-6242,https://www.socialmodelrecovery.org/,Yes,RBHAdult - M: 0,,Adult; M; A; T; L; G; B; T; Q; I; A; Criminal; Justice,EnglishSpanish,Last Updated: 11/26/2025 10:14:36 AM,True,False,True,False,False,False,False,True,False,True,False,False,True,False,True,False,False,True,False,False,,,,,,,,,,,,,,,,,,,,,,,,,,,,,34.0613924,-118.2719932
"SOCIAL MODEL RECOVERY SYSTEMS, INC.",Omni House,,(877) 507-6242,https://www.socialmodelrecovery.org/,No,RBHAdult - M: 0,,,EnglishSpanish,Last Updated: 11/26/2025 8:23:35 AM,True,False,True,False,False,False,False,True,False,True,False,False,False,False,False,False,False,False,False,False,,,,,,,,,,,,,,,,,,,,,,,,,,,,,34.0613924,-118.2719932
"FRED BROWN'S RECOVERY SERVICES, INC.",,,(310) 519-8723,https://fredbrownrecovery.org/,No,RBHAdult - M: 0,,,English,Last Updated: 11/26/2025 8:15:42 AM,True,False,True,False,False,False,False,True,False,True,False,False,False,False,False,False,False,False,False,False,,,,,,,,,,,,,,,,,,,,,,,,,,,,,33.7315656,-118.2830317
"NARCOTIC ADDICTION TREATMENT AGENCY, INC.",,"8741 Laurel Canyon Boulevard,Sun Valley, CA 91352",(818) 768-5525,https://baartprograms.com,Yes,,,Adult; M; A; T; Co-; Occurring; Mental; Health; Capabilities; Homeless,EnglishSpanish,Last Updated: 11/20/2025 9:47:03 AM,True,False,True,False,False,False,True,False,False,True,False,False,True,True,False,False,True,False,False,False,07:00,11:00,,,06:00,14:30,,,06:00,14:30,,,06:00,14:30,,,06:00,14:30,,,06:00,14:30,,,07:00,11:00,,,34.2280368,-118.39969
"DRIVER BENEFITS PROGRAM, INC.",,"2370 West Carson Street, Suite 150,Torrance, CA 90501",(310) 320-9550,,No,,,,EnglishSpanish,Last Updated: 6/29/2017 10:21:59 AM,False,False,True,False,False,False,False,False,False,False,False,False,False,False,False,False,False,False,False,False,,,,,,,,,,,,,,,,,,,,,,,,,,,,,33.8312366,-118.3254367
LOS ANGELES CENTERS FOR ALCOHOL AND DRUG ABUSE,Casa De Consuelo,,(626) 537-1807,http://www.lacada.com/,No,,,,English,Last Updated: 11/26/2025 9:08:30 AM,True,False,True,False,False,False,False,False,False,False,False,False,False,False,False,False,False,False,False,False,,,,,,,,,,,,,,,,,,,,,,,,,,,,,34.0451634,-118.2432327
LOS ANGELES CENTERS FOR ALCOHOL AND DRUG ABUSE,,,(626) 537-1807,http://www.lacada.com/,No,RBHAdult - F: 0Youth - F: 0,,,English,Last Updated: 11/26/2025 9:08:30 AM,True,False,True,False,False,False,False,False,True,True,False,True,False,False,False,False,False,False,False,False,,,,,,,,,,,,,,,,,,,,,,,,,,,,,34.0451634,-118.2432327
LOS ANGELES CENTERS FOR ALCOHOL AND DRUG ABUSE,L.A. CADA HOW House,"14100 Glengyle Street,Whittier, CA 90604",(562) 906-2676,http://www.lacada.com/,Yes,RS(3.1)Adult - F: 0Youth - F: 0RS(3.5)Adult - F: 0Youth - F: 0,,Adult; M; A; T; Parent/; Guardian (; Female) with; Children; Parent/; Guardian (; Male) with; Children; Perinatal; Co-; Occurring; Mental; Health; Capabilities; L; G; B; T; Q; I; A; Homeless; Criminal; Justice,EnglishSpanish,Last Updated: 11/26/2025 9:07:13 AM,True,False,True,False,False,False,False,False,True,True,False,True,True,True,True,False,True,True,True,True,00:00,23:59,,,00:00,23:59,,,00:00,23:59,,,00:00,23:59,,,00:00,23:59,,,00:00,23:59,,,00:00,23:59,,,33.937919,-118.033716
CLARE|MATRIX,,"1002 Pico Boulevard,Santa Monica, CA 90405",(310) 314-6200,https://www.clarematrix.org,Yes,,,M; A; T; Co-; Occurring; Mental; Health; Capabilities; Homeless,English,Last Updated: 11/26/2025 8:20:40 AM,False,True,True,False,False,False,False,False,False,False,False,False,True,True,False,False,True,False,False,False,Closed,Closed,,,08:00,21:00,,,08:00,18:00,,,08:00,18:00,,,08:00,18:00,,,08:00,21:00,,,08:00,16:00,,,34.0133279,-118.4807678
CLARE|MATRIX,Women's Treatment Program,"844 Pico Boulevard,Santa Monica, CA 90405",(310) 314-6200,https://www.clarematrix.org,Yes,RS(3.1)Adult - F: 8RS(3.5)Adult - F: 6,,Adult; Women; M; A; T; Co-; Occurring; Mental; Health; Capabilities; Homeless; Criminal; Justice,English,Last Updated: 11/26/2025 8:20:41 AM,True,False,True,False,False,False,False,False,True,True,False,False,True,True,False,False,True,True,False,False,Closed,Closed,,,08:00,19:00,,,08:00,16:00,,,08:00,15:30,,,08:00,16:00,,,08:00,19:00,,,08:00,14:00,,,34.0129153,-118.4815341
CLARE|MATRIX,Men's Treatment Program,"907 and 909 Pico Boulevard,Santa Monica, CA 90405",(310) 314-6200,https://www.clarematrix.org,Yes,RS(3.1)Adult - M: 0RS(3.5)Adult - M: 0,,M; A; T; Homeless,English,Last Updated: 11/26/2025 8:20:41 AM,True,False,True,False,False,False,False,True,False,True,False,False,True,False,False,False,True,False,False,False,Closed,Closed,,,08:00,19:00,,,08:00,16:00,,,08:00,16:00,,,08:00,16:00,,,08:00,19:00,,,08:00,14:00,,,34.0194704,-118.491227
WESTERN PACIFIC MED-CORP,,"14332 Victory Boulevard,Van Nuys, CA 91401",(818) 989-1996,www.westpacmed.com,Yes,,,Adult; M; A; T,ArmenianEnglishFarsiRussian,Last Updated: 11/26/2025 4:55:36 AM,True,False,True,False,False,False,True,False,False,True,False,False,True,False,False,False,False,False,False,False,06:00,10:00,,,05:00,13:30,,,05:00,13:30,,,05:00,13:30,,,05:00,13:30,,,05:00,13:30,,,06:00,10:00,,,34.1865807,-118.4451132
"PHOENIX HOUSES OF LOS ANGELES, INC.",Phoenix House - Venice,"503 Ocean Front Walk,Venice, CA 90291",(310) 392-3070,https://phoenixhouseca.org/,Yes,RS(3.1)Adult - M: 0RS(3.5)Adult - M: 0R-WMAdult - M: 0,,Adult; Criminal; Justice; Sexually-; Exploited,EnglishSpanish,Last Updated: 11/26/2025 7:51:30 AM,True,False,True,False,True,False,False,True,False,True,False,False,False,False,False,False,False,True,False,False,Closed,Closed,,,08:00,16:30,,,08:00,16:30,,,08:00,16:30,,,08:00,16:30,,,08:00,16:30,,,Closed,Closed,,,33.9894844,-118.475924
NATIONAL COUNCIL ON ALCOHOLISM AND DRUG DEPENDENCE OF THE SAN FERNANDO VALLEY,,"6166 Vesper Avenue,Van Nuys, CA 91411",(818) 997-0414,https://www.ncadd-sfv.org,Yes,,,Adult; Women; Co-; Occurring; Mental; Health; Capabilities; Homeless; Criminal; Justice,EnglishSpanish,Last Updated: 11/26/2025 8:49:29 AM,True,False,True,False,False,False,False,False,False,True,False,False,False,True,False,False,True,True,False,False,Closed,Closed,,,09:30,21:00,,,09:30,20:00,,,09:30,21:00,,,09:30,20:00,,,08:30,17:00,,,09:00,17:30,,,34.1822804,-118.450796
AM/PM CULVER CITY BUDGET/ESCUELA LATINA AND ALCOHOL ASSESSMENTS 2,,"6315 Van Nuys Boulevard, Suite A-3,Van Nuys, CA 91401",(818) 787-7878,,No,,,,EnglishFarsiSpanish,Last Updated: 5/17/2023 8:43:36 AM,False,False,True,False,False,False,False,False,False,False,False,False,False,False,False,False,False,False,False,False,,,,,,,,,,,,,,,,,,,,,,,,,,,,,34.1852555,-118.4490686
"THE TEEN PROJECT, INC., D.B.A. FREEHAB",Freehab,"14530 Sylvan Street,Van Nuys, CA 91411",(800) 685-7460,https://www.theteenproject.com,Yes,RS(3.1)Adult - F: 0RS(3.3)Adult - F: 0RS(3.5)Adult - F: 0R-WMAdult - F: 0,,Adult; M; A; T; Parent/; Guardian (; Female) with; Children; Perinatal; Developmentally; Disabled/; Delayed; Co-; Occurring; Mental; Health; Capabilities; L; G; B; T; Q; I; A; Homeless; Criminal; Justice; Sexually-; Exploited,ArmenianEnglishRussianSpanish,Last Updated: 11/17/2025 11:39:43 AM,True,False,True,False,True,False,False,False,True,True,False,False,True,True,True,False,True,True,True,True,00:00,23:59,,,00:00,23:59,,,00:00,23:59,,,00:00,23:59,,,00:00,23:59,,,00:00,23:59,,,00:00,23:59,,,34.1845717,-118.4496333
TWIN TOWN CORPORATION,Twin Town Treatment Centers,"3828 Carson Street, Suite 100,Torrance, CA 90503",(310) 787-1335,https://twintowntreatmentcenters.com,Yes,,,Adult; Youth,EnglishSpanish,Last Updated: 11/26/2025 8:21:06 AM,False,True,True,False,False,False,False,False,False,True,False,True,False,False,False,False,False,False,False,False,Closed,Closed,,,09:00,21:00,,,09:00,21:00,,,09:00,21:00,,,09:00,21:00,,,09:00,21:00,,,09:00,17:00,,,33.8314967,-118.35352
"HELPLINE YOUTH COUNSELING, INC.",The Starting Point,"14181 Telegraph Road,Whittier, CA 90604",(562) 273-0722,https://hycinc.org,Yes,,,Adult; Youth; Parent/; Guardian (; Female) with; Children; Parent/; Guardian (; Male) with; Children; Co-; Occurring; Mental; Health; Capabilities; Homeless; Criminal; Justice,EnglishSpanish,Last Updated: 11/26/2025 8:23:22 AM,False,True,True,False,False,False,False,False,True,True,False,True,False,True,False,False,True,True,False,True,Closed,Closed,,,08:00,17:00,,,08:00,16:30,,,08:00,17:00,,,08:00,16:30,,,08:00,17:00,,,08:00,16:30,,,33.9288012,-118.0294023
"DIVINE HEALTHCARE SERVICES, INC.",,,(310) 672-3820,https://www.divinehealthcareservices.org,No,RBHAdult - M: 2,,,EnglishSpanish,Last Updated: 11/26/2025 9:15:26 AM,True,False,True,False,False,False,False,True,False,True,False,False,False,False,False,False,False,False,False,False,,,,,,,,,,,,,,,,,,,,,,,,,,,,,33.9617489,-118.36187
LOS ANGELES CENTERS FOR ALCOHOL AND DRUG ABUSE,,,(562) 982-4018,http://www.lacada.com/,No,RBHAdult - M: 2Adult - F: 0,,,English,Last Updated: 11/26/2025 9:07:12 AM,True,False,True,False,False,False,False,True,True,True,False,False,False,False,False,False,False,False,False,False,,,,,,,,,,,,,,,,,,,,,,,,,,,,,34.0451634,-118.2432327
"DIVINE HEALTHCARE SERVICES, INC.",Recovery Bridge Housing (RBH),,(310) 672-3820,https://www.divinehealthcareservices.org,No,RBHAdult - M: 0,,,EnglishSpanish,Last Updated: 11/26/2025 9:15:26 AM,True,False,True,False,False,False,False,True,False,True,False,False,False,False,False,False,False,False,False,False,,,,,,,,,,,,,,,,,,,,,,,,,,,,,33.9617489,-118.36187
"EGGLESTON YOUTH CENTERS, INC., D. B. A. EGGLESTON SUBSTANCE ABUSE AND EDUCATION PROGRAM",Eggleston Substance Abuse and Education Program,"13001 Ramona Boulevard, Suites E & J,Irwindale, CA 91706",(626) 472-6000,https://www.egglestonyouthcenter.org,Yes,,,Adult; Youth; Co-; Occurring; Mental; Health; Capabilities; L; G; B; T; Q; I; A; Criminal; Justice,EnglishSpanish,Last Updated: 11/26/2025 8:51:58 AM,False,True,True,False,False,False,False,False,False,True,False,True,False,True,True,False,False,True,False,False,Closed,Closed,,,12:00,21:00,,,12:00,21:00,,,12:00,20:00,,,12:00,20:00,,,09:00,20:00,,,09:00,18:00,,,34.1069927,-117.934214
CAMBODIAN ASSOCIATION OF AMERICA,,"2501 Atlantic Avenue,Long Beach, CA 90806",(562) 424-6105,http://www.cambodianusa.com/,Yes,,,Parent/; Guardian (; Female) with; Children; Parent/; Guardian (; Male) with; Children; Physically; Disabled; Developmentally; Disabled/; Delayed; Co-; Occurring; Mental; Health; Capabilities; L; G; B; T; Q; I; A; Veterans; Homeless; Criminal; Justice,CambodianEnglishSpanish,Last Updated: 11/26/2025 8:19:38 AM,False,True,True,False,False,False,False,False,True,False,False,False,False,True,True,True,True,True,False,True,Closed,Closed,,,08:30,17:30,,,08:30,21:00,,,08:30,17:30,,,08:30,21:00,,,08:30,17:30,,,09:00,17:00,,,33.802475,-118.185112
"FRED KENNEDY ASSOCIATES, INC.",,"1424 4th Street, Suite 205,Santa Monica, CA 90401",(310) 451-5881,,No,,,,EnglishSpanish,Last Updated: 3/26/2024 12:16:07 PM,False,False,True,False,False,False,False,False,False,False,False,False,False,False,False,False,False,False,False,False,,,,,,,,,,,,,,,,,,,,,,,,,,,,,34.0159684,-118.494795
AMERICAN HEALTH SERVICES LLC,,"6265 Sepulveda Boulevard, Suite 9,Van Nuys, CA 91411",(818) 779-0555,http://www.americanhealthservices.org,Yes,,,Adult; M; A; T; Co-; Occurring; Mental; Health; Capabilities,English,Last Updated: 11/24/2025 8:03:37 AM,True,False,True,False,False,False,True,False,False,True,False,False,True,True,False,False,False,False,False,False,07:00,11:00,,,05:30,14:00,,,05:30,14:00,,,05:30,14:00,,,05:30,14:00,,,05:30,14:00,,,07:00,11:00,,,34.1842388,-118.466277
AMERICAN INDIAN CHANGING SPIRITS,,"2120 West Williams Street, Buildings 1, 2, and 3,Long Beach, CA 90810",(562) 388-8118,https://www.americanindianchangingspirits.org,Yes,RS(3.1)Adult - M: 0Adult - F: 0RS(3.5)Adult - M: 0Adult - F: 0,,Adult; Women; Perinatal; Co-; Occurring; Mental; Health; Capabilities; L; G; B; T; Q; I; A; Veterans; Homeless; Criminal; Justice,EnglishSpanish,Last Updated: 11/26/2025 10:06:31 AM,True,False,True,False,False,False,False,True,True,True,False,False,False,True,True,True,True,True,True,False,07:30,20:30,,,07:30,20:30,,,07:30,20:30,,,07:30,20:30,,,07:30,20:30,,,07:30,20:30,,,07:30,20:30,,,33.7690164,-118.191604
"TARZANA TREATMENT CENTERS, INC.",,"2101 Magnolia Avenue,Long Beach, CA 90806",(800) 996-1051,https://www.tarzanatc.org,Yes,RS(3.1)Adult - M: 0Adult - F: 0RS(3.3)Adult - M: 0Adult - F: 0RS(3.5)Adult - M: 1Adult - F: 1R-WMAdult - M: 0Adult - F: 0,,Adult; M; A; T; Parent/; Guardian (; Female) with; Children; Parent/; Guardian (; Male) with; Children; Perinatal; Co-; Occurring; Mental; Health; Capabilities; L; G; B; T; Q; I; A; Veterans; Homeless; Criminal; Justice,ArmenianEnglishSpanish,Last Updated: 11/26/2025 8:57:57 AM,True,False,True,False,True,False,False,True,True,True,False,False,True,True,True,True,True,True,True,True,Closed,Closed,,,08:30,18:00,,,08:30,19:00,,,08:30,18:00,,,08:30,19:00,,,08:30,18:00,,,08:00,14:00,,,33.795573,-118.1984023
LOS ANGELES CENTERS FOR ALCOHOL AND DRUG ABUSE,,,(562) 676-4259,http://www.lacada.com/,No,RBHAdult - M: 3,,,English,Last Updated: 11/26/2025 9:07:12 AM,True,False,True,False,False,False,False,True,False,True,False,False,False,False,False,False,False,False,False,False,,,,,,,,,,,,,,,,,,,,,,,,,,,,,34.0451634,-118.2432327
"DIVINE HEALTHCARE SERVICES, INC.",Recovery Bridge Housing,,(310) 672-3820,https://www.divinehealthcareservices.org,No,RBHAdult - M: 3,,,EnglishSpanish,Last Updated: 11/26/2025 9:15:26 AM,True,False,True,False,False,False,False,True,False,True,False,False,False,False,False,False,False,False,False,False,,,,,,,,,,,,,,,,,,,,,,,,,,,,,33.9617489,-118.36187
"BEHAVIORAL HEALTH SERVICES, INC.",Wilmington Community Recovery Center,"1318 North Avalon Boulevard, Suite A,Wilmington, CA 90744",(310) 549-2710,http://bhs-inc.org/,No,,,Adult; Youth,EnglishSpanish,Last Updated: 11/26/2025 6:59:42 AM,False,True,True,False,False,False,False,False,False,True,False,True,False,False,False,False,False,False,False,False,Closed,Closed,,,09:00,18:00,,,09:00,21:00,,,09:00,18:00,,,09:00,21:00,,,08:00,21:00,,,Closed,Closed,,,33.7893789,-118.2630683
"BIENESTAR HUMAN SERVICES, INC",,"8134 Van Nuys Boulevard, Suite 200,Panorama City, CA 91402",(818) 908-3820,https://www.bienestar.org,No,,,Adult; L; G; B; T; Q; I; A,EnglishSpanish,Last Updated: 7/30/2024 2:11:29 PM,False,True,True,False,False,False,False,False,False,True,False,False,False,False,True,False,False,False,False,False,Closed,Closed,,,10:00,21:00,,,10:00,19:00,,,10:00,19:00,,,10:00,21:00,,,10:00,21:00,,,09:00,18:00,,,34.218616,-118.4486703
"DIVINE HEALTHCARE SERVICES, INC.",Recovery Bridge Housing,,(310) 672-3820,https://www.divinehealthcareservices.org,No,RBHAdult - M: 1,,,EnglishSpanish,Last Updated: 11/26/2025 9:15:26 AM,True,False,True,False,False,False,False,True,False,True,False,False,False,False,False,False,False,False,False,False,,,,,,,,,,,,,,,,,,,,,,,,,,,,,33.9617489,-118.36187
"BEHAVIORAL HEALTH SERVICES, INC.",,"514 West Pacific Coast Highway,Long Beach, CA 90806",(562) 432-0713,http://bhs-inc.org/,Yes,,,Adult,EnglishSpanish,Last Updated: 11/24/2025 7:57:00 AM,False,True,True,False,False,False,False,False,False,True,False,False,False,False,False,False,False,False,False,False,Closed,Closed,,,09:00,18:00,,,09:00,21:00,,,09:00,18:00,,,09:00,18:00,,,08:00,17:00,,,08:00,17:00,,,33.7690164,-118.191604
"BEHAVIORAL HEALTH SERVICES, INC.",Redgate,"1775 Chestnut Avenue,Long Beach, CA 90813",(562) 599-8444,http://bhs-inc.org/,Yes,RS(3.1)Adult - M: 0Adult - F: 0RS(3.5)Adult - M: 0Adult - F: 0R-WMAdult - M: 0Adult - F: 0I-WMAdult - M: 0Adult - F: 0,,Adult; M; A; T; Co-; Occurring; Mental; Health; Capabilities; L; G; B; T; Q; I; A; Criminal; Justice,English,Last Updated: 11/26/2025 5:07:44 AM,True,False,True,False,True,True,False,True,True,True,False,False,True,True,True,False,False,True,False,False,Closed,Closed,,,08:00,17:00,,,08:00,17:00,,,08:00,17:00,,,08:00,17:00,,,08:00,17:00,,,Closed,Closed,,,33.7893484,-118.1964545
"AEGIS TREATMENT CENTERS, LLC",,"14240 Imperial Highway,La Mirada, CA 90638",(562) 946-1587,http://www.aegistreatmentcenters.com/,No,,,M; A; T; Perinatal; Homeless,EnglishSpanish,Last Updated: 11/26/2025 8:50:40 AM,True,False,True,False,False,False,True,False,False,False,False,False,True,False,False,False,True,False,True,False,Closed,Closed,,,05:00,13:30,,,05:00,13:30,,,05:00,13:30,,,05:00,13:30,,,05:00,13:30,,,06:00,10:00,,,33.9169524,-118.0281356
"PHOENIX HOUSES OF LOS ANGELES, INC.",Lake View Terrace,"11600 Eldridge Avenue,Lake View Terrace, CA 91342",(818) 686-3100,https://phoenixhouseca.org/,Yes,,,Youth; Perinatal; Co-; Occurring; Mental; Health; Capabilities,EnglishSpanish,Last Updated: 11/26/2025 8:27:14 AM,False,True,True,False,False,False,False,False,False,False,False,True,False,True,False,False,False,False,True,False,Closed,Closed,,,09:00,17:00,,,09:00,17:00,,,09:00,17:00,,,09:00,17:00,,,09:00,17:00,,,Closed,Closed,,,34.2763908,-118.3611912
"TARZANA TREATMENT CENTERS, INC.",,,(800) 996-1051,https://www.tarzanatc.org,No,RBHAdult - F: 2,,,English,Last Updated: 11/26/2025 9:03:07 AM,True,False,True,False,False,False,False,False,True,True,False,False,False,False,False,False,False,False,False,False,,,,,,,,,,,,,,,,,,,,,,,,,,,,,33.9220616,-118.2392221
"DIVINE HEALTHCARE SERVICES, INC.",Recovery Bridge Housing (RBH),,(310) 672-3820,https://www.divinehealthcareservices.org,No,RBHAdult - F: 0,,,EnglishSpanish,Last Updated: 11/26/2025 9:15:26 AM,True,False,True,False,False,False,False,False,True,True,False,False,False,False,False,False,False,False,False,False,,,,,,,,,,,,,,,,,,,,,,,,,,,,,33.9617489,-118.36187
"AEGIS TREATMENT CENTERS, LLC",,"909 North Avalon Boulevard,Wilmington, CA 90744",(310) 513-0626,http://www.aegistreatmentcenters.com/,Yes,,,M; A; T,English,Last Updated: 9/18/2024 7:39:08 AM,True,False,True,False,False,False,True,False,False,False,False,False,True,False,False,False,False,False,False,False,06:00,10:00,,,05:00,18:30,,,05:00,18:30,,,05:00,18:30,,,05:00,18:30,,,05:00,18:30,,,06:00,10:00,,,33.7814522,-118.2626421
"BEHAVIORAL HEALTH SERVICES, INC.",People in Progress,,(562) 599-8444,http://bhs-inc.org/,No,RBHAdult - M: 0Adult - F: 0,,,English,Last Updated: 11/26/2025 5:07:44 AM,True,False,True,False,False,False,False,True,True,True,False,False,False,False,False,False,False,False,False,False,,,,,,,,,,,,,,,,,,,,,,,,,,,,,34.0188584,-118.2042581
"DIVINE HEALTHCARE SERVICES, INC.",Recovery Bridge Housing (RBH),,(310) 672-3820,https://www.divinehealthcareservices.org,No,RBHAdult - M: 0,,,EnglishSpanish,Last Updated: 11/26/2025 9:15:26 AM,True,False,True,False,False,False,False,True,False,True,False,False,False,False,False,False,False,False,False,False,,,,,,,,,,,,,,,,,,,,,,,,,,,,,33.9617489,-118.36187
DIDI HIRSCH PSYCHIATRIC SERVICE,Via Avanta,,(818) 897-2609,https://didihirsch.org/,Yes,RS(3.1)Adult - F: 1RS(3.3)Adult - F: 2RS(3.5)Adult - F: 2R-WMAdult - F: 2,,Adult; M; A; T; Parent/; Guardian (; Female) with; Children; Perinatal; Co-; Occurring; Mental; Health; Capabilities; Homeless; Criminal; Justice,EnglishSpanish,Last Updated: 11/26/2025 6:43:38 AM,True,False,True,False,True,False,False,False,True,True,False,False,True,True,False,False,True,True,True,True,Closed,Closed,,,09:00,17:00,,,09:00,17:00,,,09:00,17:00,,,09:00,17:00,,,09:00,17:00,,,Closed,Closed,,,34.1426882,-118.2303832
EL PROYECTO DEL BARRIO,,"9140 Van Nuys Boulevard, #211,Panorama City, CA 91402",(818) 895-2206,https://www.elproyecto.us,Yes,,,Adult; Parent/; Guardian (; Female) with; Children; Parent/; Guardian (; Male) with; Children; Perinatal; L; G; B; T; Q; I; A,EnglishSpanish,Last Updated: 11/26/2025 8:24:52 AM,False,True,True,False,False,False,False,False,True,True,False,False,False,False,True,False,False,False,True,True,Closed,Closed,,,08:00,17:00,,,08:00,17:00,,,08:00,17:00,,,08:00,17:00,,,08:00,17:00,,,Closed,Closed,,,34.236216,-118.45015
"HARBOR AREA HIGH GAIN PROGRAM, INC.",,"315-A East 11th Street,Long Beach, CA 90813",(562) 436-9801,,No,,,,EnglishSpanish,Last Updated: 6/30/2017 8:47:13 AM,False,False,True,False,False,False,False,False,False,False,False,False,False,False,False,False,False,False,False,False,,,,,,,,,,,,,,,,,,,,,,,,,,,,,33.780838,-118.1826007
AMERICAN HEALTH SERVICES LLC,,"21505 Norwalk Boulevard,Hawaiian Gardens, CA 90716",(562) 916-7581,http://www.americanhealthservices.org,Yes,,,Adult; M; A; T,EnglishSpanish,Last Updated: 11/24/2025 8:03:37 AM,True,False,True,False,False,False,True,False,False,True,False,False,True,False,False,False,False,False,False,False,08:30,09:30,,,05:00,13:30,,,05:00,13:30,,,05:00,13:30,,,05:00,13:30,,,05:00,13:30,,,08:30,09:30,,,33.8340369,-118.0720888
ABC TRAFFIC SAFETY PROGRAM,,"12100 Carson Street, E,Hawaiian Gardens, CA 90716",(562) 421-4949,,No,,,,EnglishSpanish,Last Updated: 6/30/2017 8:24:08 AM,False,False,True,False,False,False,False,False,False,False,False,False,False,False,False,False,False,False,False,False,,,,,,,,,,,,,,,,,,,,,,,,,,,,,33.8284787,-118.074313
"HELPLINE YOUTH COUNSELING, INC.",,"920 Atlantic Avenue, Suites 101 & 102,Long Beach, CA 90813",(562) 380-0261,https://hycinc.org,Yes,,,Youth; Parent/; Guardian (; Female) with; Children; Parent/; Guardian (; Male) with; Children; Co-; Occurring; Mental; Health; Capabilities; Homeless; Criminal; Justice,EnglishSpanish,Last Updated: 11/26/2025 8:23:22 AM,False,True,True,False,False,False,False,False,True,False,False,True,False,True,False,False,True,True,False,True,08:00,17:00,,,08:00,17:00,,,08:00,17:00,,,08:00,17:00,,,08:00,17:00,,,08:00,17:00,,,08:00,16:30,,,33.7690164,-118.191604
WESTERN PACIFIC MED-CORP,,"9462 Van Nuys Boulevard,Panorama City, CA 91402",(818) 891-8555,www.westpacmed.com,Yes,,,Adult; M; A; T,EnglishSpanishTagalog,Last Updated: 11/26/2025 4:55:52 AM,True,False,True,False,False,False,True,False,False,True,False,False,True,False,False,False,False,False,False,False,06:00,21:30,,,06:00,14:30,,,06:00,14:30,,,06:00,14:30,,,06:00,14:30,,,06:00,14:30,,,06:00,21:30,,,34.2123254,-118.4488534
"TRANSCULTURAL HEALTH DEVELOPMENT, INC.",Coastal Recovery Center,"117 East Harry Bridges Boulevard,Wilmington, CA 90744",(310) 549-8383,https://acadiahealthcare.com,Yes,,,Adult; M; A; T; Co-; Occurring; Mental; Health; Capabilities; Homeless,EnglishSpanish,Last Updated: 10/24/2025 10:09:27 AM,True,False,True,False,False,False,True,False,False,True,False,False,True,True,False,False,True,False,False,False,06:00,09:00,,,05:00,13:30,,,05:00,13:30,,,05:00,13:30,,,05:00,13:30,,,05:00,13:30,,,06:00,09:00,,,33.771373,-118.2614436
"BEHAVIORAL HEALTH SERVICES, INC.",,"615 Elm Avenue,Long Beach, CA 90802",(562) 435-7350,http://bhs-inc.org/,Yes,RS(3.1)Adult - F: 0RS(3.5)Adult - F: 4,,Women; Parent/; Guardian (; Female) with; Children; Parent/; Guardian (; Male) with; Children; Perinatal; Criminal; Justice,English,Last Updated: 11/26/2025 10:48:00 AM,True,False,True,False,False,False,False,False,True,True,False,False,False,False,False,False,False,True,True,True,Closed,Closed,,,10:00,16:00,,,10:00,16:00,,,10:00,16:00,,,10:00,16:00,,,10:00,16:00,,,Closed,Closed,,,33.7744559,-118.1877684
"BEHAVIORAL HEALTH SERVICES, INC.",Flossie Lewis,"341 and 351 East 6th Street,Long Beach, CA 90802",(562) 435-7350,http://bhs-inc.org/,Yes,RS(3.1)Adult - F: 0RS(3.5)Adult - F: 0,,Adult; Parent/; Guardian (; Female) with; Children; Perinatal; Criminal; Justice,English,Last Updated: 11/26/2025 10:48:00 AM,True,False,True,False,False,False,False,False,True,True,False,False,False,False,False,False,False,True,True,True,Closed,Closed,,,08:00,17:00,,,08:00,17:00,,,08:00,17:00,,,08:00,17:00,,,08:00,17:00,,,Closed,Closed,,,33.7707411,-118.18947
ALCOHOL EDUCATION AND RECOVERY CENTER,,"1355 South Redondo Avenue, 2,Long Beach, CA 90804",(562) 986-5046,,No,,,,EnglishSpanish,Last Updated: 6/30/2017 8:57:44 AM,False,False,True,False,False,False,False,False,False,False,False,False,False,False,False,False,False,False,False,False,,,,,,,,,,,,,,,,,,,,,,,,,,,,,33.7690164,-118.191604
SAFE REFUGE,,"728 1/2 Freeman Avenue,Long Beach, CA 90804",(562) 987-5722,https://www.asaferefuge.org,No,RS(3.1)Adult - M: 0RS(3.5)Adult - M: 0,,Perinatal; Veterans; Homeless,English,Last Updated: 11/26/2025 7:11:13 AM,True,False,True,False,False,False,False,True,False,True,False,False,False,False,False,True,True,False,True,False,Closed,Closed,,,08:00,17:00,,,08:00,17:00,,,08:00,17:00,,,08:00,17:00,,,08:00,17:00,,,Closed,Closed,,,33.7789771,-118.1556867
PENNY LANE CENTERS,,"15305 Rayen Street,North Hills, CA 91343",(818) 430-4445,https://www.pennylane.org,Yes,,,Adult; Youth; Co-; Occurring; Mental; Health; Capabilities; L; G; B; T; Q; I; A; Homeless; Criminal; Justice; Sexually-; Exploited,EnglishSpanish,Last Updated: 11/21/2025 8:30:23 AM,False,True,True,False,False,False,False,False,False,True,False,True,False,True,True,False,True,True,False,False,Closed,Closed,,,08:00,20:00,,,08:00,21:00,,,08:00,20:00,,,08:00,21:00,,,08:00,18:00,,,09:00,17:00,,,34.2319714,-118.4657866
SAFE REFUGE,,,(562) 987-5722,https://www.asaferefuge.org,No,RBHAdult - F: 0,,Veterans; Homeless,English,Last Updated: 11/26/2025 7:11:13 AM,True,False,True,False,False,False,False,False,True,True,False,False,False,False,False,True,True,False,False,False,,,,,,,,,,,,,,,,,,,,,,,,,,,,,33.7789771,-118.1556867
SAFE REFUGE,,,(562) 987-5722,https://www.asaferefuge.org,No,RBHAdult - M: 0Adult - F: 0,,Parent/; Guardian (; Female) with; Children; Parent/; Guardian (; Male) with; Children; Perinatal; Physically; Disabled; Veterans; Homeless,English,Last Updated: 11/26/2025 7:11:13 AM,True,False,True,False,False,False,False,True,True,True,False,False,False,False,False,True,True,False,True,True,,,,,,,,,,,,,,,,,,,,,,,,,,,,,33.7789771,-118.1556867
SAFE REFUGE,,,(562) 987-5722,https://www.asaferefuge.org,No,RBHAdult - M: 0Adult - F: 0,,Physically; Disabled; Veterans; Homeless,English,Last Updated: 11/26/2025 7:11:13 AM,True,False,True,False,False,False,False,True,True,True,False,False,False,False,False,True,True,False,False,False,,,,,,,,,,,,,,,,,,,,,,,,,,,,,33.7789771,-118.1556867
"DIVINE HEALTHCARE SERVICES, INC.",Recovery Bridge Housing (RBH),,(310) 672-3820,https://www.divinehealthcareservices.org,No,RBHAdult - M: 0,,,EnglishSpanish,Last Updated: 11/26/2025 9:15:26 AM,True,False,True,False,False,False,False,True,False,True,False,False,False,False,False,False,False,False,False,False,,,,,,,,,,,,,,,,,,,,,,,,,,,,,33.9617489,-118.36187
LOS ANGELES CENTERS FOR ALCOHOL AND DRUG ABUSE,,,(562) 665-7488,http://www.lacada.com/,No,RBHAdult - M: 0,,,English,Last Updated: 11/26/2025 9:07:12 AM,True,False,True,False,False,False,False,True,False,True,False,False,False,False,False,False,False,False,False,False,,,,,,,,,,,,,,,,,,,,,,,,,,,,,34.0451634,-118.2432327
SAFE REFUGE,,,(562) 987-5722,https://www.asaferefuge.org,No,RBHAdult - M: 0,,Veterans; Homeless,English,Last Updated: 11/26/2025 7:11:13 AM,True,False,True,False,False,False,False,True,False,True,False,False,False,False,False,True,True,False,False,False,,,,,,,,,,,,,,,,,,,,,,,,,,,,,33.7789771,-118.1556867
SAFE REFUGE,,,(562) 987-5722,https://www.asaferefuge.org,No,RBHAdult - M: 0,,Veterans; Homeless,English,Last Updated: 11/26/2025 7:11:13 AM,True,False,True,False,False,False,False,True,False,True,False,False,False,False,False,True,True,False,False,False,,,,,,,,,,,,,,,,,,,,,,,,,,,,,33.7789771,-118.1556867
SAFE REFUGE,,,(562) 987-5722,https://www.asaferefuge.org,No,RBHAdult - M: 0,,Veterans; Homeless,English,Last Updated: 11/26/2025 7:11:13 AM,True,False,True,False,False,False,False,True,False,True,False,False,False,False,False,True,True,False,False,False,,,,,,,,,,,,,,,,,,,,,,,,,,,,,33.7789771,-118.1556867
SAFE REFUGE,Safe Refuge,,(562) 987-5722,https://www.asaferefuge.org,No,RBHAdult - M: 0,,Veterans; Homeless,EnglishSpanish,Last Updated: 11/26/2025 7:11:13 AM,True,False,True,False,False,False,False,True,False,True,False,False,False,False,False,True,True,False,False,False,,,,,,,,,,,,,,,,,,,,,,,,,,,,,33.7789771,-118.1556867
SAFE REFUGE,,"1046 Redondo Avenue,Long Beach, CA 90804",(562) 987-5722,https://www.asaferefuge.org,Yes,,,Parent/; Guardian (; Female) with; Children; Parent/; Guardian (; Male) with; Children; Physically; Disabled; Veterans; Homeless,English,Last Updated: 11/26/2025 7:11:13 AM,False,True,True,False,False,False,False,False,True,False,False,False,False,False,False,True,True,False,False,True,Closed,Closed,,,07:00,22:00,,,07:00,22:00,,,07:00,22:00,,,07:00,22:00,,,07:00,22:00,,,12:00,17:30,,,33.7798258,-118.1523116
SAFE REFUGE,,"3125 East 7th Street,Long Beach, CA 90804",(562) 987-5722,https://www.asaferefuge.org,Yes,RS(3.1)Adult - M: 0RS(3.5)Adult - M: 0,,Parent/; Guardian (; Female) with; Children; Parent/; Guardian (; Male) with; Children; Perinatal; Physically; Disabled; Veterans; Homeless,English,Last Updated: 11/26/2025 7:11:13 AM,False,True,True,False,False,False,False,True,True,True,False,False,False,False,False,True,True,False,True,True,Closed,Closed,,,07:00,22:00,,,07:00,22:00,,,07:00,22:00,,,07:00,22:00,,,07:00,22:00,,,09:00,17:30,,,33.7754197,-118.1553255
SAFE REFUGE,,"728-A Freeman Avenue,Long Beach, CA 90804",(562) 987-5722,https://www.asaferefuge.org,No,RS(3.1)Adult - M: 0Adult - F: 0RS(3.5)Adult - M: 0Adult - F: 0,,Parent/; Guardian (; Female) with; Children; Parent/; Guardian (; Male) with; Children; Veterans; Homeless,English,Last Updated: 11/26/2025 7:11:13 AM,True,False,True,False,False,False,False,True,True,True,False,False,False,False,False,True,True,False,False,True,Closed,Closed,,,08:00,17:00,,,08:00,17:00,,,08:00,17:00,,,08:00,17:00,,,08:00,17:00,,,Closed,Closed,,,33.7789771,-118.1556867
SAFE REFUGE,,"728 Freeman Avenue,Long Beach, CA 90804",(562) 987-5722,https://www.asaferefuge.org,No,RS(3.1)Adult - M: 0RS(3.5)Adult - M: 0,,Veterans; Homeless,English,Last Updated: 11/26/2025 7:11:13 AM,True,False,True,False,False,False,False,True,False,True,False,False,False,False,False,True,True,False,False,False,Closed,Closed,,,08:00,17:00,,,08:00,17:00,,,08:00,17:00,,,08:00,17:00,,,08:00,17:00,,,Closed,Closed,,,33.7759064,-118.1555661
SAFE REFUGE,,"718 Freeman Avenue,Long Beach, CA 90804",(562) 987-5722,https://www.asaferefuge.org,No,RS(3.1)Adult - M: 0RS(3.5)Adult - M: 0,,Veterans; Homeless,EnglishSpanish,Last Updated: 11/26/2025 7:11:13 AM,True,False,True,False,False,False,False,True,False,True,False,False,False,False,False,True,True,False,False,False,Closed,Closed,,,08:00,17:00,,,08:00,17:00,,,08:00,17:00,,,08:00,17:00,,,08:00,17:00,,,Closed,Closed,,,33.7757466,-118.1555664
SAFE REFUGE,,"727 Obispo Avenue,Long Beach, CA 90804",(562) 987-5722,https://www.asaferefuge.org,Yes,RS(3.1)Adult - F: 0RS(3.5)Adult - F: 0,,Physically; Disabled; Veterans; Homeless,English,Last Updated: 11/26/2025 7:11:13 AM,True,False,True,False,False,False,False,False,True,True,False,False,False,False,False,True,True,False,False,False,Closed,Closed,,,08:00,17:00,,,08:00,17:00,,,08:00,17:00,,,08:00,17:00,,,08:00,17:00,,,Closed,Closed,,,33.7758781,-118.1546812
SAFE REFUGE,,"729 Obispo Avenue,Long Beach, CA 90804",(562) 987-5722,https://www.asaferefuge.org,No,RS(3.1)Adult - F: 0RS(3.5)Adult - F: 0,,Adult,English,Last Updated: 11/26/2025 7:11:13 AM,True,False,True,False,False,False,False,False,True,True,False,False,False,False,False,False,False,False,False,False,Closed,Closed,,,08:00,17:00,,,08:00,17:00,,,08:00,17:00,,,08:00,17:00,,,08:00,17:00,,,Closed,Closed,,,33.77591,-118.1546811
SAFE REFUGE,,"3111 East Seventh Street,Long Beach, CA 90804",(562) 987-5722,https://www.asaferefuge.org,No,RS(3.1)Adult - M: 0RS(3.5)Adult - M: 0,,Parent/; Guardian (; Female) with; Children; Parent/; Guardian (; Male) with; Children; Veterans; Homeless,EnglishSpanish,Last Updated: 11/26/2025 7:11:13 AM,True,False,True,False,False,False,False,True,True,True,False,False,False,False,False,True,True,False,False,True,Closed,Closed,,,07:00,17:00,,,07:00,17:00,,,07:00,17:00,,,07:00,17:00,,,07:00,17:00,,,Closed,Closed,,,33.7690164,-118.191604
SAFE REFUGE,,"719 Obispo Avenue, Apts. 1-10,Long Beach, CA 90804",(562) 987-5722,https://www.asaferefuge.org,No,RS(3.1)Adult - M: 0Adult - F: 0RS(3.5)Adult - M: 0Adult - F: 0,,Veterans; Homeless,English,Last Updated: 11/26/2025 7:11:13 AM,True,False,True,False,False,False,False,True,True,True,False,False,False,False,False,True,True,False,False,False,Closed,Closed,,,08:00,17:00,,,08:00,17:00,,,08:00,17:00,,,08:00,17:00,,,08:00,17:00,,,Closed,Closed,,,33.7690164,-118.191604
SAFE REFUGE,,"3115 East Seventh Street,Long Beach, CA 90804",(562) 987-5722,https://www.asaferefuge.org,Yes,RS(3.1)Adult - M: 0RS(3.5)Adult - M: 0,,Adult,English,Last Updated: 11/26/2025 7:11:13 AM,True,False,True,False,False,False,False,True,False,True,False,False,False,False,False,False,False,False,False,False,Closed,Closed,,,08:00,17:00,,,08:00,17:00,,,08:00,17:00,,,08:00,17:00,,,08:00,17:00,,,Closed,Closed,,,33.7690164,-118.191604
SAFE REFUGE,,"3113 East Seventh Street,Long Beach, CA 90804",(562) 987-5722,https://www.asaferefuge.org,Yes,RS(3.1)Adult - M: 0RS(3.5)Adult - M: 0,,Parent/; Guardian (; Female) with; Children; Parent/; Guardian (; Male) with; Children; Physically; Disabled; Veterans; Homeless,American Sign LanguageEnglish,Last Updated: 11/26/2025 7:11:13 AM,True,False,True,False,False,False,False,True,True,True,False,False,False,False,False,True,True,False,False,True,Closed,Closed,,,07:00,17:00,,,07:00,17:00,,,07:00,17:00,,,07:00,17:00,,,07:00,17:00,,,09:00,17:30,,,33.7690164,-118.191604
SAFE REFUGE,,"3131 East 7th Street, Apt.1, 3, 4, 5, 6,Long Beach, CA 90804",(562) 987-5722,https://www.asaferefuge.org,Yes,RS(3.1)Adult - M: 0RS(3.5)Adult - M: 0,,Physically; Disabled; Veterans; Homeless,English,Last Updated: 11/26/2025 7:11:13 AM,True,False,True,False,False,False,False,True,False,True,False,False,False,False,False,True,True,False,False,False,Closed,Closed,,,08:00,17:00,,,08:00,17:00,,,08:00,17:00,,,08:00,17:00,,,08:00,17:00,,,Closed,Closed,,,33.7754199,-118.1552774
SAFE REFUGE,,"3137-3139 East 7th Street,Long Beach, CA 90804",(562) 987-5722,https://www.asaferefuge.org,Yes,,,Parent/; Guardian (; Female) with; Children; Parent/; Guardian (; Male) with; Children; Physically; Disabled; Veterans; Homeless,EnglishSpanish,Last Updated: 11/26/2025 7:11:13 AM,False,True,True,False,False,False,False,False,True,False,False,False,False,False,False,True,True,False,False,True,Closed,Closed,,,07:00,22:00,,,07:00,22:00,,,07:00,22:00,,,07:00,22:00,,,07:00,22:00,,,09:00,17:00,,,33.7754201,-118.1552293
SAFE REFUGE,,"3119 East Seventh Street,Long Beach, CA 90804",(562) 987-5722,https://www.asaferefuge.org,No,RS(3.1)Adult - M: 0Adult - F: 0RS(3.5)Adult - M: 0Adult - F: 0,,Parent/; Guardian (; Female) with; Children; Parent/; Guardian (; Male) with; Children; Veterans; Homeless,English,Last Updated: 11/26/2025 7:11:13 AM,True,False,True,False,False,False,False,True,True,True,False,False,False,False,False,True,True,False,False,True,Closed,Closed,,,08:00,17:00,,,08:00,17:00,,,08:00,17:00,,,08:00,17:00,,,08:00,17:00,,,Closed,Closed,,,33.7690164,-118.191604
"ADDICTION RESEARCH AND TREATMENT, INC.",,"15229 East Amar Road,La Puente, CA 91744",(626) 855-5090,https://www.baartprograms.com,Yes,,,M; A; T; Perinatal,CantoneseEnglishRussianSpanishTagalog,Last Updated: 11/20/2019 9:09:32 AM,True,False,True,False,False,False,True,False,False,False,False,False,True,False,False,False,False,False,True,False,06:00,13:30,,,05:30,13:30,,,05:30,13:30,,,05:30,13:30,,,05:30,13:30,,,05:30,13:30,,,06:00,13:30,,,34.0280619,-117.953097
"BAART BEHAVIORAL HEALTH SERVICES, INC.",,"15229 East Amar Road,La Puente, CA 91744",(626) 855-5090,,No,,,Adult; M; A; T; Co-; Occurring; Mental; Health; Capabilities; Veterans; Homeless,EnglishSpanish,Last Updated: 11/20/2022 11:09:48 PM,True,False,True,False,False,False,True,False,False,True,False,False,True,True,False,True,True,False,False,False,06:00,09:30,,,05:30,13:30,,,05:30,13:30,,,05:30,13:30,,,05:30,13:30,,,05:30,13:30,,,06:00,09:30,,,34.0280619,-117.953097
"SAN FERNANDO VALLEY COMMUNITY MENTAL HEALTH CENTER, INC.",,"16650 Sherman Way, Suite 102,Van Nuys, CA 91406",(818) 901-4836,https://www.movinglivesforward.org/,Yes,,,Physically; Disabled; Developmentally; Disabled/; Delayed; Co-; Occurring; Mental; Health; Capabilities; Veterans; Homeless; Criminal; Justice,EnglishSpanish,Last Updated: 4/5/2022 5:00:02 PM,True,False,True,False,False,False,False,False,False,False,False,False,False,True,False,True,True,True,False,False,Closed,Closed,,,08:00,17:00,,,08:00,17:00,,,08:00,17:00,,,08:00,17:00,,,08:00,17:00,,,Closed,Closed,,,34.2012485,-118.4734847
"FRED KENNEDY ASSOCIATES, INC.",,"1931 North Gaffey Street, Suite D,San Pedro, CA 90731",(310) 521-1263,,No,,,,EnglishSpanish,Last Updated: 6/29/2017 10:32:30 AM,False,False,True,False,False,False,False,False,False,False,False,False,False,False,False,False,False,False,False,False,,,,,,,,,,,,,,,,,,,,,,,,,,,,,33.7478521,-118.2930001
"TARZANA TREATMENT CENTERS, INC.","Tarzana Treatment Center, Inc",,(800) 996-1051,https://www.tarzanatc.org,No,RBHAdult - M: 2,,,English,Last Updated: 11/26/2025 9:03:07 AM,True,False,True,False,False,False,False,True,False,True,False,False,False,False,False,False,False,False,False,False,,,,,,,,,,,,,,,,,,,,,,,,,,,,,33.9220616,-118.2392221
SAN FERNANDO RECOVERY CENTER,,"762, 734, 732 Griswold Avenue,San Fernando, CA 91340",(747) 500-9405,https://sanfernandorecoverycenter.com/,No,RS(3.1)Adult - M: 0RS(3.5)Adult - M: 0,,Criminal; Justice,EnglishSpanish,Last Updated: 11/26/2025 6:32:14 AM,True,False,True,False,False,False,False,True,False,True,False,False,False,False,False,False,False,True,False,False,00:00,23:59,,,00:00,23:59,,,00:00,23:59,,,00:00,23:59,,,00:00,23:59,,,00:00,23:59,,,00:00,23:59,,,34.2881838,-118.4278361
"SAFETY EDUCATION CENTER, INC.",,"1515 West Cameron Avenue, Building C, Suite 300,West Covina, CA 91790",(626) 960-3977,,No,,,,EnglishSpanish,Last Updated: 6/29/2017 10:07:23 AM,False,False,True,False,False,False,False,False,False,False,False,False,False,False,False,False,False,False,False,False,,,,,,,,,,,,,,,,,,,,,,,,,,,,,34.068385,-117.9417456
NORTHEAST VALLEY HEALTH CORPORATION,,"1036 North Maclay Avenue,San Fernando, CA 91340",(818) 365-2571,,No,,,,EnglishSpanish,Last Updated: 6/29/2017 10:35:58 AM,False,False,True,False,False,False,False,False,False,False,False,False,False,False,False,False,False,False,False,False,,,,,,,,,,,,,,,,,,,,,,,,,,,,,34.294457,-118.425836
TWIN TOWN CORPORATION,Twin Town Treatment Centers,"4281 Katella Avenue, Suite 117,Los Alamitos, CA 90720",(562) 596-0050,https://twintowntreatmentcenters.com,Yes,,,Adult; Youth,EnglishSpanish,Last Updated: 11/26/2025 8:21:06 AM,False,True,True,False,False,False,False,False,False,True,False,True,False,False,False,False,False,False,False,False,Closed,Closed,,,09:00,21:00,,,09:00,21:00,,,09:00,21:00,,,09:00,21:00,,,09:00,21:00,,,09:00,17:00,,,33.8032222,-118.0576488
"DRIVER SAFETY AWARENESS PROGRAM, INC.",,"16909 Parthenia Street, #104B,Northridge, CA 91343",(818) 830-8870,,No,,,,EnglishSpanish,Last Updated: 3/26/2024 12:15:33 PM,False,False,True,False,False,False,False,False,False,False,False,False,False,False,False,False,False,False,False,False,,,,,,,,,,,,,,,,,,,,,,,,,,,,,34.2345615,-118.5369316
TWIN PALMS RECOVERY CENTER,,"130 South 1st Street,City Of Industry, CA 91744",(626) 968-8875,,No,,,,EnglishSpanish,Last Updated: 5/17/2023 7:58:23 AM,False,False,True,False,False,False,False,False,False,False,False,False,False,False,False,False,False,False,False,False,,,,,,,,,,,,,,,,,,,,,,,,,,,,,34.0102602,-117.9167735
"BEHAVIORAL HEALTH SERVICES, INC.",BHS/Flossie Lewis Center,,(562) 435-7350,http://bhs-inc.org/,No,RBHAdult - F: 0,,,English,Last Updated: 11/26/2025 10:48:00 AM,True,False,True,False,False,False,False,False,True,True,False,False,False,False,False,False,False,False,False,False,,,,,,,,,,,,,,,,,,,,,,,,,,,,,34.0188584,-118.2042581
LOS ANGELES CENTERS FOR ALCOHOL AND DRUG ABUSE,,,(562) 863-0987,http://www.lacada.com/,No,RBHAdult - F: 0,,,English,Last Updated: 11/26/2025 9:07:12 AM,True,False,True,False,False,False,False,False,True,True,False,False,False,False,False,False,False,False,False,False,,,,,,,,,,,,,,,,,,,,,,,,,,,,,34.0451634,-118.2432327
"HOUSE OF HOPE FOUNDATION, INC.",,,(310) 831-9411,https://www.houseofhopesp.org,No,RBHAdult - F: 0,,,English,Last Updated: 11/26/2025 9:45:49 AM,True,False,True,False,False,False,False,False,True,True,False,False,False,False,False,False,False,False,False,False,,,,,,,,,,,,,,,,,,,,,,,,,,,,,33.7359312,-118.2815917
"BEHAVIORAL HEALTH SERVICES, INC.",Joint Efforts,"590 West 8th Street,San Pedro, CA 90731",(310) 831-2358,http://bhs-inc.org/,Yes,,,Adult; Youth,EnglishSpanish,Last Updated: 11/26/2025 6:59:42 AM,False,True,True,False,False,False,False,False,False,True,False,True,False,False,False,False,False,False,False,False,Closed,Closed,,,09:00,18:00,,,09:00,21:00,,,09:00,18:00,,,09:00,21:00,,,08:00,17:00,,,08:00,17:00,,,33.7370315,-118.289825
"HOUSE OF HOPE FOUNDATION, INC.",,"205 West 9th Street,San Pedro, CA 90731",(310) 521-9209,https://www.houseofhopesp.org,Yes,,,Adult; Homeless; Criminal; Justice,English,Last Updated: 11/26/2025 9:45:49 AM,False,True,True,False,False,False,False,False,False,True,False,False,False,False,False,False,True,True,False,False,Closed,Closed,,,08:00,21:30,,,08:00,17:00,,,08:00,17:00,,,08:00,21:30,,,08:00,17:00,,,08:00,16:00,,,33.7359312,-118.2815917
"HOUSE OF HOPE FOUNDATION, INC.",,"221, 223, 225, 227, 229, 235 West 9th Street,San Pedro, CA 90731",(877) 403-8016,https://www.houseofhopesp.org,Yes,RS(3.1)Adult - F: 0RS(3.5)Adult - F: 0,,Adult; Criminal; Justice,English,Last Updated: 11/26/2025 9:45:49 AM,True,False,True,False,False,False,False,False,True,True,False,False,False,False,False,False,False,True,False,False,Closed,Closed,,,08:00,17:00,,,08:00,17:00,,,08:00,17:00,,,08:00,17:00,,,08:00,17:00,,,Closed,Closed,,,33.7359322,-118.2818983
BEACON HOUSE ASSOCIATION OF SAN PEDRO (THE),,"132 West 10th Street,San Pedro, CA 90731",(310) 514-4940,https://www.thebeaconhouse.org,Yes,RS(3.1)Adult - M: 0,,,English,Last Updated: 11/25/2025 8:40:41 AM,True,False,True,False,False,False,False,True,False,True,False,False,False,False,False,False,False,False,False,False,08:00,16:30,,,08:00,16:30,,,08:00,16:30,,,08:00,16:30,,,08:00,16:30,,,08:00,16:30,,,08:00,16:30,,,33.735186,-118.2808014
BEACON HOUSE ASSOCIATION OF SAN PEDRO (THE),,"103 West 11th Street,San Pedro, CA 90731",(310) 514-4940,https://www.thebeaconhouse.org,Yes,,,,English,Last Updated: 11/25/2025 8:40:41 AM,False,True,True,False,False,False,False,False,False,False,False,False,False,False,False,False,False,False,False,False,Closed,Closed,,,08:00,21:00,,,08:00,21:00,,,08:00,21:00,,,08:00,21:00,,,08:00,21:00,,,09:00,17:00,,,33.7341131,-118.2806168
"TARZANA TREATMENT CENTERS, INC.",,"18646 Oxnard Street,Tarzana, CA 91356",(800) 996-1051,https://www.tarzanatc.org,Yes,RS(3.1)Adult - M: 0Adult - F: 0RS(3.3)Adult - M: 0Adult - F: 0RS(3.5)Adult - M: 0Adult - F: 0R-WMAdult - M: 0Adult - F: 0I-WMAdult - M: 0Adult - F: 0,,Adult; Youth; M; A; T; Parent/; Guardian (; Female) with; Children; Parent/; Guardian (; Male) with; Children; Perinatal; Co-; Occurring; Mental; Health; Capabilities; L; G; B; T; Q; I; A; Veterans; Homeless; Criminal; Justice,ArmenianEnglishRussianSpanishTagalog,Last Updated: 11/26/2025 8:57:57 AM,False,True,True,True,True,True,True,True,True,True,False,True,True,True,True,True,True,True,True,True,Closed,Closed,,,08:30,18:00,,,08:30,19:00,,,08:30,18:00,,,08:30,19:00,,,08:30,18:00,,,08:30,14:00,,,34.1794458,-118.5398562
"FRED BROWN'S RECOVERY SERVICES, INC.",,"270, 276, and 278 West 14th Street,San Pedro, CA 90731",(310) 519-8723,https://fredbrownrecovery.org/,Yes,RS(3.1)Adult - M: 0RS(3.5)Adult - M: 0,,Adult; Homeless; Criminal; Justice,English,Last Updated: 11/26/2025 8:15:42 AM,True,False,True,False,False,False,False,True,False,True,False,False,False,False,False,False,True,True,False,False,Closed,Closed,,,08:00,16:30,,,08:00,16:30,,,08:00,16:30,,,08:00,16:30,,,08:00,16:30,,,Closed,Closed,,,33.7315656,-118.2830317
"TARZANA TREATMENT CENTERS, INC.",,"6005 Yolanda Avenue,Tarzana, CA 91356",(800) 996-1051,https://www.tarzanatc.org,Yes,,,Adult; M; A; T; Perinatal; Physically; Disabled; Co-; Occurring; Mental; Health; Capabilities; L; G; B; T; Q; I; A; Veterans; Homeless; Criminal; Justice; Sexually-; Exploited,EnglishSpanish,Last Updated: 11/26/2025 8:52:40 AM,False,True,True,True,False,False,False,False,False,True,False,False,True,True,True,True,True,True,True,False,Closed,Closed,,,08:30,20:00,,,08:30,21:00,,,08:30,20:00,,,08:30,21:00,,,08:30,20:00,,,08:30,17:00,,,34.1787051,-118.5408292
"TARZANA TREATMENT CENTERS, INC.",,"18700 Oxnard Street,Tarzana, CA 91356",(800) 996-1051,https://www.tarzanatc.org,Yes,,,Youth; M; A; T; Parent/; Guardian (; Female) with; Children; Parent/; Guardian (; Male) with; Children; Perinatal; Co-; Occurring; Mental; Health; Capabilities; L; G; B; T; Q; I; A; Veterans; Homeless; Criminal; Justice,EnglishSpanish,Last Updated: 11/26/2025 8:57:57 AM,False,True,True,True,False,False,False,False,True,False,False,True,True,True,True,True,True,True,True,True,Closed,Closed,,,08:30,20:00,,,08:30,21:00,,,08:30,20:00,,,08:30,21:00,,,08:30,20:00,,,08:30,17:00,,,34.180112,-118.540882
"FRED BROWN'S RECOVERY SERVICES, INC.",,,(310) 519-8723,https://fredbrownrecovery.org/,No,RBHAdult - M: 0,,,English,Last Updated: 11/26/2025 8:15:42 AM,True,False,True,False,False,False,False,True,False,True,False,False,False,False,False,False,False,False,False,False,,,,,,,,,,,,,,,,,,,,,,,,,,,,,33.7315656,-118.2830317
WESTERN PACIFIC MED-CORP,,"7232 Canby Avenue, Suites 4,5,6,Reseda, CA 91335",(818) 705-5561,www.westpacmed.com,Yes,,,Adult; M; A; T,English,Last Updated: 11/26/2025 4:55:36 AM,True,False,True,False,False,False,True,False,False,True,False,False,True,False,False,False,False,False,False,False,06:00,21:00,,,06:00,14:30,,,06:00,14:30,,,06:00,14:30,,,06:00,14:30,,,06:00,14:30,,,06:00,21:00,,,34.200768,-118.5356869
"TARZANA TREATMENT CENTERS, INC.",,,(800) 996-1051,https://www.tarzanatc.org,No,RBHAdult - M: 2,,,English,Last Updated: 11/26/2025 8:57:56 AM,True,False,True,False,False,False,False,True,False,True,False,False,False,False,False,False,False,False,False,False,,,,,,,,,,,,,,,,,,,,,,,,,,,,,33.9220616,-118.2392221
"FRED BROWN'S RECOVERY SERVICES, INC.",,"505 South Pacific Avenue, Unit 104, 105, 106, 205, 206,San Pedro, CA 90731",(310) 833-7400,https://fredbrownrecovery.org/,Yes,,,Adult; Homeless; Criminal; Justice,EnglishSpanish,Last Updated: 11/26/2025 8:15:42 AM,False,True,True,False,False,False,False,False,False,True,False,False,False,False,False,False,True,True,False,False,Closed,Closed,,,08:00,21:00,,,08:00,21:00,,,08:00,21:00,,,08:00,21:00,,,08:00,16:30,,,08:00,16:30,,,33.7395131,-118.2879962
"FRED BROWN'S RECOVERY SERVICES, INC.",,,(310) 519-8723,https://fredbrownrecovery.org/,No,RBHAdult - F: 0,,,English,Last Updated: 11/26/2025 8:15:42 AM,True,False,True,False,False,False,False,False,True,True,False,False,False,False,False,False,False,False,False,False,,,,,,,,,,,,,,,,,,,,,,,,,,,,,33.7315656,-118.2830317
"FRED BROWN'S RECOVERY SERVICES, INC.",,,(310) 519-8723,https://fredbrownrecovery.org/,No,RBHAdult - F: 0,,,English,Last Updated: 11/26/2025 8:15:42 AM,True,False,True,False,False,False,False,False,True,True,False,False,False,False,False,False,False,False,False,False,,,,,,,,,,,,,,,,,,,,,,,,,,,,,33.7315656,-118.2830317
"FRED BROWN'S RECOVERY SERVICES, INC.",,,(310) 519-8723,https://fredbrownrecovery.org/,No,RBHAdult - F: 0,,,English,Last Updated: 11/26/2025 8:15:42 AM,True,False,True,False,False,False,False,False,True,True,False,False,False,False,False,False,False,False,False,False,,,,,,,,,,,,,,,,,,,,,,,,,,,,,33.7315656,-118.2830317
"FRED BROWN'S RECOVERY SERVICES, INC.",,,(310) 519-8723,https://fredbrownrecovery.org/,No,RBHAdult - F: 0,,,English,Last Updated: 11/26/2025 8:15:42 AM,True,False,True,False,False,False,False,False,True,True,False,False,False,False,False,False,False,False,False,False,,,,,,,,,,,,,,,,,,,,,,,,,,,,,33.7315656,-118.2830317
"HOUSE OF HOPE FOUNDATION, INC.",,,(310) 521-9209,https://www.houseofhopesp.org,No,RBHAdult - F: 0,,,English,Last Updated: 11/26/2025 9:45:49 AM,True,False,True,False,False,False,False,False,True,True,False,False,False,False,False,False,False,False,False,False,,,,,,,,,,,,,,,,,,,,,,,,,,,,,33.7359312,-118.2815917
"HOUSE OF HOPE FOUNDATION, INC.",,,(310) 521-9209,https://www.houseofhopesp.org,No,RBHAdult - F: 0,,,English,Last Updated: 11/26/2025 9:45:49 AM,True,False,True,False,False,False,False,False,True,True,False,False,False,False,False,False,False,False,False,False,,,,,,,,,,,,,,,,,,,,,,,,,,,,,33.7359312,-118.2815917
"HOUSE OF HOPE FOUNDATION, INC.",,,(310) 521-9209,https://www.houseofhopesp.org,No,RBHAdult - F: 0,,,English,Last Updated: 11/26/2025 9:45:49 AM,True,False,True,False,False,False,False,False,True,True,False,False,False,False,False,False,False,False,False,False,,,,,,,,,,,,,,,,,,,,,,,,,,,,,33.7359312,-118.2815917
"HOUSE OF HOPE FOUNDATION, INC.",,,(310) 831-9411,https://www.houseofhopesp.org,No,RBHAdult - F: 0,,,English,Last Updated: 11/26/2025 9:45:49 AM,True,False,True,False,False,False,False,False,True,True,False,False,False,False,False,False,False,False,False,False,,,,,,,,,,,,,,,,,,,,,,,,,,,,,33.7359312,-118.2815917
"HOUSE OF HOPE FOUNDATION, INC.",,,(310) 521-9209,https://www.houseofhopesp.org,No,RBHAdult - F: 0,,,English,Last Updated: 11/26/2025 9:45:49 AM,True,False,True,False,False,False,False,False,True,True,False,False,False,False,False,False,False,False,False,False,,,,,,,,,,,,,,,,,,,,,,,,,,,,,33.7359312,-118.2815917
"FRED BROWN'S RECOVERY SERVICES, INC.","Fred Brown Recovery Services, Inc",,(310) 519-8723,https://fredbrownrecovery.org/,No,RBHAdult - M: 0Adult - F: 0,,,English,Last Updated: 11/26/2025 8:15:41 AM,True,False,True,False,False,False,False,True,True,True,False,False,False,False,False,False,False,False,False,False,,,,,,,,,,,,,,,,,,,,,,,,,,,,,33.7315656,-118.2830317
"FRED BROWN'S RECOVERY SERVICES, INC.",,,(310) 519-8723,https://fredbrownrecovery.org/,No,RBHAdult - M: 0Adult - F: 0,,,English,Last Updated: 11/26/2025 8:15:42 AM,True,False,True,False,False,False,False,True,True,True,False,False,False,False,False,False,False,False,False,False,,,,,,,,,,,,,,,,,,,,,,,,,,,,,33.7315656,-118.2830317
"FRED BROWN'S RECOVERY SERVICES, INC.","Fred Brown Recovery Services, Inc",,(310) 519-8723,https://fredbrownrecovery.org/,No,RBHAdult - M: 0,,,English,Last Updated: 11/26/2025 8:15:41 AM,True,False,True,False,False,False,False,True,False,True,False,False,False,False,False,False,False,False,False,False,,,,,,,,,,,,,,,,,,,,,,,,,,,,,33.7315656,-118.2830317
"FRED BROWN'S RECOVERY SERVICES, INC.",,,(310) 519-8723,https://fredbrownrecovery.org/,No,RBHAdult - M: 0,,,English,Last Updated: 11/26/2025 8:15:41 AM,True,False,True,False,False,False,False,True,False,True,False,False,False,False,False,False,False,False,False,False,,,,,,,,,,,,,,,,,,,,,,,,,,,,,33.7315656,-118.2830317
"FRED BROWN'S RECOVERY SERVICES, INC.",,,(310) 519-8723,https://fredbrownrecovery.org/,No,RBHAdult - M: 0,,,English,Last Updated: 11/26/2025 8:15:41 AM,True,False,True,False,False,False,False,True,False,True,False,False,False,False,False,False,False,False,False,False,,,,,,,,,,,,,,,,,,,,,,,,,,,,,33.7315656,-118.2830317
"FRED BROWN'S RECOVERY SERVICES, INC.",,,(310) 519-8723,https://fredbrownrecovery.org/,No,RBHAdult - M: 0,,,English,Last Updated: 11/26/2025 8:15:42 AM,True,False,True,False,False,False,False,True,False,True,False,False,False,False,False,False,False,False,False,False,,,,,,,,,,,,,,,,,,,,,,,,,,,,,33.7315656,-118.2830317
"FRED BROWN'S RECOVERY SERVICES, INC.",,,(310) 519-8723,https://fredbrownrecovery.org/,No,RBHAdult - M: 0,,,English,Last Updated: 11/26/2025 8:15:42 AM,True,False,True,False,False,False,False,True,False,True,False,False,False,False,False,False,False,False,False,False,,,,,,,,,,,,,,,,,,,,,,,,,,,,,33.7315656,-118.2830317
"FRED BROWN'S RECOVERY SERVICES, INC.",,,(310) 519-8723,https://fredbrownrecovery.org/,No,RBHAdult - M: 0,,,English,Last Updated: 11/26/2025 8:15:42 AM,True,False,True,False,False,False,False,True,False,True,False,False,False,False,False,False,False,False,False,False,,,,,,,,,,,,,,,,,,,,,,,,,,,,,33.7315656,-118.2830317
"FRED BROWN'S RECOVERY SERVICES, INC.",,,(310) 519-8723,https://fredbrownrecovery.org/,No,RBHAdult - M: 0,,Developmentally; Disabled/; Delayed; Co-; Occurring; Mental; Health; Capabilities; L; G; B; T; Q; I; A; Homeless; Criminal; Justice,English,Last Updated: 11/26/2025 8:15:42 AM,True,False,True,False,False,False,False,True,False,True,False,False,False,True,True,False,True,True,False,False,,,,,,,,,,,,,,,,,,,,,,,,,,,,,33.7315656,-118.2830317
"FRED BROWN'S RECOVERY SERVICES, INC.",,,(310) 519-8723,https://fredbrownrecovery.org/,No,RBHAdult - M: 0,,Developmentally; Disabled/; Delayed; Co-; Occurring; Mental; Health; Capabilities; L; G; B; T; Q; I; A; Homeless; Criminal; Justice,English,Last Updated: 11/26/2025 8:15:42 AM,True,False,True,False,False,False,False,True,False,True,False,False,False,True,True,False,True,True,False,False,,,,,,,,,,,,,,,,,,,,,,,,,,,,,33.7315656,-118.2830317
"FRED BROWN'S RECOVERY SERVICES, INC.",,,(310) 519-8723,https://fredbrownrecovery.org/,No,RBHAdult - M: 0,,,English,Last Updated: 11/26/2025 8:15:42 AM,True,False,True,False,False,False,False,True,False,True,False,False,False,False,False,False,False,False,False,False,,,,,,,,,,,,,,,,,,,,,,,,,,,,,33.7315656,-118.2830317
"FRED BROWN'S RECOVERY SERVICES, INC.",,,(310) 519-8723,https://fredbrownrecovery.org/,No,RBHAdult - M: 0,,,English,Last Updated: 11/26/2025 8:15:42 AM,True,False,True,False,False,False,False,True,False,True,False,False,False,False,False,False,False,False,False,False,,,,,,,,,,,,,,,,,,,,,,,,,,,,,33.7315656,-118.2830317
"TARZANA TREATMENT CENTERS, INC.",,"7101 Baird Avenue,Reseda, CA 91335",(800) 996-1051,https://www.tarzanatc.org,Yes,,,Adult; M; A; T; Parent/; Guardian (; Female) with; Children; Parent/; Guardian (; Male) with; Children; Perinatal; Co-; Occurring; Mental; Health; Capabilities; L; G; B; T; Q; I; A; Veterans; Homeless; Criminal; Justice,EnglishSpanish,Last Updated: 11/26/2025 8:52:40 AM,False,True,True,True,False,False,False,False,True,True,False,False,True,True,True,True,True,True,True,True,Closed,Closed,,,08:30,20:00,,,08:30,21:00,,,08:30,20:00,,,08:30,21:00,,,08:30,20:00,,,08:30,17:00,,,34.199418,-118.537433
"FRED BROWN'S RECOVERY SERVICES, INC.",,,(310) 519-8723,https://fredbrownrecovery.org/,No,RBHAdult - F: 0,,,English,Last Updated: 11/26/2025 8:15:42 AM,True,False,True,False,False,False,False,False,True,True,False,False,False,False,False,False,False,False,False,False,,,,,,,,,,,,,,,,,,,,,,,,,,,,,33.7315656,-118.2830317
"TARZANA TREATMENT CENTERS, INC.",,,(800) 996-1051,https://www.tarzanatc.org,No,RBHAdult - F: 2,,,EnglishSpanish,Last Updated: 11/26/2025 9:03:08 AM,True,False,True,False,False,False,False,False,True,True,False,False,False,False,False,False,False,False,False,False,,,,,,,,,,,,,,,,,,,,,,,,,,,,,33.9220616,-118.2392221
"TARZANA TREATMENT CENTERS, INC.",,,(800) 996-1051,https://www.tarzanatc.org,No,RBHAdult - F: 2,,,English,Last Updated: 11/26/2025 8:57:56 AM,True,False,True,False,False,False,False,False,True,True,False,False,False,False,False,False,False,False,False,False,,,,,,,,,,,,,,,,,,,,,,,,,,,,,33.9220616,-118.2392221
"TARZANA TREATMENT CENTERS, INC.",,,(800) 996-1051,https://www.tarzanatc.org,No,RBHAdult - F: 2,,,English,Last Updated: 11/26/2025 8:57:56 AM,True,False,True,False,False,False,False,False,True,True,False,False,False,False,False,False,False,False,False,False,,,,,,,,,,,,,,,,,,,,,,,,,,,,,33.9220616,-118.2392221
"TARZANA TREATMENT CENTERS, INC.",,,(800) 996-1051,https://www.tarzanatc.org,No,RBHAdult - M: 2,,,English,Last Updated: 11/26/2025 9:03:08 AM,True,False,True,False,False,False,False,True,False,True,False,False,False,False,False,False,False,False,False,False,,,,,,,,,,,,,,,,,,,,,,,,,,,,,33.9220616,-118.2392221
"TARZANA TREATMENT CENTERS, INC.",,,(800) 996-1051,https://www.tarzanatc.org,No,RBHAdult - M: 2,,,English,Last Updated: 11/26/2025 9:03:08 AM,True,False,True,False,False,False,False,True,False,True,False,False,False,False,False,False,False,False,False,False,,,,,,,,,,,,,,,,,,,,,,,,,,,,,33.9220616,-118.2392221
"TARZANA TREATMENT CENTERS, INC.",,,(800) 996-1051,https://www.tarzanatc.org,No,RBHAdult - M: 2,,,English,Last Updated: 11/26/2025 8:57:56 AM,True,False,True,False,False,False,False,True,False,True,False,False,False,False,False,False,False,False,False,False,,,,,,,,,,,,,,,,,,,,,,,,,,,,,33.9220616,-118.2392221
"TARZANA TREATMENT CENTERS, INC.",,,(800) 996-1051,https://www.tarzanatc.org,No,RBHAdult - M: 2,,,EnglishSpanish,Last Updated: 11/26/2025 9:39:48 AM,True,False,True,False,False,False,False,True,False,True,False,False,False,False,False,False,False,False,False,False,,,,,,,,,,,,,,,,,,,,,,,,,,,,,33.9220616,-118.2392221
"SAFETY EDUCATION CENTER, INC.",,"18700 Sherman Way, Suite 117,Reseda, CA 91335",(818) 708-1198,,No,,,,EnglishSpanish,Last Updated: 5/21/2025 9:40:43 AM,False,False,True,False,False,False,False,False,False,False,False,False,False,False,False,False,False,False,False,False,,,,,,,,,,,,,,,,,,,,,,,,,,,,,34.200976,-118.540563
"TARZANA TREATMENT CENTERS, INC.",,"8330 Reseda Boulevard,Northridge, CA 91324",(800) 996-1051,https://www.tarzanatc.org,Yes,,,Adult; M; A; T; Parent/; Guardian (; Female) with; Children; Parent/; Guardian (; Male) with; Children; Perinatal; Co-; Occurring; Mental; Health; Capabilities; L; G; B; T; Q; I; A; Veterans; Homeless; Criminal; Justice,EnglishSpanish,Last Updated: 11/26/2025 8:52:40 AM,False,True,True,True,False,False,False,False,True,True,False,False,True,True,True,True,True,True,True,True,Closed,Closed,,,08:30,20:00,,,08:30,21:00,,,08:30,20:00,,,08:30,21:00,,,08:30,20:00,,,08:30,17:00,,,34.2214008,-118.5359802
"AEGIS TREATMENT CENTERS, LLC",,"1825 East Thelborn Street,West Covina, CA 91790",(626) 915-3844,http://www.aegistreatmentcenters.com/,Yes,,,M; A; T; Perinatal; Homeless,EnglishSpanish,Last Updated: 11/26/2025 8:50:40 AM,True,False,True,False,False,False,True,False,False,False,False,False,True,False,False,False,True,False,True,False,06:00,10:00,,,05:00,13:30,,,05:00,13:30,,,05:00,13:30,,,05:00,13:30,,,05:00,13:30,,,06:00,10:00,,,34.0773812,-117.9073915
"SOCIAL MODEL RECOVERY SYSTEMS, INC.",,,(877) 507-6242,https://www.socialmodelrecovery.org/,No,RBHAdult - F: 0,,,English,Last Updated: 11/26/2025 8:23:35 AM,True,False,True,False,False,False,False,False,True,True,False,False,False,False,False,False,False,False,False,False,,,,,,,,,,,,,,,,,,,,,,,,,,,,,34.0613924,-118.2719932
"TARZANA TREATMENT CENTERS, INC.",,,(800) 996-1051,https://www.tarzanatc.org,No,RBHAdult - M: 2,,,EnglishSpanish,Last Updated: 11/26/2025 9:39:48 AM,True,False,True,False,False,False,False,True,False,True,False,False,False,False,False,False,False,False,False,False,,,,,,,,,,,,,,,,,,,,,,,,,,,,,33.9220616,-118.2392221
"SOCIAL MODEL RECOVERY SYSTEMS, INC.",STEPPING STONES HOME,"17719 East Cypress Street,Covina, CA 91722",(877) 507-6242,https://www.socialmodelrecovery.org/,No,RS(3.1)Adult - F: 0RS(3.5)Adult - F: 0R-WMAdult - F: 1,,Adult; Women; M; A; T; Parent/; Guardian (; Female) with; Children; Perinatal; L; G; B; T; Q; I; A,EnglishSpanish,Last Updated: 11/26/2025 4:39:12 PM,True,False,True,False,True,False,False,False,True,True,False,False,True,False,True,False,False,False,True,True,08:00,22:00,,,08:00,22:00,,,08:00,22:00,,,08:00,22:00,,,08:00,22:00,,,08:00,22:00,,,08:00,22:00,,,34.0958062,-117.9034476
"SOCIAL MODEL RECOVERY SYSTEMS, INC.",Stepping Stones,"17727 East Cypress Street,Covina, CA 91722",(877) 507-6242,https://www.socialmodelrecovery.org/,No,RS(3.1)Adult - F: 4RS(3.5)Adult - F: 4R-WMAdult - F: 0,,Adult; Women; Parent/; Guardian (; Female) with; Children; Co-; Occurring; Mental; Health; Capabilities; L; G; B; T; Q; I; A; Homeless; Criminal; Justice,EnglishSpanish,Last Updated: 11/26/2025 4:39:12 PM,True,False,True,False,True,False,False,False,True,True,False,False,False,True,True,False,True,True,False,True,09:00,19:00,,,09:00,19:00,,,09:00,19:00,,,09:00,19:00,,,09:00,19:00,,,09:00,19:00,,,09:00,19:00,,,34.0958063,-117.9032835
ABC TRAFFIC SAFETY PROGRAM,,"453 East Arrow Highway, Suite I,Azusa, CA 91702",(626) 967-6363,,No,,,,EnglishSpanish,Last Updated: 10/8/2024 10:36:18 AM,False,False,True,False,False,False,False,False,False,False,False,False,False,False,False,False,False,False,False,False,,,,,,,,,,,,,,,,,,,,,,,,,,,,,34.1067176,-117.8993896
"TARZANA TREATMENT CENTERS, INC.",,,(800) 996-1051,https://www.tarzanatc.org,No,RBHAdult - F: 2,,,English,Last Updated: 11/26/2025 9:03:07 AM,True,False,True,False,False,False,False,False,True,True,False,False,False,False,False,False,False,False,False,False,,,,,,,,,,,,,,,,,,,,,,,,,,,,,33.9220616,-118.2392221
"SOCIAL MODEL RECOVERY SYSTEMS, INC.",River Community Covina,"510 South Second Avenue, Suites 6 & 7,Covina, CA 91723",(877) 507-6242,https://www.socialmodelrecovery.org/,Yes,,,Adult; M; A; T; Co-; Occurring; Mental; Health; Capabilities; L; G; B; T; Q; I; A; Criminal; Justice,EnglishSpanish,Last Updated: 11/25/2025 9:43:54 AM,True,False,True,False,False,False,False,False,False,True,False,False,True,True,True,False,False,True,False,False,Closed,Closed,,,08:00,16:30,,,08:00,21:00,,,08:00,21:00,,,08:00,16:30,,,08:00,16:30,,,08:00,16:30,,,34.0877926,-117.8891164
CENTER FOR INTEGRATED FAMILY AND HEALTH SERVICES,CIFHS The Family Center,"540 South Eremland Drive, Suites A-D,Covina, CA 91723",(626) 966-1577,https://www.cifhs.org,Yes,,,Adult; Youth; Co-; Occurring; Mental; Health; Capabilities; Criminal; Justice,EnglishSpanish,Last Updated: 11/12/2025 2:57:33 PM,False,True,True,False,False,False,False,False,False,True,False,True,False,True,False,False,False,True,False,False,Closed,Closed,,,09:00,21:00,,,09:00,18:00,,,09:00,18:00,,,09:00,21:00,,,09:00,17:00,,,09:00,17:00,,,34.0877926,-117.8891164
TAVARUA MEDICAL REHABILITATION SERVICES D.B.A. AZUSA MEDICAL AND MENTAL HEALTH SERVICES,,"474 South Citrus Avenue,Azusa, CA 91702",(626) 858-9500,http://www.americanhealthservices.org/,Yes,,,Adult; M; A; T,EnglishSpanish,Last Updated: 11/24/2025 8:03:37 AM,True,False,True,False,False,False,True,False,False,True,False,False,True,False,False,False,False,False,False,False,07:00,09:00,,,05:30,14:00,,,05:30,14:00,,,05:30,14:00,,,05:30,14:00,,,05:30,14:00,,,07:00,09:00,,,34.1152147,-117.8900922
"TARZANA TREATMENT CENTERS, INC.",,,(800) 996-1051,https://www.tarzanatc.org,No,RBHAdult - M: 2,,,English,Last Updated: 11/26/2025 9:03:07 AM,True,False,True,False,False,False,False,True,False,True,False,False,False,False,False,False,False,False,False,False,,,,,,,,,,,,,,,,,,,,,,,,,,,,,33.9220616,-118.2392221
"TARZANA TREATMENT CENTERS, INC.","Tarzana Treatment Center, Inc",,(800) 996-1051,https://www.tarzanatc.org,No,RBHAdult - M: 2,,,English,Last Updated: 11/26/2025 9:03:07 AM,True,False,True,False,False,False,False,True,False,True,False,False,False,False,False,False,False,False,False,False,,,,,,,,,,,,,,,,,,,,,,,,,,,,,33.9220616,-118.2392221
"TARZANA TREATMENT CENTERS, INC.",,"Winnetka, CA 91306",(800) 996-1051,https://www.tarzanatc.org,No,RBHAdult - M: 2,,,EnglishSpanish,Last Updated: 11/26/2025 8:51:27 AM,True,False,True,False,False,False,False,True,False,True,False,False,False,False,False,False,False,False,False,False,,,,,,,,,,,,,,,,,,,,,,,,,,,,,34.2013207,-118.5711037
"TARZANA TREATMENT CENTERS, INC.",,,(800) 996-1051,https://www.tarzanatc.org,No,RBHAdult - M: 2,,,English,Last Updated: 11/26/2025 8:57:57 AM,True,False,True,False,False,False,False,True,False,True,False,False,False,False,False,False,False,False,False,False,,,,,,,,,,,,,,,,,,,,,,,,,,,,,33.9220616,-118.2392221
"TARZANA TREATMENT CENTERS, INC.",,"6022 Variel Avenue,Woodland Hills, CA 91367",(800) 996-1051,https://www.tarzanatc.org,Yes,,,M; A; T; Parent/; Guardian (; Female) with; Children; Parent/; Guardian (; Male) with; Children; Perinatal; Physically; Disabled; Co-; Occurring; Mental; Health; Capabilities; L; G; B; T; Q; I; A; Veterans; Homeless; Criminal; Justice; Sexually-; Exploited,American Sign LanguageEnglishFarsi,Last Updated: 11/26/2025 9:39:48 AM,False,True,True,True,False,False,False,False,True,False,False,False,True,True,True,True,True,True,True,True,Closed,Closed,,,08:30,20:00,,,08:30,21:00,,,08:30,20:00,,,08:30,21:00,,,08:30,20:00,,,Closed,Closed,,,34.1797476,-118.592674
"NATIONAL COUNCIL ON ALCOHOLISM AND DRUG DEPENDENCE OF EAST SAN GABRIEL AND POMONA VALLEYS, INC.",,"4626 North Grand Avenue,Covina, CA 91724",(626) 331-5316,https://www.ncaddesgpv.org,Yes,,,Adult; Youth,EnglishSpanish,Last Updated: 11/24/2025 9:16:01 AM,True,False,True,False,False,False,False,False,False,True,False,True,False,False,False,False,False,False,False,False,Closed,Closed,,,08:00,21:00,,,08:00,17:30,,,08:00,17:30,,,08:00,21:00,,,08:00,17:30,,,08:30,18:30,,,34.1049391,-117.8725475
"TARZANA TREATMENT CENTERS, INC.",,,(800) 996-1051,https://www.tarzanatc.org,No,RBHAdult - M: 2,,,English,Last Updated: 11/26/2025 8:57:57 AM,True,False,True,False,False,False,False,True,False,True,False,False,False,False,False,False,False,False,False,False,,,,,,,,,,,,,,,,,,,,,,,,,,,,,33.9220616,-118.2392221
"TARZANA TREATMENT CENTERS, INC.",,,(800) 996-1051,https://www.tarzanatc.org,No,RBHAdult - M: 2,,,EnglishSpanish,Last Updated: 11/26/2025 8:57:57 AM,True,False,True,False,False,False,False,True,False,True,False,False,False,False,False,False,False,False,False,False,,,,,,,,,,,,,,,,,,,,,,,,,,,,,33.9220616,-118.2392221
"CALIFORNIA DIVERSION PROGRAMS, INC.",,"21054 Sherman Way, Suite 205 ,Canoga Park, CA 91303",(818) 716-0188,,No,,,,EnglishSpanish,Last Updated: 6/30/2017 8:26:04 AM,False,False,True,False,False,False,False,False,False,False,False,False,False,False,False,False,False,False,False,False,,,,,,,,,,,,,,,,,,,,,,,,,,,,,34.2012374,-118.5918004
"TARZANA TREATMENT CENTERS, INC.",,,(800) 996-1051,https://www.tarzanatc.org,No,RBHAdult - M: 2,,,English,Last Updated: 11/26/2025 8:51:27 AM,True,False,True,False,False,False,False,True,False,True,False,False,False,False,False,False,False,False,False,False,,,,,,,,,,,,,,,,,,,,,,,,,,,,,33.9220616,-118.2392221
"RANCHO SAN ANTONIO BOYS HOME, INC.",,"21000 Plummer Street,Chatsworth, CA 91311",(818) 882-6400,https://ranchosanantonio.org/,Yes,,,Youth; Parent/; Guardian (; Female) with; Children; Parent/; Guardian (; Male) with; Children; Perinatal; Co-; Occurring; Mental; Health; Capabilities; L; G; B; T; Q; I; A; Criminal; Justice; Sexually-; Exploited,EnglishSpanish,Last Updated: 11/25/2025 11:34:27 AM,False,True,True,True,False,False,False,False,True,False,False,True,False,True,True,False,False,True,True,True,11:00,15:00,,,11:00,15:00,,,11:00,21:00,,,11:00,15:00,,,11:00,21:00,,,11:00,15:00,,,Closed,Closed,,,34.242636,-118.590315
"ALT RECOVERY GROUP 2, LLC",,"20946 Devonshire Street, 100,Chatsworth, CA 91311",(818) 626-8053,http://www.altrecoverygroup.com,Yes,,,M; A; T; Parent/; Guardian (; Female) with; Children; Parent/; Guardian (; Male) with; Children; Perinatal; Physically; Disabled,English,Last Updated: 11/8/2022 6:13:47 AM,True,False,True,False,False,False,True,False,True,False,False,False,True,False,False,False,False,False,True,True,08:00,10:00,,,05:00,11:00,,,05:00,11:00,,,05:00,11:00,,,05:00,11:00,,,05:00,11:00,,,08:00,10:00,,,34.2571601,-118.5896007
"SOCIAL MODEL RECOVERY SYSTEMS, INC.",Paseo House,,(877) 507-6242,https://www.socialmodelrecovery.org/,No,RBHAdult - M: 0,,,English,Last Updated: 11/26/2025 8:23:35 AM,True,False,True,False,False,False,False,True,False,True,False,False,False,False,False,False,False,False,False,False,,,,,,,,,,,,,,,,,,,,,,,,,,,,,34.0613924,-118.2719932
"SAFETY CONSULTANT SERVICES, INC.",,"25044 Peachland Avenue, Suite 207,Newhall, CA 91321",(661) 255-7720,,No,,,,English,Last Updated: 5/7/2024 2:02:10 PM,False,False,True,False,False,False,False,False,False,False,False,False,False,False,False,False,False,False,False,False,,,,,,,,,,,,,,,,,,,,,,,,,,,,,34.3798765,-118.5291917
CHILD & FAMILY CENTER,,"21545 Centre Pointe Parkway,Santa Clarita, CA 91350",(661) 481-2801,https://www.childfamilycenter.org/,Yes,,,Youth; Co-; Occurring; Mental; Health; Capabilities; Criminal; Justice; Sexually-; Exploited,EnglishSpanish,Last Updated: 11/26/2025 8:40:46 AM,False,True,True,False,False,False,False,False,False,False,False,True,False,True,False,False,False,True,False,False,Closed,Closed,,,10:00,18:00,,,10:00,18:00,,,10:00,18:00,,,10:00,18:00,,,10:00,15:00,,,Closed,Closed,,,34.4135904,-118.5143449
"BEHAVIORAL HEALTH SERVICES, INC.",American Recovery Center,"2180 West Valley Boulevard, Floors 100, 300 and 400,Pomona, CA 91768",(909) 865-2336,http://bhs-inc.org/,Yes,RS(3.1)Adult - M: 0Adult - F: 0RS(3.3)Adult - M: 0Adult - F: 0RS(3.5)Adult - M: 0Adult - F: 0R-WMAdult - M: 0Adult - F: 0,,Parent/; Guardian (; Female) with; Children; Parent/; Guardian (; Male) with; Children; Perinatal; Developmentally; Disabled/; Delayed; Co-; Occurring; Mental; Health; Capabilities; Criminal; Justice,EnglishSpanish,Last Updated: 11/26/2025 7:33:26 AM,True,False,True,False,True,False,False,True,True,True,False,False,False,True,False,False,False,True,True,True,Closed,Closed,,,07:00,19:00,,,07:00,21:00,,,07:00,21:00,,,07:00,21:00,,,07:00,19:00,,,07:00,16:00,,,34.0553813,-117.7517496
"BEHAVIORAL HEALTH SERVICES, INC.",American Recovery Center Outpatient Program,"2180 West Valley Boulevard, Outpatient Office, Meeting Room, Ground Floor,Pomona, CA 91768",(909) 865-2336,http://bhs-inc.org/,Yes,,,Adult,EnglishSpanish,Last Updated: 11/26/2025 7:33:26 AM,False,True,True,True,False,False,False,False,False,True,False,False,False,False,False,False,False,False,False,False,Closed,Closed,,,09:00,18:00,,,09:00,21:00,,,09:00,18:00,,,09:00,21:00,,,08:00,17:00,,,08:00,17:00,,,34.0553813,-117.7517496
"BEHAVIORAL HEALTH SERVICES, INC.",American Recovery Center,"2180 West Valley Boulevard, Floor 200,Pomona, CA 91768",(909) 865-2336,http://bhs-inc.org/,Yes,RS(3.1)Adult - M: 0Adult - F: 0RS(3.3)Adult - M: 0Adult - F: 0RS(3.5)Adult - M: 0Adult - F: 0R-WMAdult - M: 0Adult - F: 0I-WMAdult - M: 0Adult - F: 0,,M; A; T; Parent/; Guardian (; Female) with; Children; Parent/; Guardian (; Male) with; Children; Perinatal; Developmentally; Disabled/; Delayed; Co-; Occurring; Mental; Health; Capabilities; Criminal; Justice,EnglishSpanish,Last Updated: 11/26/2025 7:33:26 AM,True,False,True,False,True,True,False,True,True,True,False,False,True,True,False,False,False,True,True,True,Closed,Closed,,,07:00,19:00,,,07:00,21:00,,,07:00,21:00,,,07:00,21:00,,,07:00,19:00,,,07:00,16:00,,,34.0553813,-117.7517496
NATIONAL COUNCIL ON ALCOHOLISM AND DRUG DEPENDENCE OF THE SAN FERNANDO VALLEY,,"24460 Lyons Avenue,Santa Clarita, CA 91321",(661) 253-9400,https://www.ncadd-sfv.org,Yes,,,Adult; Women; Perinatal; Co-; Occurring; Mental; Health; Capabilities; Criminal; Justice,English,Last Updated: 11/26/2025 8:40:43 AM,True,False,True,False,False,False,False,False,False,True,False,False,False,True,False,False,False,True,True,False,Closed,Closed,,,09:30,19:30,,,09:30,19:30,,,09:30,19:30,,,09:30,19:30,,,09:00,17:30,,,09:00,17:30,,,34.3781771,-118.5621926
REHABILITATION ALCOHOL PROGRAM,,"1025 Sentinel Drive, Suite 100,La Verne, CA 91750",(909) 596-5335,,No,,,,EnglishSpanish,Last Updated: 4/30/2025 11:41:51 AM,False,False,True,False,False,False,False,False,False,False,False,False,False,False,False,False,False,False,False,False,,,,,,,,,,,,,,,,,,,,,,,,,,,,,34.1189689,-117.7853725
"ACTION FAMILY COUNSELING-SCV, INC.",Action Family Counseling,"22722 Soledad Canyon Road,Santa Clarita, CA 91350",(800) 367-8336,https://www.actiondrugrehabs.com,Yes,,,Adult; Youth; Parent/; Guardian (; Female) with; Children; Parent/; Guardian (; Male) with; Children; Perinatal; Co-; Occurring; Mental; Health; Capabilities; L; G; B; T; Q; I; A; Veterans; Homeless,English,Last Updated: 11/26/2025 9:12:22 AM,False,True,True,False,False,False,False,False,True,True,False,True,False,True,True,True,True,False,True,True,Closed,Closed,,,09:00,21:00,,,09:00,21:00,,,09:00,21:00,,,09:00,21:00,,,09:00,21:00,,,09:00,17:00,,,34.4213348,-118.5336815
"TARZANA TREATMENT CENTERS, INC.",,,(800) 996-1051,https://www.tarzanatc.org,No,RBHAdult - M: 2Adult - F: 0,,,English,Last Updated: 11/26/2025 8:57:57 AM,True,False,True,False,False,False,False,True,True,True,False,False,False,False,False,False,False,False,False,False,,,,,,,,,,,,,,,,,,,,,,,,,,,,,33.9220616,-118.2392221
"SOCIAL MODEL RECOVERY SYSTEMS, INC.",River Community,"23701 East Fork Road,Azusa, CA 91702",(877) 507-6242,https://www.socialmodelrecovery.org/,Yes,RS(3.3)Adult - M: 0Adult - F: 0RS(3.5)Adult - M: 0Adult - F: 0,,M; A; T; Co-; Occurring; Mental; Health; Capabilities,English,Last Updated: 11/26/2025 1:27:45 PM,True,False,True,False,False,False,False,True,True,True,False,False,True,True,False,False,False,False,False,False,Closed,Closed,,,08:00,17:30,,,08:00,17:30,,,08:00,17:30,,,08:00,17:30,,,08:00,17:30,,,Closed,Closed,,,34.1338751,-117.9056046
HEALTHRIGHT 360,Prototypes RBH Saticoy,,(909) 621-9052,https://www.healthright360.org/,No,RBHAdult - F: 0,,Homeless,English,Last Updated: 11/25/2025 7:01:20 AM,True,False,True,False,False,False,False,False,True,True,False,False,False,False,False,False,True,False,False,False,,,,,,,,,,,,,,,,,,,,,,,,,,,,,33.9220616,-118.2392221
"NATIONAL COUNCIL ON ALCOHOLISM AND DRUG DEPENDENCE OF EAST SAN GABRIEL AND POMONA VALLEYS, INC.",,"656 North Park Avenue,Pomona, CA 91768",(909) 629-4084,https://www.ncaddesgpv.org,Yes,,,Adult; Youth,English,Last Updated: 11/19/2025 9:55:14 AM,True,False,True,False,False,False,False,False,False,True,False,True,False,False,False,False,False,False,False,False,Closed,Closed,,,09:00,19:00,,,09:00,19:00,,,09:00,21:00,,,09:00,21:00,,,09:00,19:00,,,09:00,19:00,,,34.0640018,-117.7546261
"PHOENIX HOUSES OF LOS ANGELES, INC.",Phoenix House of Orange County,"1207 East Fruit Street,Santa Ana, CA 92701",(714) 953-9373,https://phoenixhouseca.org/,Yes,RS(3.1)Adult - M: 0Adult - F: 2RS(3.5)Adult - M: 0Adult - F: 2R-WMAdult - F: 2,,Adult; M; A; T; L; G; B; T; Q; I; A; Veterans; Criminal; Justice,EnglishFarsiSpanish,Last Updated: 11/26/2025 9:02:47 AM,True,False,True,False,True,False,False,True,True,True,False,False,True,False,True,True,False,True,False,False,00:00,23:30,,,00:00,23:30,,,00:00,23:30,,,00:00,23:30,,,00:00,23:30,,,00:00,23:30,,,00:00,23:30,,,33.7530323,-117.853489
"AEGIS TREATMENT CENTERS, LLC",,"1050 North Garey Avenue,Pomona, CA 91767",(909) 623-6391,http://www.aegistreatmentcenters.com/,Yes,,,M; A; T; Perinatal; Homeless,EnglishSpanish,Last Updated: 11/26/2025 8:50:40 AM,True,False,True,False,False,False,True,False,False,False,False,False,True,False,False,False,True,False,True,False,06:00,10:00,,,05:00,09:00,,,05:00,09:00,,,05:00,09:00,,,05:00,09:00,,,05:00,09:00,,,06:00,10:00,,,34.0682287,-117.7519343
HEALTHRIGHT 360,,,(909) 624-1233,https://www.healthright360.org/,No,RBHAdult - F: 0,,,English,Last Updated: 11/25/2025 7:01:20 AM,True,False,True,False,False,False,False,False,True,True,False,False,False,False,False,False,False,False,False,False,,,,,,,,,,,,,,,,,,,,,,,,,,,,,33.9220616,-118.2392221
HEALTHRIGHT 360,,,(909) 624-1233,https://www.healthright360.org/,No,RBHAdult - F: 0,,,English,Last Updated: 11/25/2025 7:01:20 AM,True,False,True,False,False,False,False,False,True,True,False,False,False,False,False,False,False,False,False,False,,,,,,,,,,,,,,,,,,,,,,,,,,,,,33.9220616,-118.2392221
HEALTHRIGHT 360,,,(909) 624-1233,https://www.healthright360.org/,No,RBHAdult - F: 0Youth - F: 0,,,English,Last Updated: 11/25/2025 7:01:20 AM,True,False,True,False,False,False,False,False,True,True,False,True,False,False,False,False,False,False,False,False,,,,,,,,,,,,,,,,,,,,,,,,,,,,,33.9220616,-118.2392221
"BEHAVIORAL HEALTH SERVICES, INC.",ARCH HOUSE,,(909) 865-1831,http://bhs-inc.org/,No,RBHAdult - M: 0Adult - F: 0,,,EnglishSpanish,Last Updated: 11/26/2025 7:33:26 AM,True,False,True,False,False,False,False,True,True,True,False,False,False,False,False,False,False,False,False,False,,,,,,,,,,,,,,,,,,,,,,,,,,,,,34.0188584,-118.2042581
HEALTHRIGHT 360,PROTOTYPES,"831 East Arrow Highway,Pomona, CA 91767",(909) 634-2950,https://www.healthright360.org/,Yes,,,Adult; Women; M; A; T; Parent/; Guardian (; Female) with; Children; Parent/; Guardian (; Male) with; Children; Perinatal; Physically; Disabled; Developmentally; Disabled/; Delayed; Co-; Occurring; Mental; Health; Capabilities; Homeless; Criminal; Justice; Sexually-; Exploited,EnglishSpanish,Last Updated: 11/24/2025 9:59:13 AM,False,True,True,False,False,False,False,False,True,True,False,False,True,True,False,False,True,True,True,True,Closed,Closed,,,08:00,21:00,,,08:00,21:00,,,08:00,21:00,,,08:00,21:00,,,08:00,21:00,,,08:00,20:00,,,34.0553813,-117.7517496
HEALTHRIGHT 360,Prototypes,"845 East Arrow Highway,Pomona, CA 91767",(909) 634-2950,https://www.healthright360.org/,Yes,RS(3.1)Adult - F: 0RS(3.3)Adult - F: 0RS(3.5)Adult - F: 0,,Adult; Women; M; A; T; Parent/; Guardian (; Female) with; Children; Perinatal; Physically; Disabled; Developmentally; Disabled/; Delayed; Co-; Occurring; Mental; Health; Capabilities; Homeless; Criminal; Justice,EnglishSpanish,Last Updated: 11/25/2025 7:01:23 AM,True,False,True,False,False,False,False,False,True,True,False,False,True,True,False,False,True,True,True,True,Closed,Closed,,,09:00,15:00,,,09:00,15:00,,,09:00,15:00,,,09:00,15:00,,,Closed,Closed,,,Closed,Closed,,,34.0553813,-117.7517496
"TARZANA TREATMENT CENTERS, INC.",,"320 East Palmdale Boulevard,Palmdale, CA 93550",(800) 996-1051,https://www.tarzanatc.org,Yes,,,M; A; T; Parent/; Guardian (; Female) with; Children; Parent/; Guardian (; Male) with; Children; Perinatal; Physically; Disabled; Co-; Occurring; Mental; Health; Capabilities; Homeless; Criminal; Justice; Sexually-; Exploited,EnglishSpanish,Last Updated: 11/26/2025 8:56:00 AM,False,True,True,True,False,False,True,False,True,False,False,False,True,True,False,False,True,True,True,True,Closed,Closed,,,08:30,20:00,,,08:30,21:00,,,08:30,20:00,,,08:30,21:00,,,08:30,20:00,,,08:30,17:00,,,34.5797747,-118.1243362
"TARZANA TREATMENT CENTERS, INC.",,"1037 East Palmdale Boulevard,Palmdale, CA 93550",(800) 996-1051,https://www.tarzanatc.org,Yes,,,M; A; T; Perinatal; Physically; Disabled; Co-; Occurring; Mental; Health; Capabilities; L; G; B; T; Q; I; A; Veterans; Homeless; Sexually-; Exploited,EnglishSpanish,Last Updated: 11/26/2025 8:57:57 AM,False,True,True,False,False,False,False,False,False,False,False,False,True,True,True,True,True,False,True,False,Closed,Closed,,,08:30,20:00,,,08:30,21:00,,,08:30,08:00,,,08:30,21:00,,,08:30,08:00,,,08:30,17:00,,,34.5796531,-118.1104214
AMERICAN HEALTH SERVICES LLC,,"2720 East Palmdale Boulevard, Suites 129, 130, 131,Palmdale, CA 93550",(661) 947-3333,http://www.americanhealthservices.org,Yes,,,Adult; M; A; T; Homeless,EnglishSpanish,Last Updated: 11/24/2025 8:03:37 AM,True,False,True,False,False,False,True,False,False,True,False,False,True,False,False,False,True,False,False,False,09:00,10:00,,,06:00,14:30,,,06:00,14:30,,,06:00,14:30,,,06:00,14:30,,,06:00,14:30,,,09:00,10:00,,,34.5793131,-118.11711
INLAND VALLEY DRUG AND ALCOHOL RECOVERY SERVICES,,"934 North Mountain Avenue, Suites A, B, C, & D,Upland, CA 91786",(909) 949-4667,https://www.inlandvalleyrecovery.org,Yes,,,Adult; M; A; T; Parent/; Guardian (; Female) with; Children; Parent/; Guardian (; Male) with; Children; Perinatal; Physically; Disabled; Developmentally; Disabled/; Delayed; Co-; Occurring; Mental; Health; Capabilities; Criminal; Justice,EnglishSpanish,Last Updated: 11/25/2025 10:48:52 AM,False,True,True,False,False,False,False,False,True,True,False,False,True,True,False,False,False,True,True,True,Closed,Closed,,,09:00,22:00,,,09:00,22:00,,,09:00,22:00,,,09:00,22:00,,,09:00,22:00,,,09:00,22:00,,,34.09751,-117.6483876
INLAND VALLEY DRUG AND ALCOHOL RECOVERY SERVICES,,"1260 East Arrow Highway, Building B & C,Upland, CA 91786",(909) 932-1069,https://www.inlandvalleyrecovery.org,Yes,RS(3.1)Adult - M: 0Adult - F: 0RS(3.5)Adult - M: 0Adult - F: 1R-WMAdult - M: 0Adult - F: 0,,M; A; T; Parent/; Guardian (; Female) with; Children; Parent/; Guardian (; Male) with; Children; Perinatal; Physically; Disabled; Developmentally; Disabled/; Delayed; Co-; Occurring; Mental; Health; Capabilities; Criminal; Justice,English,Last Updated: 11/26/2025 10:40:01 AM,True,False,True,False,True,False,False,True,True,True,False,False,True,True,False,False,False,True,True,True,00:00,23:59,,,00:00,23:59,,,00:00,23:59,,,00:00,23:59,,,00:00,23:59,,,00:00,23:59,,,00:00,23:59,,,34.09751,-117.6483876
PENNY LANE CENTERS,,"43520 Division Street,Lancaster, CA 93535",(818) 430-4445,https://www.pennylane.org,Yes,,,Adult; Youth; Co-; Occurring; Mental; Health; Capabilities; L; G; B; T; Q; I; A; Homeless; Criminal; Justice; Sexually-; Exploited,EnglishSpanish,Last Updated: 11/21/2025 8:30:23 AM,False,True,True,False,False,False,False,False,False,True,False,True,False,True,True,False,True,True,False,False,Closed,Closed,,,08:00,20:00,,,08:00,21:00,,,08:00,20:00,,,08:00,21:00,,,08:00,18:00,,,09:00,17:00,,,34.6734842,-118.1296628
"TARZANA TREATMENT CENTERS, INC.",,,(800) 996-1051,https://www.tarzanatc.org,No,RBHAdult - M: 2,,,English,Last Updated: 11/26/2025 8:59:00 AM,True,False,True,False,False,False,False,True,False,True,False,False,False,False,False,False,False,False,False,False,,,,,,,,,,,,,,,,,,,,,,,,,,,,,33.9220616,-118.2392221
"TARZANA TREATMENT CENTERS, INC.","Tarzana Treatment Center, Inc",,(800) 996-1051,https://www.tarzanatc.org,Yes,RBHAdult - M: 2Adult - F: 0,,,English,Last Updated: 11/26/2025 8:59:00 AM,True,False,True,False,False,False,False,True,True,True,False,False,False,False,False,False,False,False,False,False,,,,,,,,,,,,,,,,,,,,,,,,,,,,,33.9220616,-118.2392221
"NEW DIRECTIONS ALCOHOL AND DRUG SERVICES, INC.",,"1331 West Avenue J, Suite 206,Lancaster, CA 93534",(661) 802-7167,https://newdirectionz.org,Yes,,,Perinatal,English,Last Updated: 11/26/2025 9:07:14 AM,False,True,True,False,False,False,False,False,False,False,False,False,False,False,False,False,False,False,True,False,Closed,Closed,,,09:00,19:00,,,09:00,21:00,,,09:00,19:00,,,09:00,21:00,,,09:00,19:00,,,09:00,17:00,,,34.6895439,-118.154858
"TARZANA TREATMENT CENTERS, INC.",,"44421 10th Street, West,Lancaster, CA 93534",(800) 996-1051,https://www.tarzanatc.org,Yes,,,M; A; T; Parent/; Guardian (; Female) with; Children; Parent/; Guardian (; Male) with; Children; Perinatal; Physically; Disabled; Co-; Occurring; Mental; Health; Capabilities; Veterans; Homeless; Sexually-; Exploited,EnglishRussianSpanish,Last Updated: 11/26/2025 8:56:00 AM,False,True,True,True,False,False,False,False,True,False,False,False,True,True,False,True,True,False,True,True,Closed,Closed,,,08:00,20:00,,,08:30,21:00,,,08:00,20:00,,,08:30,21:00,,,08:30,17:00,,,09:00,17:00,,,34.690747,-118.1481227
"TARZANA TREATMENT CENTERS, INC.",,"44443 North 10th Street, West, Suite A,Lancaster, CA 93534",(800) 996-1051,https://www.tarzanatc.org,Yes,,,Youth; M; A; T; Parent/; Guardian (; Female) with; Children; Parent/; Guardian (; Male) with; Children; Perinatal; Co-; Occurring; Mental; Health; Capabilities; L; G; B; T; Q; I; A; Veterans; Homeless; Criminal; Justice,EnglishSpanish,Last Updated: 11/26/2025 8:56:00 AM,False,True,True,True,False,False,False,False,True,False,False,True,True,True,True,True,True,True,True,True,Closed,Closed,,,08:30,20:00,,,08:30,21:00,,,08:30,20:00,,,08:30,21:00,,,08:30,20:00,,,08:30,17:00,,,34.6909267,-118.1481222
"TARZANA TREATMENT CENTERS, INC.",,"44447 North 10th Street, Building D,Lancaster, CA 93534",(800) 996-1051,https://www.tarzanatc.org,Yes,,,Youth; M; A; T; Perinatal; Physically; Disabled; Co-; Occurring; Mental; Health; Capabilities; L; G; B; T; Q; I; A; Homeless; Criminal; Justice; Sexually-; Exploited,EnglishSpanish,Last Updated: 11/19/2025 8:07:54 AM,False,True,True,False,False,False,False,False,False,False,False,True,True,True,True,False,True,True,True,False,Closed,Closed,,,08:30,19:00,,,08:30,21:00,,,08:30,19:00,,,08:30,21:00,,,08:30,17:00,,,08:30,17:00,,,34.6909593,-118.1481222
"TARZANA TREATMENT CENTERS, INC.",,"44447 North 10th Street, West, Building A,Lancaster, CA 93534",(800) 996-1051,https://www.tarzanatc.org,Yes,,,Adult; M; A; T; Parent/; Guardian (; Female) with; Children; Parent/; Guardian (; Male) with; Children; Perinatal; Co-; Occurring; Mental; Health; Capabilities; L; G; B; T; Q; I; A; Veterans; Homeless; Criminal; Justice,EnglishSpanish,Last Updated: 11/26/2025 8:56:00 AM,False,True,True,True,False,False,False,False,True,True,False,False,True,True,True,True,True,True,True,True,Closed,Closed,,,08:30,20:00,,,08:30,21:00,,,08:30,20:00,,,08:30,21:00,,,08:30,20:00,,,08:30,17:00,,,34.6909593,-118.1481222
"TARZANA TREATMENT CENTERS, INC.",,"44447 North 10th Street, West, Building C,Lancaster, CA 93534",(800) 996-1051,https://www.tarzanatc.org,Yes,RS(3.1)Youth - M: 5Youth - F: 5RS(3.5)Youth - M: 5Youth - F: 5,,Youth; M; A; T; Parent/; Guardian (; Female) with; Children; Parent/; Guardian (; Male) with; Children; Co-; Occurring; Mental; Health; Capabilities; L; G; B; T; Q; I; A; Veterans; Homeless; Criminal; Justice,EnglishSpanish,Last Updated: 11/26/2025 8:56:00 AM,True,False,True,False,False,False,False,False,True,False,False,True,True,True,True,True,True,True,False,True,Closed,Closed,,,08:30,18:00,,,08:30,19:00,,,08:30,18:00,,,08:30,19:00,,,08:30,18:00,,,08:30,14:00,,,34.6909593,-118.1481222
"TARZANA TREATMENT CENTERS, INC.",,"44447 North 10th Street, Building B,Lancaster, CA 93534",(800) 996-1051,https://www.tarzanatc.org,Yes,RS(3.1)Adult - M: 0Adult - F: 0RS(3.3)Adult - M: 0Adult - F: 0RS(3.5)Adult - M: 1Adult - F: 1R-WMAdult - M: 0Adult - F: 0,,Adult; M; A; T; Parent/; Guardian (; Female) with; Children; Parent/; Guardian (; Male) with; Children; Perinatal; Co-; Occurring; Mental; Health; Capabilities; L; G; B; T; Q; I; A; Veterans; Homeless; Criminal; Justice,ArmenianEnglishSpanish,Last Updated: 11/26/2025 8:56:00 AM,True,False,True,False,True,False,False,True,True,True,False,False,True,True,True,True,True,True,True,True,Closed,Closed,,,08:30,18:00,,,08:30,19:00,,,08:30,18:00,,,08:30,19:00,,,08:30,18:00,,,08:30,14:00,,,34.6909593,-118.1481222
"TARZANA TREATMENT CENTERS, INC.",,"44459 North 10th Street, West,Lancaster, CA 93534",(800) 996-1051,https://www.tarzanatc.org,Yes,,,Adult; M; A; T; Parent/; Guardian (; Female) with; Children; Parent/; Guardian (; Male) with; Children; Perinatal; Co-; Occurring; Mental; Health; Capabilities; L; G; B; T; Q; I; A; Veterans; Homeless; Criminal; Justice,EnglishSpanish,Last Updated: 11/26/2025 8:53:00 AM,False,True,True,True,False,False,False,False,True,True,False,False,True,True,True,True,True,True,True,True,Closed,Closed,,,08:30,20:00,,,08:30,21:00,,,08:30,20:00,,,08:30,21:00,,,08:30,20:00,,,08:30,17:00,,,34.6910573,-118.1481219
"TARZANA TREATMENT CENTERS, INC.",,,(800) 996-1051,https://www.tarzanatc.org,No,RBHAdult - F: 2,,,English,Last Updated: 11/26/2025 8:51:27 AM,True,False,True,False,False,False,False,False,True,True,False,False,False,False,False,False,False,False,False,False,,,,,,,,,,,,,,,,,,,,,,,,,,,,,33.9220616,-118.2392221
"TARZANA TREATMENT CENTERS, INC.",,,(800) 996-1051,https://www.tarzanatc.org,No,RBHAdult - F: 2,,,English,Last Updated: 11/26/2025 8:51:27 AM,True,False,True,False,False,False,False,False,True,True,False,False,False,False,False,False,False,False,False,False,,,,,,,,,,,,,,,,,,,,,,,,,,,,,33.9220616,-118.2392221
"TARZANA TREATMENT CENTERS, INC.",,,(800) 996-1051,https://www.tarzanatc.org,No,RBHAdult - M: 2,,,English,Last Updated: 11/26/2025 8:51:27 AM,True,False,True,False,False,False,False,True,False,True,False,False,False,False,False,False,False,False,False,False,,,,,,,,,,,,,,,,,,,,,,,,,,,,,33.9220616,-118.2392221
"TARZANA TREATMENT CENTERS, INC.",,"907 West Lancaster Boulevard,Lancaster, CA 93534",(800) 996-1051,https://www.tarzanatc.org,Yes,,,Adult; M; A; T; Parent/; Guardian (; Female) with; Children; Parent/; Guardian (; Male) with; Children; Perinatal; Co-; Occurring; Mental; Health; Capabilities; L; G; B; T; Q; I; A; Veterans; Homeless; Criminal; Justice,EnglishSpanish,Last Updated: 11/26/2025 8:52:40 AM,False,True,True,True,False,False,False,False,True,True,False,False,True,True,True,True,True,True,True,True,Closed,Closed,,,08:30,20:00,,,08:30,21:00,,,08:30,20:00,,,08:30,21:00,,,08:30,20:00,,,08:30,17:00,,,34.6975125,-118.1471564
ABC TRAFFIC SAFETY PROGRAM,,"44746 North Beech Avenue,Lancaster, CA 93534",(661) 945-8683,,No,,,,EnglishSpanish,Last Updated: 6/30/2017 7:57:09 AM,False,False,True,False,False,False,False,False,False,False,False,False,False,False,False,False,False,False,False,False,,,,,,,,,,,,,,,,,,,,,,,,,,,,,34.6981064,-118.1366153
"HIGH ROAD PROGRAM, THE",,"44823 Date Avenue,Lancaster, CA 93534",(661) 942-2241,,No,,,,EnglishSpanish,Last Updated: 6/30/2017 7:53:25 AM,False,False,True,False,False,False,False,False,False,False,False,False,False,False,False,False,False,False,False,False,,,,,,,,,,,,,,,,,,,,,,,,,,,,,34.6965935,-118.1406407
WESTERN PACIFIC MED-CORP,,"45335 Sierra Highway,Lancaster, CA 93534",(661) 949-8599,www.westpacmed.com,Yes,,,Adult; M; A; T,EnglishSpanish,Last Updated: 11/26/2025 4:55:52 AM,True,False,True,False,False,False,True,False,False,True,False,False,True,False,False,False,False,False,False,False,06:00,21:30,,,06:00,14:30,,,06:00,14:30,,,06:00,14:30,,,06:00,14:30,,,06:00,14:30,,,06:00,21:30,,,34.7067019,-118.1383784
"TARZANA TREATMENT CENTERS, INC.",,,(800) 996-1051,https://www.tarzanatc.org,No,RBHAdult - M: 2,,,English,Last Updated: 11/26/2025 8:59:00 AM,True,False,True,False,False,False,False,True,False,True,False,False,False,False,False,False,False,False,False,False,,,,,,,,,,,,,,,,,,,,,,,,,,,,,33.9220616,-118.2392221
LOS ANGELES CENTERS FOR ALCOHOL AND DRUG ABUSE,Secondary Agency Name:,"426 San Pedro Street,Los Angeles, CA 90013",(213) 626-6411,,,,,,Spanish,Last Updated: 11/26/2025 9:07:13 AM,False,True,True,False,False,False,False,False,False,False,False,False,False,False,False,False,False,False,False,False,,,,,,,,,,,,,,,,,,,,,,,,,,,,,34.0451634,-118.2432327
LOS ANGELES CENTERS FOR ALCOHOL AND DRUG ABUSE,Secondary Agency Name:,"305 South Central Avenue,Los Angeles, CA 90013",(213) 372-5233,,,,,,Spanish,Last Updated: 11/26/2025 9:07:13 AM,False,True,True,False,False,False,False,False,False,False,False,False,False,False,False,False,False,False,False,False,,,,,,,,,,,,,,,,,,,,,,,,,,,,,34.0459691,-118.2396683
LOS ANGELES CENTERS FOR ALCOHOL AND DRUG ABUSE,,,(213) 992-9686,,,RBHAdult - F: 5,,,English,Last Updated: 11/26/2025 9:07:12 AM,True,False,True,False,False,False,False,False,True,True,False,False,False,False,False,False,False,False,False,False,,,,,,,,,,,,,,,,,,,,,,,,,,,,,34.0451634,-118.2432327
LOS ANGELES CENTERS FOR ALCOHOL AND DRUG ABUSE,Secondary Agency Name:,,(213) 626-6411,,,RBHAdult - M: 10,,,English,Last Updated: 11/26/2025 9:07:12 AM,True,False,True,False,False,False,False,True,False,True,False,False,False,False,False,False,False,False,False,False,,,,,,,,,,,,,,,,,,,,,,,,,,,,,34.0451634,-118.2432327
"ADAPT PROGRAM, INC.",,"1644 Wilshire Boulevard, Suite 101,Los Angeles, CA 90017",(213) 483-5703,,,,,,"English, Spanish",Last Updated: 5/17/2023 11:18:18 AM,False,False,True,False,False,False,False,False,False,False,False,False,False,False,False,False,False,False,False,False,,,,,,,,,,,,,,,,,,,,,,,,,,,,,34.0558076,-118.2712928
"ADDICTION RESEARCH AND TREATMENT, INC.",,"1926 West Beverly Boulevard,Los Angeles, CA 90057",(213) 353-1140,,,,,,"Armenian, English, Korean, Russian, Spanish, Tagalog",Last Updated: 11/20/2019 9:09:33 AM,True,False,True,False,False,False,True,False,False,False,False,False,False,False,False,False,False,False,False,False,,,,,,,,,,,,,,,,,,,,,,,,,,,,,34.0199061,-118.1195413
"BAART BEHAVIORAL HEALTH SERVICES, INC.",,"1926 West Beverly Boulevard,Los Angeles, CA 90057",(213) 353-1140,,,,,,"Armenian, English, Korean, Russian, Spanish, Tagalog",Last Updated: 11/20/2022 11:09:48 PM,True,False,True,False,False,False,True,False,False,False,False,False,False,False,False,False,False,False,False,False,,,,,,,,,,,,,,,,,,,,,,,,,,,,,34.0199061,-118.1195413
"SOCIAL MODEL RECOVERY SYSTEMS, INC.",Secondary Agency Name:,"360 South Westlake Avenue,Los Angeles, CA 90057",(213) 483-9202,,,RS(3.1)Adult - M: 0Adult - F: 0RS(3.5)Adult - M: 0Adult - F: 0,,,"English, Spanish",Last Updated: 11/26/2025 12:03:21 PM,True,False,True,False,False,False,False,True,True,True,False,False,False,False,False,False,False,False,False,False,,,,,,,,,,,,,,,,,,,,,,,,,,,,,34.0613924,-118.2719932
CLINICA MONSENOR OSCAR A. ROMERO,,"123 South Alvarado Street,Los Angeles, CA 90057",(323) 987-1034,,,,,,"English, Spanish",Last Updated: 11/26/2025 8:43:44 AM,False,True,True,False,False,False,False,False,False,False,False,False,False,False,False,False,False,False,False,False,,,,,,,,,,,,,,,,,,,,,,,,,,,,,34.0662396,-118.270694
EXODUS RECOVERY INC.,Secondary Agency Name:,"1902 Marengo Street, Suite 109-110,Los Angeles, CA 90033",(323) 276-6450,,,,,,English,Last Updated: 11/26/2025 5:40:22 AM,True,False,True,False,False,False,False,False,False,False,False,False,False,False,False,False,False,False,False,False,,,,,,,,,,,,,,,,,,,,,,,,,,,,,34.0575901,-118.2101059
"HOMELESS HEALTH CARE LOS ANGELES, INC.",,"2330 West Beverly Boulevard,Los Angeles, CA 90057",(213) 744-0724,,,,,,"English, Spanish",Last Updated: 11/26/2025 2:20:55 PM,False,True,True,False,False,False,False,False,False,False,False,False,False,False,False,False,False,False,False,False,,,,,,,,,,,,,,,,,,,,,,,,,,,,,34.0211076,-118.1252301
"ADDICTION RESEARCH AND TREATMENT, INC.",,"1701 Zonal Avenue,Los Angeles, CA 90033",(323) 223-6298,,,,,,"English, Spanish",Last Updated: 11/20/2019 9:09:32 AM,True,False,True,False,False,False,True,False,False,False,False,False,False,False,False,False,False,False,False,False,,,,,,,,,,,,,,,,,,,,,,,,,,,,,34.061694,-118.209679
"BAART BEHAVIORAL HEALTH SERVICES, INC.",Secondary Agency Name:,"1701 Zonal Avenue,Los Angeles, CA 90033",(323) 223-6298,,,,,,"English, Spanish",Last Updated: 11/20/2022 11:09:48 PM,True,False,True,False,False,False,True,False,False,False,False,False,False,False,False,False,False,False,False,False,,,,,,,,,,,,,,,,,,,,,,,,,,,,,34.061694,-118.209679
ESCUELA HISPANA DE ALCOHOL,,"305 North Soto Street, Unit # B,East Los Angeles, CA 90033",(323) 264-7001,,,,,,"English, Spanish",Last Updated: 4/5/2022 5:00:02 PM,False,False,True,False,False,False,False,False,False,False,False,False,False,False,False,False,False,False,False,False,,,,,,,,,,,,,,,,,,,,,,,,,,,,,34.0470325,-118.2077459
CLINICA MONSENOR OSCAR A. ROMERO,,"2032 Marengo Street, Suite B ,Los Angeles, CA 90033",(323) 987-1034,,,,,,"English, Spanish",Last Updated: 11/26/2025 8:43:44 AM,False,True,True,False,False,False,False,False,False,False,False,False,False,False,False,False,False,False,False,False,,,,,,,,,,,,,,,,,,,,,,,,,,,,,34.0562453,-118.2067533
"CRI-HELP, INC.",,,(323) 222-1440,,,RBHAdult - M: 0,,,"English, Spanish",Last Updated: 11/26/2025 8:04:13 AM,True,False,True,False,False,False,False,True,False,True,False,False,False,False,False,False,False,False,False,False,,,,,,,,,,,,,,,,,,,,,,,,,,,,,34.0605014,-118.2145766
"ALCOHOLISM CENTER FOR WOMEN, INC.",,"1135 South Alvarado Street,Los Angeles, CA 90006",(213) 381-8500,,,RS(3.1)Adult - F: 4RS(3.5)Adult - F: 4,,,English,Last Updated: 11/26/2025 10:17:40 AM,True,False,True,False,False,False,False,False,True,True,False,False,False,False,False,False,False,False,False,False,,,,,,,,,,,,,,,,,,,,,,,,,,,,,34.0497637,-118.2812038
VOLUNTEERS OF AMERICA OF LOS ANGELES,Secondary Agency Name:,"2521 Long Beach Avenue,Los Angeles, CA 90058",(562) 399-5452,,,RS(3.1)Adult - M: 0RS(3.5)Adult - M: 0R-WMAdult - M: 0,,,Spanish,Last Updated: 11/26/2025 6:05:36 AM,True,False,True,False,True,False,False,True,False,True,False,False,False,False,False,False,False,False,False,False,,,,,,,,,,,,,,,,,,,,,,,,,,,,,34.013992,-118.2433386
"ALCOHOLISM CENTER FOR WOMEN, INC.",,"1147 South Alvarado Street,Los Angeles, CA 90006",(213) 381-8500,,,,,,"English, Spanish",Last Updated: 11/26/2025 10:17:40 AM,False,True,True,False,False,False,False,False,False,False,False,False,False,False,False,False,False,False,False,False,,,,,,,,,,,,,,,,,,,,,,,,,,,,,34.0496075,-118.2813036
"SAFETY CONSULTANT SERVICES, INC.",,"2904 South Main Street,Los Angeles, CA 90007",(213) 748-9444,,,,,,"English, Spanish",Last Updated: 6/29/2017 2:00:48 PM,False,False,True,False,False,False,False,False,False,False,False,False,False,False,False,False,False,False,False,False,,,,,,,,,,,,,,,,,,,,,,,,,,,,,34.0223432,-118.2701569
"THE SALVATION ARMY, A CALIFORNIA CORPORATION",Secondary Agency Name:,"3107 South Grand Avenue,Los Angeles, CA 90007",(213) 744-8186,,,RS(3.1)Adult - M: 0,,,"English, Spanish",Last Updated: 11/26/2025 8:05:23 AM,True,False,True,False,False,False,False,True,False,True,False,False,False,False,False,False,False,False,False,False,,,,,,,,,,,,,,,,,,,,,,,,,,,,,34.0223649,-118.2749963
"CRI-HELP, INC.",Secondary Agency Name:,"3619 North Mission Road,Los Angeles, CA 90031",(818) 985-8323,,,RS(3.1)Adult - M: 0RS(3.5)Adult - M: 0R-WMAdult - M: 4,,,"English, Russian",Last Updated: 11/26/2025 8:04:13 AM,True,False,True,False,True,False,False,True,False,True,False,False,False,False,False,False,False,False,False,False,,,,,,,,,,,,,,,,,,,,,,,,,,,,,34.0605014,-118.2145766
"JWCH INSTITUTE, INC.",,,(310) 608-1505,,,RBHAdult - F: 0,,,"English, Spanish",Last Updated: 11/26/2025 8:57:55 AM,True,False,True,False,False,False,False,False,True,True,False,False,False,False,False,False,False,False,False,False,,,,,,,,,,,,,,,,,,,,,,,,,,,,,33.9953414,-118.2699321
"JWCH INSTITUTE, INC.",,,(310) 608-1505,,,RBHAdult - F: 0,,,English,Last Updated: 11/26/2025 8:57:55 AM,True,False,True,False,False,False,False,False,True,True,False,False,False,False,False,False,False,False,False,False,,,,,,,,,,,,,,,,,,,,,,,,,,,,,33.9953414,-118.2699321
"SADLER HEALTHCARE, INC.",Secondary Agency Name:,"1731 Menlo Avenue,Los Angeles, CA 90006",(323) 251-1485,,,RS(3.1)Adult - M: 0RS(3.5)Adult - M: 0R-WMAdult - M: 0,,,English,Last Updated: 11/26/2025 9:36:10 AM,True,False,True,False,True,False,False,True,False,True,False,False,False,False,False,False,False,False,False,False,,,,,,,,,,,,,,,,,,,,,,,,,,,,,34.0421965,-118.290701
CHILDREN'S HOSPITAL LOS ANGELES,,"3250 Wilshire Boulevard, 300,Los Angeles, CA 90010",(323) 361-2463,,,,,,Spanish,Last Updated: 11/26/2025 8:31:53 AM,True,False,True,False,False,False,False,False,False,False,False,False,False,False,False,False,False,False,False,False,,,,,,,,,,,,,,,,,,,,,,,,,,,,,34.0609839,-118.2932673
"SOCIAL MODEL RECOVERY SYSTEMS, INC.",Secondary Agency Name:,"155 South Bimini Place,Los Angeles, CA 90004",(877) 507-6242,,,RS(3.1)Adult - M: 0Adult - F: 0RS(3.5)Adult - M: 0Adult - F: 0,,,Spanish,Last Updated: 11/26/2025 9:17:42 AM,True,False,True,False,False,False,False,True,True,True,False,False,False,False,False,False,False,False,False,False,,,,,,,,,,,,,,,,,,,,,,,,,,,,,34.071765,-118.2905372
"BEHAVIORAL HEALTH SERVICES, INC.",Secondary Agency Name:,"3421 East Olympic Boulevard,Los Angeles, CA 90023",(323) 262-1786,,,,,,Spanish,Last Updated: 11/26/2025 7:34:02 AM,False,True,True,False,False,False,False,False,False,False,False,False,False,False,False,False,False,False,False,False,,,,,,,,,,,,,,,,,,,,,,,,,,,,,34.0188584,-118.2042581
"SOCIAL MODEL RECOVERY SYSTEMS, INC.",,,(877) 507-6242,,,RBHAdult - F: 0,,,English,Last Updated: 11/26/2025 8:23:35 AM,True,False,True,False,False,False,False,False,True,True,False,False,False,False,False,False,False,False,False,False,,,,,,,,,,,,,,,,,,,,,,,,,,,,,34.0613924,-118.2719932
"SOCIAL MODEL RECOVERY SYSTEMS, INC.",,,(877) 507-6242,,,RBHAdult - F: 0,,,English,Last Updated: 11/26/2025 8:23:35 AM,True,False,True,False,False,False,False,False,True,True,False,False,False,False,False,False,False,False,False,False,,,,,,,,,,,,,,,,,,,,,,,,,,,,,34.0613924,-118.2719932
"SOCIAL MODEL RECOVERY SYSTEMS, INC.",,,(877) 507-6242,,,RBHAdult - F: 0,,,English,Last Updated: 11/26/2025 8:23:35 AM,True,False,True,False,False,False,False,False,True,True,False,False,False,False,False,False,False,False,False,False,,,,,,,,,,,,,,,,,,,,,,,,,,,,,34.0613924,-118.2719932
"BEHAVIORAL HEALTH SERVICES, INC.",Secondary Agency Name:,"4099 North Mission Road,Los Angeles, CA 90032",(323) 221-1746,,,,,,Spanish,Last Updated: 11/26/2025 7:34:02 AM,False,True,True,False,False,False,False,False,False,False,False,False,False,False,False,False,False,False,False,False,,,,,,,,,,,,,,,,,,,,,,,,,,,,,34.0605014,-118.2145766
PEOPLE COORDINATED SERVICES OF SOUTHERN CALIFORNIA,Secondary Agency Name:,"3021 South Vermont Avenue,Los Angeles, CA 90007",(323) 732-9124,,,,,,English,Last Updated: 11/26/2025 8:04:36 AM,True,False,True,False,False,False,False,False,False,False,False,False,False,False,False,False,False,False,False,False,,,,,,,,,,,,,,,,,,,,,,,,,,,,,34.0271519,-118.291773
"SOCIAL MODEL RECOVERY SYSTEMS, INC.",Secondary Agency Name:,"453 South Indiana Street,Los Angeles, CA 90063",(877) 507-6242,,,RS(3.1)Adult - F: 0RS(3.5)Adult - F: 0,,,Spanish,Last Updated: 11/26/2025 8:36:58 AM,True,False,True,False,False,False,False,False,True,True,False,False,False,False,False,False,False,False,False,False,,,,,,,,,,,,,,,,,,,,,,,,,,,,,34.0310034,-118.192456
"ADDICTION RESEARCH AND TREATMENT, INC.",,"4920 South Avalon Boulevard,Los Angeles, CA 90011",(323) 235-5035,,,,,,"Armenian, English, Farsi, Spanish",Last Updated: 10/22/2025 1:08:03 PM,True,False,True,False,False,False,True,False,False,False,False,False,False,False,False,False,False,False,False,False,,,,,,,,,,,,,,,,,,,,,,,,,,,,,33.9443091,-118.2649607
AVALON-CARVER COMMUNITY CENTER,,"4920 South Avalon Boulevard,Los Angeles, CA 90011",(323) 232-4391,,,,,,"English, Spanish",Last Updated: 7/4/2017 2:00:46 PM,False,False,True,False,False,False,False,False,False,False,False,False,False,False,False,False,False,False,False,False,,,,,,,,,,,,,,,,,,,,,,,,,,,,,33.9443091,-118.2649607
"BAART BEHAVIORAL HEALTH SERVICES, INC.",,"4920 South Avalon Boulevard,Los Angeles, CA 90011",(323) 235-5035,,,,,,"Arabic, Armenian, English, Farsi, Spanish",Last Updated: 10/22/2025 1:08:27 PM,True,False,True,False,False,False,True,False,False,False,False,False,False,False,False,False,False,False,False,False,,,,,,,,,,,,,,,,,,,,,,,,,,,,,33.9443091,-118.2649607
"CRI-HELP, INC.",Secondary Agency Name:,"4439, 4445, 4455 Burns Avenue,Los Angeles, CA 90029",(323) 222-1440,,,RS(3.1)Adult - M: 1Adult - F: 0RS(3.5)Adult - M: 0Adult - F: 0R-WMAdult - M: 0Adult - F: 0,,,"English, Spanish",Last Updated: 11/26/2025 8:04:13 AM,True,False,True,False,True,False,False,True,True,True,False,False,False,False,False,False,False,False,False,False,,,,,,,,,,,,,,,,,,,,,,,,,,,,,34.0878189,-118.2905591
"SADLER HEALTHCARE, INC.",,"225 North Mariposa Avenue,Los Angeles, CA 90004",(323) 251-1485,,,RS(3.1)Adult - M: 0RS(3.5)Adult - M: 0R-WMAdult - M: 0,,,English,Last Updated: 11/26/2025 10:40:02 AM,True,False,True,False,True,False,False,True,False,True,False,False,False,False,False,False,False,False,False,False,,,,,,,,,,,,,,,,,,,,,,,,,,,,,34.0755959,-118.2995115
"KOREATOWN YOUTH AND COMMUNITY CENTER, INC.",,"3727 West 6th Street, Suite 411,Los Angeles, CA 90020",(213) 365-7400,,,,,,"English, Korean, Spanish",Last Updated: 11/24/2025 9:50:04 AM,False,True,True,False,False,False,False,False,False,False,False,False,False,False,False,False,False,False,False,False,,,,,,,,,,,,,,,,,,,,,,,,,,,,,34.0639161,-118.3037415
"JWCH INSTITUTE, INC.",Secondary Agency Name:,"303 East 52nd Street,Los Angeles, CA 90011",(323) 918-2139,,,RS(3.1)Adult - F: 0RS(3.5)Adult - F: 0,,,"English, Spanish",Last Updated: 11/26/2025 8:57:55 AM,True,False,True,False,False,False,False,False,True,True,False,False,False,False,False,False,False,False,False,False,,,,,,,,,,,,,,,,,,,,,,,,,,,,,33.9953414,-118.2699321
PEOPLE COORDINATED SERVICES OF SOUTHERN CALIFORNIA,Secondary Agency Name:,"1319 South Manhattan Place,Los Angeles, CA 90019",(323) 732-9124,,,RS(3.1)Adult - M: 0Adult - F: 0,,,"English, Spanish",Last Updated: 11/26/2025 8:04:36 AM,True,False,True,False,False,False,False,True,True,True,False,False,False,False,False,False,False,False,False,False,,,,,,,,,,,,,,,,,,,,,,,,,,,,,34.0469225,-118.3102525
"SPECIAL SERVICE FOR GROUPS, INC.",Secondary Agency Name:,"5715 South Broadway,Los Angeles, CA 90037",(323) 948-0433,,,,,,"English, Spanish",Last Updated: 11/26/2025 10:22:39 AM,False,True,True,False,False,False,False,False,False,False,False,False,False,False,False,False,False,False,False,False,,,,,,,,,,,,,,,,,,,,,,,,,,,,,33.9903756,-118.2783907
"PRINCIPLES, INC.",,"3217 North Eastern Avenue, 102 & 103,Los Angeles, CA 90032",(213) 625-5009,,,,,,"Armenian, English, Spanish",Last Updated: 11/26/2025 10:34:58 AM,False,True,True,False,False,False,False,False,False,False,False,False,False,False,False,False,False,False,False,False,,,,,,,,,,,,,,,,,,,,,,,,,,,,,34.0536909,-118.242766
"CRI-HELP, INC.",,,(323) 222-1440,,,RBHAdult - F: 0,,,English,Last Updated: 11/26/2025 8:04:13 AM,True,False,True,False,False,False,False,False,True,True,False,False,False,False,False,False,False,False,False,False,,,,,,,,,,,,,,,,,,,,,,,,,,,,,34.0605014,-118.2145766
"DIVERSION SAFETY PROGRAMS, INC.",,"6606 Pacific Boulevard, 215,Huntington Park, CA 90255",(323) 585-0764,,,,,,"English, Spanish",Last Updated: 6/30/2017 8:25:52 AM,False,False,True,False,False,False,False,False,False,False,False,False,False,False,False,False,False,False,False,False,,,,,,,,,,,,,,,,,,,,,,,,,,,,,33.979116,-118.225076
WESTERN PACIFIC MED-CORP,,"4544 San Fernando Road, Suite 201,Glendale, CA 91204",(818) 956-3737,,,,,,"Armenian, English, Farsi, Russian, Spanish, Tagalog",Last Updated: 11/26/2025 4:55:52 AM,True,False,True,False,False,False,True,False,False,False,False,False,False,False,False,False,False,False,False,False,,,,,,,,,,,,,,,,,,,,,,,,,,,,,34.134571,-118.262931
"CHABAD OF CALIFORNIA, INC.",,,(323) 965-1365,,,RBHAdult - M: 0,,,English,Last Updated: 11/26/2025 8:28:54 AM,True,False,True,False,False,False,False,True,False,True,False,False,False,False,False,False,False,False,False,False,,,,,,,,,,,,,,,,,,,,,,,,,,,,,34.057461,-118.353244
TESSIE CLEVELAND COMMUNITY SERVICES CORPORATION,,"8019 Compton Avenue,Los Angeles, CA 90001",(323) 586-7333,,,,,,Spanish,Last Updated: 11/18/2025 3:16:17 PM,False,True,True,False,False,False,False,False,False,False,False,False,False,False,False,False,False,False,False,False,,,,,,,,,,,,,,,,,,,,,,,,,,,,,33.9663566,-118.2477504
DIDI HIRSCH PSYCHIATRIC SERVICE,Secondary Agency Name:,"1540 East Colorado Street,Glendale, CA 91205",(818) 244-7257,,,,,,"English, Farsi, Spanish",Last Updated: 11/26/2025 8:22:12 AM,True,False,True,False,False,False,False,False,False,False,False,False,False,False,False,False,False,False,False,False,,,,,,,,,,,,,,,,,,,,,,,,,,,,,34.1426882,-118.2303832
"SPECIAL SERVICE FOR GROUPS, INC.",Secondary Agency Name:,"Los Angeles, CA 90003",(323) 948-0444,,,RBHAdult - M: 0Adult - F: 0,,,"English, Spanish",Last Updated: 11/26/2025 10:22:39 AM,True,False,True,False,False,False,False,True,True,True,False,False,False,False,False,False,False,False,False,False,,,,,,,,,,,,,,,,,,,,,,,,,,,,,34.0536909,-118.242766
"CANON HUMAN SERVICES, INC.",,,(323) 249-9097,,,RBHAdult - M: 0,,,Spanish,Last Updated: 11/26/2025 10:44:03 AM,True,False,True,False,False,False,False,True,False,True,False,False,False,False,False,False,False,False,False,False,,,,,,,,,,,,,,,,,,,,,,,,,,,,,34.0536909,-118.242766
"NARCOTIC PREVENTION ASSOCIATION, INC.",,"942 South Atlantic Boulevard, Suite 100,Los Angeles, CA 90022",(323) 263-9700,,,,,,"American Sign Language, English, Spanish",Last Updated: 11/26/2025 7:13:38 AM,True,False,True,True,False,False,True,False,False,False,False,False,False,False,False,False,False,False,False,False,,,,,,,,,,,,,,,,,,,,,,,,,,,,,34.019126,-118.157511
RIGHT ON PROGRAMS,,"522 East Broadway Avenue, Suite 101,Glendale, CA 91205",(818) 240-1683,,,,,,"Armenian, English, Spanish",Last Updated: 6/30/2017 8:32:51 AM,False,False,True,False,False,False,False,False,False,False,False,False,False,False,False,False,False,False,False,False,,,,,,,,,,,,,,,,,,,,,,,,,,,,,34.1469416,-118.2478471
"THE SALVATION ARMY, A CALIFORNIA CORPORATION",Secondary Agency Name:,"5600 Rickenbacker Road, Building 2A-B,Bell, CA 90201",(949) 524-5058,,,RS(3.1)Adult - M: 0Adult - F: 0RS(3.5)Adult - M: 0Adult - F: 0,,,English,Last Updated: 11/26/2025 8:09:26 AM,True,False,True,False,False,False,False,True,True,True,False,False,False,False,False,False,False,False,False,False,,,,,,,,,,,,,,,,,,,,,,,,,,,,,33.989141,-118.161806
LOS ANGELES CENTERS FOR ALCOHOL AND DRUG ABUSE,Secondary Agency Name:,,(562) 906-2676,,,RBHAdult - M: 0Adult - F: 0,,,English,Last Updated: 11/26/2025 9:08:30 AM,True,False,True,False,False,False,False,True,True,True,False,False,False,False,False,False,False,False,False,False,,,,,,,,,,,,,,,,,,,,,,,,,,,,,34.0451634,-118.2432327
VAN NESS RECOVERY HOUSE,,"1919 North Beachwood Drive,Los Angeles, CA 90068",(323) 463-4266,,,RS(3.1)Adult - M: 0Adult - F: 0RS(3.5)Adult - M: 1Adult - F: 1,,,"English, Spanish",Last Updated: 11/26/2025 7:08:55 AM,True,False,True,False,False,False,False,True,True,True,False,False,False,False,False,False,False,False,False,False,,,,,,,,,,,,,,,,,,,,,,,,,,,,,34.1060558,-118.3214981
"HELPLINE YOUTH COUNSELING, INC.",,"5400 East Olympic Boulevard, Suite 225,Commerce, CA 90022",(213) 226-0969,,,,,,"English, Spanish",Last Updated: 11/26/2025 8:23:22 AM,False,True,True,False,False,False,False,False,False,False,False,False,False,False,False,False,False,False,False,False,,,,,,,,,,,,,,,,,,,,,,,,,,,,,34.015632,-118.155776
"ASIAN AMERICAN DRUG ABUSE PROGRAM, INC.",,,(323) 293-6291,,,RBHAdult - F: 0,,,English,Last Updated: 11/26/2025 9:30:50 AM,True,False,True,False,False,False,False,False,True,True,False,False,False,False,False,False,False,False,False,False,,,,,,,,,,,,,,,,,,,,,,,,,,,,,33.9938975,-118.3311065
LOS ANGELES CENTERS FOR ALCOHOL AND DRUG ABUSE,,,(626) 537-1807,,,RBHAdult - M: 3,,,English,Last Updated: 11/26/2025 9:07:12 AM,True,False,True,False,False,False,False,True,False,True,False,False,False,False,False,False,False,False,False,False,,,,,,,,,,,,,,,,,,,,,,,,,,,,,34.0451634,-118.2432327
"SHIELDS FOR FAMILIES, INC.",Secondary Agency Name:,"9307 South Central Avenue,Los Angeles, CA 90002",(323) 564-6982,,,,,,"English, Spanish",Last Updated: 7/25/2019 9:18:27 AM,False,False,True,False,False,False,False,False,False,False,False,False,False,False,False,False,False,False,False,False,,,,,,,,,,,,,,,,,,,,,,,,,,,,,33.9516662,-118.2554147
"MELA COUNSELING SERVICES CENTER, INC.",,"5723 Whittier Boulevard,Los Angeles, CA 90022",(323) 721-6855,,,,,,"English, Spanish",Last Updated: 11/13/2025 7:34:07 AM,False,True,True,False,False,False,False,False,False,False,False,False,False,False,False,False,False,False,False,False,,,,,,,,,,,,,,,,,,,,,,,,,,,,,34.01848,-118.147758
PENNY LANE CENTERS,,"5628 East Slauson,Commerce, CA 90040",(818) 430-4445,,,,,,"English, Spanish",Last Updated: 11/21/2025 8:30:23 AM,False,True,True,False,False,False,False,False,False,False,False,False,False,False,False,False,False,False,False,False,,,,,,,,,,,,,,,,,,,,,,,,,,,,,33.9860666,-118.1627852
"ASIAN AMERICAN DRUG ABUSE PROGRAM, INC.",Secondary Agency Name:,"5318 Crenshaw Boulevard,Los Angeles, CA 90043",(323) 293-6291,,,RS(3.1)Adult - M: 0Adult - F: 0,,,"English, Korean, Samoan, Spanish",Last Updated: 11/26/2025 9:30:50 AM,True,False,True,False,False,False,False,True,True,True,False,False,False,False,False,False,False,False,False,False,,,,,,,,,,,,,,,,,,,,,,,,,,,,,33.9938975,-118.3311065
"CANON HUMAN SERVICES, INC.",,"9705 South Holmes Avenue,Los Angeles, CA 90002",(323) 249-9097,,,RS(3.1)Adult - M: 0,,,"English, Spanish",Last Updated: 11/26/2025 10:44:03 AM,True,False,True,False,False,False,False,True,False,True,False,False,False,False,False,False,False,False,False,False,,,,,,,,,,,,,,,,,,,,,,,,,,,,,34.0536909,-118.242766
LOS ANGELES CENTERS FOR ALCOHOL AND DRUG ABUSE,Secondary Agency Name:,"8919 & 8921 California Avenue,South Gate, CA 90280",(323) 487-5002,,,RS(3.1)Adult - M: 0Adult - F: 0RS(3.5)Adult - M: 0Adult - F: 0,,,Spanish,Last Updated: 11/26/2025 9:07:13 AM,True,False,True,False,False,False,False,True,True,True,False,False,False,False,False,False,False,False,False,False,,,,,,,,,,,,,,,,,,,,,,,,,,,,,33.9539249,-118.2062011
"BEHAVIORAL HEALTH SERVICES, INC.",Secondary Agency Name:,"6838 Sunset Boulevard,Hollywood, CA 90028",(323) 461-3161,,,,,,"English, Spanish",Last Updated: 11/26/2025 9:08:19 AM,False,True,True,False,False,False,False,False,False,False,False,False,False,False,False,False,False,False,False,False,,,,,,,,,,,,,,,,,,,,,,,,,,,,,34.0978892,-118.3393989
"CHABAD OF CALIFORNIA, INC.",,,(323) 965-1365,,,RBHAdult - M: 0,,,English,Last Updated: 11/26/2025 8:28:54 AM,True,False,True,False,False,False,False,True,False,True,False,False,False,False,False,False,False,False,False,False,,,,,,,,,,,,,,,,,,,,,,,,,,,,,34.057461,-118.353244
"CHABAD OF CALIFORNIA, INC.",,"5675 West Olympic Boulevard,Los Angeles, CA 90036",(323) 965-1365,,,RS(3.1)Adult - M: 0RS(3.5)Adult - M: 0,,,English,Last Updated: 11/26/2025 8:28:54 AM,True,False,True,False,False,False,False,True,False,True,False,False,False,False,False,False,False,False,False,False,,,,,,,,,,,,,,,,,,,,,,,,,,,,,34.057461,-118.353244
"ASIAN AMERICAN DRUG ABUSE PROGRAM, INC.",,,(323) 293-6291,,,RBHAdult - M: 0,,,English,Last Updated: 11/26/2025 9:30:50 AM,True,False,True,False,False,False,False,True,False,True,False,False,False,False,False,False,False,False,False,False,,,,,,,,,,,,,,,,,,,,,,,,,,,,,33.9938975,-118.3311065
"COMPATIOR, INC.",,,(323) 378-2009,,,RBHAdult - M: 2,,,Spanish,Last Updated: 11/26/2025 1:25:49 PM,True,False,True,False,False,False,False,True,False,True,False,False,False,False,False,False,False,False,False,False,,,,,,,,,,,,,,,,,,,,,,,,,,,,,33.9431485,-118.1952344
EXODUS RECOVERY INC.,,,(323) 276-6465,,,RBHAdult - M: 0Adult - F: 0,,,Spanish,Last Updated: 11/26/2025 5:40:22 AM,True,False,True,False,False,False,False,True,True,True,False,False,False,False,False,False,False,False,False,False,,,,,,,,,,,,,,,,,,,,,,,,,,,,,34.0575901,-118.2101059
"SAFETY CONSULTANT SERVICES, INC.",,"4120 Tweedy Boulevard,South Gate, CA 90280",(323) 567-0527,,,,,,"English, Spanish",Last Updated: 6/29/2017 10:24:56 AM,False,False,True,False,False,False,False,False,False,False,False,False,False,False,False,False,False,False,False,False,,,,,,,,,,,,,,,,,,,,,,,,,,,,,33.9434389,-118.1992749
"COMPATIOR, INC.",,"4363 Tweedy Boulevard,South Gate, CA 90280",(323) 378-2009,,,,,,"English, Spanish",Last Updated: 11/26/2025 1:25:49 PM,False,True,True,False,False,False,False,False,False,False,False,False,False,False,False,False,False,False,False,False,,,,,,,,,,,,,,,,,,,,,,,,,,,,,33.9431485,-118.1952344
"FAMILIES FOR CHILDREN, INC.",Secondary Agency Name:,"2504 West Manchester Boulevard,Inglewood, CA 90305",(323) 751-3805,,,,,,"Armenian, English, Spanish",Last Updated: 11/26/2025 8:08:06 AM,False,True,True,False,False,False,False,False,False,False,False,False,False,False,False,False,False,False,False,False,,,,,,,,,,,,,,,,,,,,,,,,,,,,,33.9601299,-118.3210289
LOS ANGELES CENTERS FOR ALCOHOL AND DRUG ABUSE,,,(626) 537-1886,,,RBHAdult - M: 0Adult - F: 0,,,English,Last Updated: 11/26/2025 9:07:12 AM,True,False,True,False,False,False,False,True,True,True,False,False,False,False,False,False,False,False,False,False,,,,,,,,,,,,,,,,,,,,,,,,,,,,,34.0451634,-118.2432327
"SHIELDS FOR FAMILIES, INC.",Secondary Agency Name:,"11705 Deputy Yamamoto Place, Suite A,Lynwood, CA 90262",(323) 242-5000,,,,,,"English, Spanish",Last Updated: 11/24/2025 9:55:37 AM,False,True,True,False,False,False,False,False,False,False,False,False,False,False,False,False,False,False,False,False,,,,,,,,,,,,,,,,,,,,,,,,,,,,,33.9271205,-118.2285296
"HIGH ROAD PROGRAM, THE",,"700 South Arroyo Parkway,Pasadena, CA 91105",(626) 793-6159,,,,,,"English, Spanish",Last Updated: 6/29/2017 1:39:44 PM,False,False,True,False,False,False,False,False,False,False,False,False,False,False,False,False,False,False,False,False,,,,,,,,,,,,,,,,,,,,,,,,,,,,,34.1336197,-118.1472187
"PRINCIPLES, INC.",Secondary Agency Name:,,(626) 798-0884,,,RBHAdult - M: 0Adult - F: 0,,,"English, Spanish",Last Updated: 11/26/2025 9:22:45 AM,True,False,True,False,False,False,False,True,True,True,False,False,False,False,False,False,False,False,False,False,,,,,,,,,,,,,,,,,,,,,,,,,,,,,34.0536909,-118.242766
"ADDICTION RESEARCH AND TREATMENT, INC.",Secondary Agency Name:,"11900 South Avalon Boulevard, Suite 200,Los Angeles, CA 90061",(323) 242-0500,,,,,,"English, Farsi, Spanish",Last Updated: 10/28/2020 12:06:12 PM,True,False,True,False,False,False,True,False,False,False,False,False,False,False,False,False,False,False,False,False,,,,,,,,,,,,,,,,,,,,,,,,,,,,,33.9274969,-118.2651856
"TARZANA TREATMENT CENTERS, INC.",Secondary Agency Name:,"12021 South Wilmington Avenue, Building 18, Suite 301,Los Angeles, CA 90059",(424) 454-6081,,,,,,"English, Spanish",Last Updated: 11/26/2025 9:39:48 AM,False,True,True,True,False,False,False,False,False,False,False,False,False,False,False,False,False,False,False,False,,,,,,,,,,,,,,,,,,,,,,,,,,,,,33.9220616,-118.2392221
"BEHAVIORAL HEALTH SERVICES, INC.",Secondary Agency Name:,"12021 South Wilmington Avenue, Building 18, Suite 101,Los Angeles, CA 90059",(424) 454-6001,,,R-WMAdult - M: 3Adult - F: 3,,,English,Last Updated: 11/26/2025 8:31:21 AM,True,False,True,False,True,False,False,True,True,True,False,False,False,False,False,False,False,False,False,False,,,,,,,,,,,,,,,,,,,,,,,,,,,,,33.9220616,-118.2392221
HEALTHRIGHT 360,Secondary Agency Name:,"12021 South Wilmington Avenue, 3rd Floor, Suite 300,Los Angeles, CA 90059",(424) 454-6042,,,RS(3.1)Adult - M: 0Adult - F: 0RS(3.3)Adult - M: 0RS(3.5)Adult - M: 0Adult - F: 0,,,"English, Spanish",Last Updated: 11/19/2025 10:46:09 AM,True,False,True,False,False,False,False,True,True,True,False,False,False,False,False,False,False,False,False,False,,,,,,,,,,,,,,,,,,,,,,,,,,,,,33.9220616,-118.2392221
"SHIELDS FOR FAMILIES, INC.",Secondary Agency Name:,"2620 Industry Way, Suite A,Lynwood, CA 90262",(323) 242-5000,,,,,,"English, Spanish",Last Updated: 11/24/2025 9:55:37 AM,False,True,True,False,False,False,False,False,False,False,False,False,False,False,False,False,False,False,False,False,,,,,,,,,,,,,,,,,,,,,,,,,,,,,33.9233604,-118.2269975
VAN NESS RECOVERY HOUSE,,,(323) 463-4266,,,RBHAdult - M: 0Adult - F: 0,,,"English, Spanish",Last Updated: 11/26/2025 7:08:55 AM,True,False,True,False,False,False,False,True,True,True,False,False,False,False,False,False,False,False,False,False,,,,,,,,,,,,,,,,,,,,,,,,,,,,,34.1060558,-118.3214981
DIDI HIRSCH PSYCHIATRIC SERVICE,Secondary Agency Name:,"323 North Prairie Avenue, 150, 155, 290, 315, 325, 350, 430, 450,Inglewood, CA 90301",(310) 677-7808,,,,,,English,Last Updated: 11/26/2025 8:22:12 AM,True,False,True,False,False,False,False,False,False,False,False,False,False,False,False,False,False,False,False,False,,,,,,,,,,,,,,,,,,,,,,,,,,,,,33.9665722,-118.344031
"CHABAD OF CALIFORNIA, INC.",Secondary Agency Name:,"1750 South La Cienega Boulevard,  Suites A, B, C and D,Los Angeles, CA 90035",(323) 965-1365,,,,,,English,Last Updated: 11/26/2025 8:28:54 AM,False,True,True,False,False,False,False,False,False,False,False,False,False,False,False,False,False,False,False,False,,,,,,,,,,,,,,,,,,,,,,,,,,,,,34.045783,-118.3763994
ALHAMBRA SAFETY SERVICES,,"926 East Garvey Avenue, Suite A,Monterey Park, CA 91755",(626) 571-6988,,,,,,"English, Japanese, Other Chinese Languages, Spanish, Vietnamese",Last Updated: 6/29/2017 1:54:03 PM,False,False,True,False,False,False,False,False,False,False,False,False,False,False,False,False,False,False,False,False,,,,,,,,,,,,,,,,,,,,,,,,,,,,,34.0625163,-118.1102003
"CANON HUMAN SERVICES, INC.",,,(323) 249-9097,,,RBHAdult - M: 0,,,Spanish,Last Updated: 11/26/2025 10:44:03 AM,True,False,True,False,False,False,False,True,False,True,False,False,False,False,False,False,False,False,False,False,,,,,,,,,,,,,,,,,,,,,,,,,,,,,34.0536909,-118.242766
"NEW HOPE DRUG & ALCOHOL TREATMENT PROGRAM, INC.",,"1841 & 1841 1/2 West Imperial Highway,Los Angeles, CA 90047",(323) 750-2850,,,,,,"English, Spanish",Last Updated: 5/22/2024 1:15:54 PM,False,True,True,False,False,False,False,False,False,False,False,False,False,False,False,False,False,False,False,False,,,,,,,,,,,,,,,,,,,,,,,,,,,,,33.9308217,-118.3100133
"ASIAN AMERICAN DRUG ABUSE PROGRAM, INC.",Secondary Agency Name:,"520 North La Brea, #236,Inglewood, CA 90302",(323) 294-4932,,,,,,"English, Spanish, Vietnamese",Last Updated: 11/26/2025 9:10:03 AM,False,True,True,False,False,False,False,False,False,False,False,False,False,False,False,False,False,False,False,False,,,,,,,,,,,,,,,,,,,,,,,,,,,,,33.9562003,-118.353132
TWIN TOWN CORPORATION,Secondary Agency Name:,"8739 Santa Monica Boulevard,West Hollywood, CA 90069",(310) 623-1477,,,,,,English,Last Updated: 11/26/2025 8:21:06 AM,False,True,True,False,False,False,False,False,False,False,False,False,False,False,False,False,False,False,False,False,,,,,,,,,,,,,,,,,,,,,,,,,,,,,34.0869895,-118.380746
INGLEWOOD SUBSTANCE ABUSE,,"400 South La Brea Avenue, Suite 203,Inglewood, CA 90301",(310) 673-5882,,,,,,"English, Spanish",Last Updated: 8/23/2017 3:00:41 PM,False,False,True,False,False,False,False,False,False,False,False,False,False,False,False,False,False,False,False,False,,,,,,,,,,,,,,,,,,,,,,,,,,,,,33.959351,-118.35319
BEIT T'SHUVAH,,"8831 Venice Boulevard,Los Angeles, CA 90034",(310) 280-3692,,,RS(3.1)Adult - M: 0Adult - F: 0,,,English,Last Updated: 11/26/2025 9:01:02 AM,True,False,True,False,False,False,False,True,True,True,False,False,False,False,False,False,False,False,False,False,,,,,,,,,,,,,,,,,,,,,,,,,,,,,34.0306402,-118.3864804
CASA DE LAS AMIGAS,,"169 North Oak Knoll Avenue,Pasadena, CA 91101",(626) 792-2770,,,,,,"Armenian, English, Spanish",Last Updated: 11/14/2025 11:19:57 AM,False,True,True,False,False,False,False,False,False,False,False,False,False,False,False,False,False,False,False,False,,,,,,,,,,,,,,,,,,,,,,,,,,,,,34.1492062,-118.1354653
"ADDICTION RESEARCH AND TREATMENT, INC.",Secondary Agency Name:,"11682 Atlantic Avenue,Lynwood, CA 90262",(310) 537-5883,,,,,,English,Last Updated: 9/4/2019 9:28:46 AM,True,False,True,False,False,False,False,False,False,False,False,False,False,False,False,False,False,False,False,False,,,,,,,,,,,,,,,,,,,,,,,,,,,,,33.9170617,-118.1893076
"PAX HOUSE, INC.",,"750 East Walnut Street,Pasadena, CA 91101",(626) 398-3897,,,,,,"Korean, Spanish",Last Updated: 9/5/2024 4:56:33 PM,False,True,True,False,False,False,False,False,False,False,False,False,False,False,False,False,False,False,False,False,,,,,,,,,,,,,,,,,,,,,,,,,,,,,34.1494093,-118.1349748
"BEHAVIORAL HEALTH SERVICES, INC.",,,(310) 679-9126,,,RBHAdult - M: 0Adult - F: 0,,,English,Last Updated: 11/26/2025 10:15:08 AM,True,False,True,False,False,False,False,True,True,True,False,False,False,False,False,False,False,False,False,False,,,,,,,,,,,,,,,,,,,,,,,,,,,,,34.0188584,-118.2042581
"BEHAVIORAL HEALTH SERVICES, INC.",,,(310) 679-9126,,,RBHAdult - M: 0Adult - F: 0,,,English,Last Updated: 11/26/2025 10:15:09 AM,True,False,True,False,False,False,False,True,True,True,False,False,False,False,False,False,False,False,False,False,,,,,,,,,,,,,,,,,,,,,,,,,,,,,34.0188584,-118.2042581
"PRINCIPLES, INC.",,,(626) 798-0884,,,RBHAdult - M: 0Adult - F: 0,,,English,Last Updated: 11/26/2025 9:22:45 AM,True,False,True,False,False,False,False,True,True,True,False,False,False,False,False,False,False,False,False,False,,,,,,,,,,,,,,,,,,,,,,,,,,,,,34.0536909,-118.242766
"GRANDVIEW FOUNDATION, INC.",,,(626) 797-1124,,,RBHAdult - M: 0,,,English,Last Updated: 11/26/2025 8:31:12 AM,True,False,True,False,False,False,False,True,False,True,False,False,False,False,False,False,False,False,False,False,,,,,,,,,,,,,,,,,,,,,,,,,,,,,34.1670393,-118.1457752
"SOCIAL MODEL RECOVERY SYSTEMS, INC.",Secondary Agency Name:,"44 South Mentor Avenue,Pasadena, CA 91106",(877) 507-6242,,,,,,Spanish,Last Updated: 11/24/2025 6:07:14 PM,False,True,True,False,False,False,False,False,False,False,False,False,False,False,False,False,False,False,False,False,,,,,,,,,,,,,,,,,,,,,,,,,,,,,34.1450473,-118.130232
"DIVINE HEALTHCARE SERVICES, INC.",,"405 West Manchester Boulevard, Suite A,Inglewood, CA 90301",(310) 672-3820,,,,,,"English, Spanish",Last Updated: 11/26/2025 9:15:26 AM,False,True,True,False,False,False,False,False,False,False,False,False,False,False,False,False,False,False,False,False,,,,,,,,,,,,,,,,,,,,,,,,,,,,,33.9617489,-118.36187
LOS ANGELES CENTERS FOR ALCOHOL AND DRUG ABUSE,,,(626) 421-6382,,,RBHAdult - M: 0Adult - F: 0,,,Spanish,Last Updated: 11/26/2025 9:07:12 AM,True,False,True,False,False,False,False,True,True,True,False,False,False,False,False,False,False,False,False,False,,,,,,,,,,,,,,,,,,,,,,,,,,,,,34.0451634,-118.2432327
"GRANDVIEW FOUNDATION, INC.",,"1230 North Marengo Avenue,Pasadena, CA 91103",(626) 797-1124,,,RS(3.1)Adult - M: 0RS(3.5)Adult - M: 0R-WMAdult - M: 0,,,"English, Farsi, Spanish",Last Updated: 11/26/2025 8:31:12 AM,True,False,True,False,True,False,False,True,False,True,False,False,False,False,False,False,False,False,False,False,,,,,,,,,,,,,,,,,,,,,,,,,,,,,34.1670393,-118.1457752
YOU CAN HEALTH SERVICES,,"600 West Manchester Avenue, Suite 5,Los Angeles, CA 90044",(323) 750-9247,,,,,,"English, Spanish",Last Updated: 11/25/2025 4:47:31 AM,False,True,True,False,False,False,False,False,False,False,False,False,False,False,False,False,False,False,False,False,,,,,,,,,,,,,,,,,,,,,,,,,,,,,33.95999,-118.284021
"SAFETY EDUCATION CENTER, INC.",,"844 North Hollywood Way,Burbank, CA 91505",(818) 848-8667,,,,,,"English, Spanish",Last Updated: 6/30/2017 8:37:09 AM,False,False,True,False,False,False,False,False,False,False,False,False,False,False,False,False,False,False,False,False,,,,,,,,,,,,,,,,,,,,,,,,,,,,,34.1652238,-118.3455905
"SOUTHERN CALIFORNIA ALCOHOL AND DRUG PROGRAMS, INC.",,"11500 Paramount Boulevard,Downey, CA 90241",(562) 923-4545,,,,,,"English, Spanish",Last Updated: 11/26/2025 6:06:30 AM,False,True,True,False,False,False,False,False,False,False,False,False,False,False,False,False,False,False,False,False,,,,,,,,,,,,,,,,,,,,,,,,,,,,,33.940357,-118.139561
"SOUTHERN CALIFORNIA ALCOHOL AND DRUG PROGRAMS, INC.",,"11500 Paramount Boulevard,Downey, CA 90241",(562) 923-4545,,,,,,"English, Spanish",Last Updated: 10/30/2025 5:52:44 AM,False,False,True,False,False,False,False,False,False,False,False,False,False,False,False,False,False,False,False,False,,,,,,,,,,,,,,,,,,,,,,,,,,,,,33.940357,-118.139561
"AEGIS TREATMENT CENTERS, LLC",,"614 West Manchester Boulevard, Suite 103, 104 & 105,Inglewood, CA 90301",(310) 412-0879,,,,,,"English, Spanish",Last Updated: 11/26/2025 8:50:40 AM,True,False,True,False,False,False,True,False,False,False,False,False,False,False,False,False,False,False,False,False,,,,,,,,,,,,,,,,,,,,,,,,,,,,,33.9562003,-118.353132
ELDORADO COMMUNITY SERVICE CENTER,,"4450 West Century Boulevard,Inglewood, CA 90304",(310) 671-9294,,,,,,"English, Spanish",Last Updated: 11/24/2025 8:03:37 AM,True,False,True,False,False,False,True,False,False,False,False,False,False,False,False,False,False,False,False,False,,,,,,,,,,,,,,,,,,,,,,,,,,,,,33.94536,-118.35418
"GRANDVIEW FOUNDATION, INC.",,"225 Grandview Street,Pasadena, CA 91104",(626) 797-1124,,,RS(3.1)Adult - M: 0RS(3.5)Adult - M: 0R-WMAdult - M: 0,,,English,Last Updated: 11/26/2025 8:31:12 AM,True,False,True,False,True,False,False,True,False,True,False,False,False,False,False,False,False,False,False,False,,,,,,,,,,,,,,,,,,,,,,,,,,,,,34.1713053,-118.1458444
"PRINCIPLES, INC.",,"1680 North Fair Oaks Avenue,Pasadena, CA 91103",(626) 798-0884,,,RS(3.1)Adult - M: 0Adult - F: 0RS(3.5)Adult - M: 0Adult - F: 0R-WMAdult - M: 0Adult - F: 0,,,"English, Spanish",Last Updated: 11/26/2025 9:22:45 AM,True,False,True,False,True,False,False,True,True,True,False,False,False,False,False,False,False,False,False,False,,,,,,,,,,,,,,,,,,,,,,,,,,,,,34.1750009,-118.1506334
TAVARUA HEALTH SERVICES,,"8207 Whittier Boulevard,Pico Rivera, CA 90660",(562) 695-0737,,,,,,"English, Spanish",Last Updated: 11/24/2025 8:03:37 AM,True,False,True,False,False,False,True,False,False,False,False,False,False,False,False,False,False,False,False,False,,,,,,,,,,,,,,,,,,,,,,,,,,,,,34.0066735,-118.0960021
"SOUTHERN CALIFORNIA ALCOHOL AND DRUG PROGRAMS, INC.",Secondary Agency Name:,"10603, 10607, 10615, 10621 Downey Avenue,Downey, CA 90241",(562) 399-5452,,,RS(3.1)Adult - F: 1RS(3.5)Adult - F: 0R-WMAdult - F: 1,,,English,Last Updated: 11/26/2025 6:06:30 AM,True,False,True,False,True,False,False,False,True,True,False,False,False,False,False,False,False,False,False,False,,,,,,,,,,,,,,,,,,,,,,,,,,,,,33.9462332,-118.1296102
"BEHAVIORAL HEALTH SERVICES, INC.",Secondary Agency Name:,"2501 West El Segundo Boulevard,Hawthorne, CA 90250",(323) 754-2816,,,RS(3.1)Adult - M: 0RS(3.3)Adult - M: 0Adult - F: 0RS(3.5)Adult - M: 0R-WMAdult - M: 0Adult - F: 0,,,English,Last Updated: 11/26/2025 8:04:46 AM,True,False,True,False,True,False,False,True,True,True,False,False,False,False,False,False,False,False,False,False,,,,,,,,,,,,,,,,,,,,,,,,,,,,,33.9164181,-118.3474631
"SOUTHERN CALIFORNIA ALCOHOL AND DRUG PROGRAMS, INC.",Secondary Agency Name:,"8332 Iowa Street and 11501 Dolan Avenue ,Downey, CA 90241",(562) 399-5452,,,RS(3.1)Adult - M: 1RS(3.5)Adult - M: 1R-WMAdult - M: 1,,,English,Last Updated: 11/26/2025 6:06:30 AM,True,False,True,False,True,False,False,True,False,True,False,False,False,False,False,False,False,False,False,False,,,,,,,,,,,,,,,,,,,,,,,,,,,,,33.9368985,-118.1335181
"JWCH INSTITUTE, INC.",Secondary Agency Name:,"1218 East Compton Boulevard,Compton, CA 90221",(310) 608-1505,,,,,,"English, Spanish",Last Updated: 11/26/2025 8:57:55 AM,True,False,True,False,False,False,False,False,False,False,False,False,False,False,False,False,False,False,False,False,,,,,,,,,,,,,,,,,,,,,,,,,,,,,33.8959536,-118.2101393
"AEGIS TREATMENT CENTERS, LLC",,"1450 North Lake Avenue, Suite 150,Pasadena, CA 91104",(626) 794-1161,,,,,,"English, Spanish",Last Updated: 11/26/2025 8:50:40 AM,True,False,True,False,False,False,True,False,False,False,False,False,False,False,False,False,False,False,False,False,,,,,,,,,,,,,,,,,,,,,,,,,,,,,34.1710464,-118.1317612
"PRINCIPLES, INC.",Secondary Agency Name:,"1450 North Lake Avenue, Room 218,Pasadena, CA 91104",(626) 564-4240,,,,,,"English, Spanish",Last Updated: 11/26/2025 3:58:20 PM,True,False,True,False,False,False,False,False,False,False,False,False,False,False,False,False,False,False,False,False,,,,,,,,,,,,,,,,,,,,,,,,,,,,,34.1710464,-118.1317612
"BEHAVIORAL HEALTH SERVICES, INC.",Secondary Agency Name:,"12917 Cerise Avenue,Hawthorne, CA 90250",(310) 675-4431,,,RS(3.1)Adult - F: 1RS(3.3)Adult - F: 0RS(3.5)Adult - F: 4,,,English,Last Updated: 11/26/2025 10:31:17 AM,True,False,True,False,False,False,False,False,True,True,False,False,False,False,False,False,False,False,False,False,,,,,,,,,,,,,,,,,,,,,,,,,,,,,33.9154161,-118.3325535
"ASIAN AMERICAN DRUG ABUSE PROGRAM, INC.",Secondary Agency Name:,"13931 Van Ness Avenue,Gardena, CA 90249",(310) 768-8018,,,,,,"English, Spanish",Last Updated: 11/26/2025 9:15:12 AM,False,True,True,False,False,False,False,False,False,False,False,False,False,False,False,False,False,False,False,False,,,,,,,,,,,,,,,,,,,,,,,,,,,,,33.9052241,-118.3178974
"CRI-HELP, INC.",,,(818) 985-8323,,,RBHAdult - F: 0,,,English,Last Updated: 11/26/2025 8:04:13 AM,True,False,True,False,False,False,False,False,True,True,False,False,False,False,False,False,False,False,False,False,,,,,,,,,,,,,,,,,,,,,,,,,,,,,34.0605014,-118.2145766
"CRI-HELP, INC.",,,(818) 985-8323,,,RBHAdult - M: 0,,,English,Last Updated: 11/26/2025 8:04:13 AM,True,False,True,False,False,False,False,True,False,True,False,False,False,False,False,False,False,False,False,False,,,,,,,,,,,,,,,,,,,,,,,,,,,,,34.0605014,-118.2145766
DIDI HIRSCH PSYCHIATRIC SERVICE,,"4760 South Sepulveda Boulevard,Culver City, CA 90230",(310) 895-2300,,,,,,"English, Spanish",Last Updated: 11/26/2025 8:22:12 AM,True,False,True,False,False,False,False,False,False,False,False,False,False,False,False,False,False,False,False,False,,,,,,,,,,,,,,,,,,,,,,,,,,,,,33.9806438,-118.3946747
"GRANDVIEW FOUNDATION, INC.",,,(626) 797-1124,,,RBHAdult - M: 0,,,English,Last Updated: 11/26/2025 8:31:12 AM,True,False,True,False,False,False,False,True,False,True,False,False,False,False,False,False,False,False,False,False,,,,,,,,,,,,,,,,,,,,,,,,,,,,,34.1670393,-118.1457752
"GRANDVIEW FOUNDATION, INC.",,,(626) 797-1124,,,RBHAdult - M: 0,,,English,Last Updated: 11/26/2025 8:31:12 AM,True,False,True,False,False,False,False,True,False,True,False,False,False,False,False,False,False,False,False,False,,,,,,,,,,,,,,,,,,,,,,,,,,,,,34.1670393,-118.1457752
"GRANDVIEW FOUNDATION, INC.",,,(626) 797-1124,,,RBHAdult - M: 0,,,English,Last Updated: 11/26/2025 8:31:12 AM,True,False,True,False,False,False,False,True,False,True,False,False,False,False,False,False,False,False,False,False,,,,,,,,,,,,,,,,,,,,,,,,,,,,,34.1670393,-118.1457752
LOS ANGELES CENTERS FOR ALCOHOL AND DRUG ABUSE,Secondary Agency Name:,"1084 - 1092 New York Drive,Altadena, CA 91803",(626) 421-6382,,,RS(3.1)Adult - M: 0Adult - F: 0RS(3.5)Adult - M: 0Adult - F: 0,,,Spanish,Last Updated: 11/26/2025 9:07:13 AM,True,False,True,False,False,False,False,True,True,True,False,False,False,False,False,False,False,False,False,False,,,,,,,,,,,,,,,,,,,,,,,,,,,,,34.1786448,-118.1327253
ABC TRAFFIC SAFETY PROGRAM,,"3380 Flair Drive, 111,El Monte, CA 91731",(626) 572-7001,,,,,,"English, Spanish",Last Updated: 7/9/2024 12:10:29 PM,False,False,True,False,False,False,False,False,False,False,False,False,False,False,False,False,False,False,False,False,,,,,,,,,,,,,,,,,,,,,,,,,,,,,34.0708011,-118.0712539
"CRI-HELP, INC.",Secondary Agency Name:,"11027 Burbank Boulevard,North Hollywood, CA 91601",(818) 985-8323,,,RS(3.1)Adult - M: 2Adult - F: 2RS(3.5)Adult - M: 0Adult - F: 0R-WMAdult - M: 2Adult - F: 2,,,"English, Spanish",Last Updated: 11/26/2025 8:04:13 AM,True,False,True,False,True,False,False,True,True,True,False,False,False,False,False,False,False,False,False,False,,,,,,,,,,,,,,,,,,,,,,,,,,,,,34.172239,-118.3714396
AM/PM CULVER CITY BUDGET/ESCUELA LATINA AND ALCOHOL ASSESSMENTS 2,,"3961 Sepulveda Boulevard, #207,Culver City, CA 90230",(310) 837-1818,,,,,,English,Last Updated: 5/17/2023 8:03:02 AM,False,False,True,False,False,False,False,False,False,False,False,False,False,False,False,False,False,False,False,False,,,,,,,,,,,,,,,,,,,,,,,,,,,,,34.0096106,-118.4146853
"BEHAVIORAL HEALTH SERVICES, INC.",,,(310) 679-9031,,,RBHAdult - F: 0,,,English,Last Updated: 11/26/2025 10:15:08 AM,True,False,True,False,False,False,False,False,True,True,False,False,False,False,False,False,False,False,False,False,,,,,,,,,,,,,,,,,,,,,,,,,,,,,34.0188584,-118.2042581
HEALTHRIGHT 360,Secondary Agency Name:,"2650 East Foothill Boulevard,Pasadena, CA 91107",(909) 634-2950,,,,,,"English, Russian, Spanish",Last Updated: 11/24/2025 10:02:23 AM,False,True,True,False,False,False,False,False,False,False,False,False,False,False,False,False,False,False,False,False,,,,,,,,,,,,,,,,,,,,,,,,,,,,,34.1497839,-118.0957289
"FRED KENNEDY ASSOCIATES, INC.",,"17420 South Avalon Boulevard, #210 ,Carson, CA 90746",(310) 532-0620,,,,,,"English, Spanish",Last Updated: 6/30/2017 8:22:47 AM,False,False,True,False,False,False,False,False,False,False,False,False,False,False,False,False,False,False,False,False,,,,,,,,,,,,,,,,,,,,,,,,,,,,,33.8729931,-118.2656727
"BEHAVIORAL HEALTH SERVICES, INC.",Secondary Agency Name:,"9100 South Sepulveda Boulevard, Suite 105,Los Angeles, CA 90045",(310) 644-3659,,,,,,"English, Spanish",Last Updated: 8/27/2025 10:10:00 AM,False,True,True,False,False,False,False,False,False,False,False,False,False,False,False,False,False,False,False,False,,,,,,,,,,,,,,,,,,,,,,,,,,,,,33.9542725,-118.3957814
HIGH GAIN PROGRAM,,"9100 South Sepulveda Boulevard, #117,Westchester, CA 90045",(310) 644-3659,,,,,,"English, Spanish",Last Updated: 10/16/2025 10:40:55 AM,False,False,True,False,False,False,False,False,False,False,False,False,False,False,False,False,False,False,False,False,,,,,,,,,,,,,,,,,,,,,,,,,,,,,33.9542725,-118.3957814
"BEHAVIORAL HEALTH SERVICES, INC.",Secondary Agency Name:,"15519 Crenshaw Boulevard,Gardena, CA 90249",(310) 679-9031,,,,,,"English, Spanish",Last Updated: 11/26/2025 10:15:09 AM,False,True,True,False,False,False,False,False,False,False,False,False,False,False,False,False,False,False,False,False,,,,,,,,,,,,,,,,,,,,,,,,,,,,,33.8899628,-118.3266144
WESTERN PACIFIC MED-CORP,,"4838 Laurel Canyon Boulevard,North Hollywood, CA 91607",(818) 506-4455,,,,,,"English, Tagalog",Last Updated: 11/26/2025 4:55:36 AM,True,False,True,False,False,False,True,False,False,False,False,False,False,False,False,False,False,False,False,False,,,,,,,,,,,,,,,,,,,,,,,,,,,,,34.1815648,-118.3964523
LOS ANGELES CENTERS FOR ALCOHOL AND DRUG ABUSE,Secondary Agency Name:,"10210 Orr and Day Road, Suite B,Santa Fe Springs, CA 90670",(562) 348-0083,,,,,,Spanish,Last Updated: 10/2/2025 7:45:03 AM,False,True,True,False,False,False,False,False,False,False,False,False,False,False,False,False,False,False,False,False,,,,,,,,,,,,,,,,,,,,,,,,,,,,,33.9414415,-118.0908699
PACIFIC CLINICS,Secondary Agency Name:,"11721 East Telegraph Road, Suite A,Santa Fe Springs, CA 90670",(562) 949-8455,,,,,,"English, Spanish",Last Updated: 11/25/2025 11:31:41 AM,False,True,True,False,False,False,False,False,False,False,False,False,False,False,False,False,False,False,False,False,,,,,,,,,,,,,,,,,,,,,,,,,,,,,33.9480787,-118.0691499
"PRINCIPLES, INC.",,,(213) 625-5009,,,RBHAdult - M: 0Adult - F: 0,,,English,Last Updated: 11/26/2025 9:22:45 AM,True,False,True,False,False,False,False,True,True,True,False,False,False,False,False,False,False,False,False,False,,,,,,,,,,,,,,,,,,,,,,,,,,,,,34.0536909,-118.242766
LOS ANGELES CENTERS FOR ALCOHOL AND DRUG ABUSE,Secondary Agency Name:,,(626) 421-6311,,,RBHAdult - M: 0Adult - F: 0,,,English,Last Updated: 11/26/2025 9:07:12 AM,True,False,True,False,False,False,False,True,True,True,False,False,False,False,False,False,False,False,False,False,,,,,,,,,,,,,,,,,,,,,,,,,,,,,34.0451634,-118.2432327
LOS ANGELES CENTERS FOR ALCOHOL AND DRUG ABUSE,,,(626) 421-6382,,,RBHAdult - M: 0Adult - F: 0,,,English,Last Updated: 11/26/2025 9:07:12 AM,True,False,True,False,False,False,False,True,True,True,False,False,False,False,False,False,False,False,False,False,,,,,,,,,,,,,,,,,,,,,,,,,,,,,34.0451634,-118.2432327
"SAFETY CONSULTANT SERVICES, INC.",,"5518 North Long Beach Boulevard,Long Beach, CA 90805",(562) 428-6426,,,,,,"English, Spanish",Last Updated: 6/29/2017 4:07:05 PM,False,False,True,False,False,False,False,False,False,False,False,False,False,False,False,False,False,False,False,False,,,,,,,,,,,,,,,,,,,,,,,,,,,,,33.8562069,-118.1972136
LITTLE HOUSE,,"9718 Harvard Street,Bellflower, CA 90706",(562) 539-6281,,,RS(3.1)Adult - F: 0RS(3.5)Adult - F: 0,,,Spanish,Last Updated: 11/26/2025 5:04:51 AM,True,False,True,False,False,False,False,False,True,True,False,False,False,False,False,False,False,False,False,False,,,,,,,,,,,,,,,,,,,,,,,,,,,,,33.8883569,-118.1270087
WEST COUNTY MEDICAL CLINIC,,"100 East Market Street,Long Beach, CA 90805",(562) 428-4222,,,,,,"English, Spanish",Last Updated: 11/24/2025 8:03:36 AM,True,False,True,False,False,False,True,False,False,False,False,False,False,False,False,False,False,False,False,False,,,,,,,,,,,,,,,,,,,,,,,,,,,,,33.854209,-118.193533
LOS ANGELES CENTERS FOR ALCOHOL AND DRUG ABUSE,,"5861 Cherry Avenue,Long Beach, CA 90805",(562) 676-4259,,,,,,Spanish,Last Updated: 11/26/2025 9:07:13 AM,False,True,True,False,False,False,False,False,False,False,False,False,False,False,False,False,False,False,False,False,,,,,,,,,,,,,,,,,,,,,,,,,,,,,33.8612141,-118.1686947
TWIN PALMS RECOVERY CENTER,,"3574 Lexington Avenue,El Monte, CA 91731",(626) 443-4008,,,,,,"English, Spanish",Last Updated: 6/30/2017 8:40:54 AM,False,False,True,False,False,False,False,False,False,False,False,False,False,False,False,False,False,False,False,False,,,,,,,,,,,,,,,,,,,,,,,,,,,,,34.0742363,-118.0391757
SPIRITT FAMILY SERVICES,,"2000 Tyler Avenue,El Monte, CA 91733",(855) 714-8800,,,,,,"English, Spanish",Last Updated: 11/26/2025 10:25:45 AM,True,False,True,False,False,False,False,False,False,False,False,False,False,False,False,False,False,False,False,False,,,,,,,,,,,,,,,,,,,,,,,,,,,,,34.0573063,-118.035656
"SOUTHERN CALIFORNIA ALCOHOL AND DRUG PROGRAMS, INC.",Secondary Agency Name:,"16316, 16316 1/2, 16318, 16322, 16322 1/2 and 16322 7/8 Cornuta Avenue,Bellflower, CA 90706",(562) 399-5452,,,RS(3.1)Adult - F: 0RS(3.5)Adult - F: 2R-WMAdult - F: 2,,,"English, Spanish",Last Updated: 11/26/2025 6:06:30 AM,True,False,True,False,True,False,False,False,True,True,False,False,False,False,False,False,False,False,False,False,,,,,,,,,,,,,,,,,,,,,,,,,,,,,33.8825705,-118.1167679
"DIVINE HEALTHCARE SERVICES, INC.",Secondary Agency Name:,,(310) 672-3820,,,RBHAdult - M: 1,,,Spanish,Last Updated: 11/26/2025 9:15:26 AM,True,False,True,False,False,False,False,True,False,True,False,False,False,False,False,False,False,False,False,False,,,,,,,,,,,,,,,,,,,,,,,,,,,,,33.9617489,-118.36187
"TARZANA TREATMENT CENTERS, INC.",,"5190 Atlantic Avenue,Long Beach, CA 90805",(800) 996-1051,,,,,,"English, Spanish",Last Updated: 11/26/2025 8:53:00 AM,False,True,True,True,False,False,True,False,False,False,False,False,False,False,False,False,False,False,False,False,,,,,,,,,,,,,,,,,,,,,,,,,,,,,33.8502459,-118.1848167
"SOCIAL MODEL RECOVERY SYSTEMS, INC.",Secondary Agency Name:,"11046 Main Street,El Monte, CA 91731",(626) 636-2370,,,,,,Spanish,Last Updated: 11/24/2025 7:11:24 AM,False,True,True,False,False,False,False,False,False,False,False,False,False,False,False,False,False,False,False,False,,,,,,,,,,,,,,,,,,,,,,,,,,,,,34.0736456,-118.0350053
"TARZANA TREATMENT CENTERS, INC.",,"5178 Atlantic Avenue,Long Beach, CA 91801",(800) 996-1051,,,,,,"English, Spanish",Last Updated: 11/26/2025 9:39:48 AM,False,True,True,False,False,False,False,False,False,False,False,False,False,False,False,False,False,False,False,False,,,,,,,,,,,,,,,,,,,,,,,,,,,,,33.8500403,-118.1848178
"AEGIS TREATMENT CENTERS, LLC",,"11041 East Valley Boulevard,El Monte, CA 91731",(626) 442-4177,,,,,,"American Sign Language, English, Spanish",Last Updated: 11/26/2025 8:50:40 AM,True,False,True,False,False,False,True,False,False,False,False,False,False,False,False,False,False,False,False,False,,,,,,,,,,,,,,,,,,,,,,,,,,,,,34.0751571,-118.036849
LOS ANGELES CENTERS FOR ALCOHOL AND DRUG ABUSE,Secondary Agency Name:,"11015 Bloomfield Avenue,Santa Fe Springs, CA 90670",(562) 906-2676,,,,,,"English, Spanish",Last Updated: 11/26/2025 9:07:13 AM,False,True,True,False,False,False,False,False,False,False,False,False,False,False,False,False,False,False,False,False,,,,,,,,,,,,,,,,,,,,,,,,,,,,,33.9310179,-118.064057
LOS ANGELES CENTERS FOR ALCOHOL AND DRUG ABUSE,Secondary Agency Name:,"11111 BloomField Avenue,Santa Fe Springs, CA 90670",(562) 906-2685,,,RS(3.1)Adult - F: 0,,,Russian,Last Updated: 11/26/2025 9:07:13 AM,True,False,True,False,False,False,False,False,True,True,False,False,False,False,False,False,False,False,False,False,,,,,,,,,,,,,,,,,,,,,,,,,,,,,33.9305749,-118.064057
"PALM HOUSE, INC.",,"2515 East Jefferson Street,Carson, CA 90810",(310) 830-7803,,,RS(3.1)Adult - M: 0Youth - M: 0,,,English,Last Updated: 11/26/2025 9:18:26 AM,True,False,True,False,False,False,False,True,False,True,False,True,False,False,False,False,False,False,False,False,,,,,,,,,,,,,,,,,,,,,,,,,,,,,33.8340422,-118.2240124
ANDERSON COUNSELING AND EDUCATION,,"7028 Greenleaf Avenue, Unit K,Whittier, CA 90602",(562) 945-2977,,,,,,Spanish,Last Updated: 3/17/2025 3:09:50 PM,False,False,True,False,False,False,False,False,False,False,False,False,False,False,False,False,False,False,False,False,,,,,,,,,,,,,,,,,,,,,,,,,,,,,33.9787517,-118.0372311
"DRIVER SAFETY SCHOOLS, INC.",Secondary Agency Name:,"12304 Santa Monica Boulevard, Suite 104,West Los Angeles, CA 90025",(310) 479-8353,,,,,,"English, Farsi, Spanish",Last Updated: 6/29/2017 10:05:59 AM,False,False,True,False,False,False,False,False,False,False,False,False,False,False,False,False,False,False,False,False,,,,,,,,,,,,,,,,,,,,,,,,,,,,,34.0491396,-118.4387946
"I-ADARP, INC.",,"8330 Lankershim Boulevard, 1st Floor,North Hollywood, CA 91605",(818) 252-1400,,,,,,English,Last Updated: 11/26/2025 4:49:08 PM,False,True,True,False,False,False,False,False,False,False,False,False,False,False,False,False,False,False,False,False,,,,,,,,,,,,,,,,,,,,,,,,,,,,,34.1868054,-118.3877736
WESTERN PACIFIC MED-CORP,,"11902 Rosecrans Boulevard, Suites A and D,Norwalk, CA 90650",(562) 929-7188,,,,,,"English, Spanish",Last Updated: 11/26/2025 4:55:52 AM,True,False,True,False,False,False,True,False,False,False,False,False,False,False,False,False,False,False,False,False,,,,,,,,,,,,,,,,,,,,,,,,,,,,,33.9092802,-118.0849169
"FRED BROWN'S RECOVERY SERVICES, INC.",,,(310) 519-8723,,,RBHAdult - F: 0,,,English,Last Updated: 11/26/2025 8:15:42 AM,True,False,True,False,False,False,False,False,True,True,False,False,False,False,False,False,False,False,False,False,,,,,,,,,,,,,,,,,,,,,,,,,,,,,33.7315656,-118.2830317
"ADAPT - AWARE ZONE, INC.",,"13211 Whittier Boulevard, Unit H ,Whittier, CA 90602",(562) 698-0474,,,,,,"English, Spanish",Last Updated: 6/29/2017 10:04:53 AM,False,False,True,False,False,False,False,False,False,False,False,False,False,False,False,False,False,False,False,False,,,,,,,,,,,,,,,,,,,,,,,,,,,,,33.9641733,-118.0348463
AMERICAN HEALTH SERVICES LLC,,"717 Lincoln Boulevard,Venice, CA 90291",(310) 399-9883,,,,,,"English, Spanish",Last Updated: 11/24/2025 8:03:37 AM,True,False,True,False,False,False,True,False,False,False,False,False,False,False,False,False,False,False,False,False,,,,,,,,,,,,,,,,,,,,,,,,,,,,,33.9997007,-118.4642573
SPIRITT FAMILY SERVICES,,"8000 Painter Avenue,Whittier, CA 90602",(562) 903-7000,,,,,,"English, Spanish",Last Updated: 11/26/2025 10:25:45 AM,True,False,True,False,False,False,False,False,False,False,False,False,False,False,False,False,False,False,False,False,,,,,,,,,,,,,,,,,,,,,,,,,,,,,33.9684441,-118.0327084
"SOCIAL MODEL RECOVERY SYSTEMS, INC.",Secondary Agency Name:,"3430 Cogswell Road,El Monte, CA 91732",(877) 507-6242,,,RS(3.1)Adult - M: 0RS(3.3)Adult - M: 0RS(3.5)Adult - M: 0R-WMAdult - M: 0,,,Spanish,Last Updated: 11/26/2025 8:51:42 AM,True,False,True,False,True,False,False,True,False,True,False,False,False,False,False,False,False,False,False,False,,,,,,,,,,,,,,,,,,,,,,,,,,,,,34.067041,-118.0167673
"SOCIAL MODEL RECOVERY SYSTEMS, INC.",Secondary Agency Name:,"3426 Cogswell Road,El Monte, CA 91732",(877) 507-6242,,,RS(3.1)Adult - M: 0RS(3.3)Adult - M: 0RS(3.5)Adult - M: 0R-WMAdult - M: 0,,,Spanish,Last Updated: 11/26/2025 8:51:42 AM,True,False,True,False,True,False,False,True,False,True,False,False,False,False,False,False,False,False,False,False,,,,,,,,,,,,,,,,,,,,,,,,,,,,,34.0669685,-118.0168033
"HELPLINE YOUTH COUNSELING, INC.",Secondary Agency Name:,"12440 Firestone Boulevard, Suite 316,Norwalk, CA 90650",(562) 864-3722,,,,,,"English, Spanish",Last Updated: 11/26/2025 8:23:22 AM,False,True,True,False,False,False,False,False,False,False,False,False,False,False,False,False,False,False,False,False,,,,,,,,,,,,,,,,,,,,,,,,,,,,,33.9046406,-118.0686362
"DIVINE HEALTHCARE SERVICES, INC.",Secondary Agency Name:,,(310) 672-3820,,,RBHAdult - M: 0,,,Spanish,Last Updated: 11/26/2025 9:15:26 AM,True,False,True,False,False,False,False,True,False,True,False,False,False,False,False,False,False,False,False,False,,,,,,,,,,,,,,,,,,,,,,,,,,,,,33.9617489,-118.36187
"BEHAVIORAL HEALTH SERVICES, INC.",,"1334 Post Avenue,Torrance, CA 90501",(310) 328-1460,,,,,,English,Last Updated: 11/26/2025 8:47:49 AM,False,True,True,False,False,False,False,False,False,False,False,False,False,False,False,False,False,False,False,False,,,,,,,,,,,,,,,,,,,,,,,,,,,,,33.8353418,-118.3172599
HIGH GAIN PROGRAM/NCADD SOUTH BAY,Secondary Agency Name:,"1334 Post Avenue,Torrance, CA 90501",(310) 328-1587,,,,,,"English, Spanish",Last Updated: 6/29/2017 10:32:48 PM,False,False,True,False,False,False,False,False,False,False,False,False,False,False,False,False,False,False,False,False,,,,,,,,,,,,,,,,,,,,,,,,,,,,,33.8353418,-118.3172599
"ROOTS, INC. DBA ROOTS THROUGH RECOVERY",,"3939 Atlantic Avenue, Suite 102,Long Beach, CA 90807",(562) 473-0827,,,,,,"English, Spanish",Last Updated: 11/26/2025 9:03:21 AM,False,True,True,False,False,False,False,False,False,False,False,False,False,False,False,False,False,False,False,False,,,,,,,,,,,,,,,,,,,,,,,,,,,,,33.8296828,-118.1850978
TWIN TOWN CORPORATION,Secondary Agency Name:,"4940 Van Nuys Boulevard, Suite 201,Sherman Oaks, CA 91403",(818) 985-0560,,,,,,English,Last Updated: 11/26/2025 8:21:06 AM,False,True,True,False,False,False,False,False,False,False,False,False,False,False,False,False,False,False,False,False,,,,,,,,,,,,,,,,,,,,,,,,,,,,,34.160551,-118.4483677
"SOCIAL MODEL RECOVERY SYSTEMS, INC.",Secondary Agency Name:,,(877) 507-6242,,,RBHAdult - M: 0,,,Spanish,Last Updated: 11/26/2025 10:14:36 AM,True,False,True,False,False,False,False,True,False,True,False,False,False,False,False,False,False,False,False,False,,,,,,,,,,,,,,,,,,,,,,,,,,,,,34.0613924,-118.2719932
"SOCIAL MODEL RECOVERY SYSTEMS, INC.",Secondary Agency Name:,,(877) 507-6242,,,RBHAdult - M: 0,,,Spanish,Last Updated: 11/26/2025 8:23:35 AM,True,False,True,False,False,False,False,True,False,True,False,False,False,False,False,False,False,False,False,False,,,,,,,,,,,,,,,,,,,,,,,,,,,,,34.0613924,-118.2719932
"FRED BROWN'S RECOVERY SERVICES, INC.",,,(310) 519-8723,,,RBHAdult - M: 0,,,English,Last Updated: 11/26/2025 8:15:42 AM,True,False,True,False,False,False,False,True,False,True,False,False,False,False,False,False,False,False,False,False,,,,,,,,,,,,,,,,,,,,,,,,,,,,,33.7315656,-118.2830317
"NARCOTIC ADDICTION TREATMENT AGENCY, INC.",,"8741 Laurel Canyon Boulevard,Sun Valley, CA 91352",(818) 768-5525,,,,,,"English, Spanish",Last Updated: 11/20/2025 9:47:03 AM,True,False,True,False,False,False,True,False,False,False,False,False,False,False,False,False,False,False,False,False,,,,,,,,,,,,,,,,,,,,,,,,,,,,,34.2280368,-118.39969
"DRIVER BENEFITS PROGRAM, INC.",,"2370 West Carson Street, Suite 150,Torrance, CA 90501",(310) 320-9550,,,,,,"English, Spanish",Last Updated: 6/29/2017 10:21:59 AM,False,False,True,False,False,False,False,False,False,False,False,False,False,False,False,False,False,False,False,False,,,,,,,,,,,,,,,,,,,,,,,,,,,,,33.8312366,-118.3254367
LOS ANGELES CENTERS FOR ALCOHOL AND DRUG ABUSE,Secondary Agency Name:,,(626) 537-1807,,,,,,English,Last Updated: 11/26/2025 9:08:30 AM,True,False,True,False,False,False,False,False,False,False,False,False,False,False,False,False,False,False,False,False,,,,,,,,,,,,,,,,,,,,,,,,,,,,,34.0451634,-118.2432327
LOS ANGELES CENTERS FOR ALCOHOL AND DRUG ABUSE,,,(626) 537-1807,,,RBHAdult - F: 0Youth - F: 0,,,English,Last Updated: 11/26/2025 9:08:30 AM,True,False,True,False,False,False,False,False,True,True,False,True,False,False,False,False,False,False,False,False,,,,,,,,,,,,,,,,,,,,,,,,,,,,,34.0451634,-118.2432327
LOS ANGELES CENTERS FOR ALCOHOL AND DRUG ABUSE,Secondary Agency Name:,"14100 Glengyle Street,Whittier, CA 90604",(562) 906-2676,,,RS(3.1)Adult - F: 0Youth - F: 0RS(3.5)Adult - F: 0Youth - F: 0,,,Spanish,Last Updated: 11/26/2025 9:07:13 AM,True,False,True,False,False,False,False,False,True,True,False,True,False,False,False,False,False,False,False,False,,,,,,,,,,,,,,,,,,,,,,,,,,,,,33.937919,-118.033716
CLARE|MATRIX,,"1002 Pico Boulevard,Santa Monica, CA 90405",(310) 314-6200,,,,,,English,Last Updated: 11/26/2025 8:20:40 AM,False,True,True,False,False,False,False,False,False,False,False,False,False,False,False,False,False,False,False,False,,,,,,,,,,,,,,,,,,,,,,,,,,,,,34.0133279,-118.4807678
CLARE|MATRIX,Secondary Agency Name:,"844 Pico Boulevard,Santa Monica, CA 90405",(310) 314-6200,,,RS(3.1)Adult - F: 8RS(3.5)Adult - F: 6,,,English,Last Updated: 11/26/2025 8:20:41 AM,True,False,True,False,False,False,False,False,True,True,False,False,False,False,False,False,False,False,False,False,,,,,,,,,,,,,,,,,,,,,,,,,,,,,34.0129153,-118.4815341
CLARE|MATRIX,Secondary Agency Name:,"907 and 909 Pico Boulevard,Santa Monica, CA 90405",(310) 314-6200,,,RS(3.1)Adult - M: 0RS(3.5)Adult - M: 0,,,English,Last Updated: 11/26/2025 8:20:41 AM,True,False,True,False,False,False,False,True,False,True,False,False,False,False,False,False,False,False,False,False,,,,,,,,,,,,,,,,,,,,,,,,,,,,,34.0194704,-118.491227
WESTERN PACIFIC MED-CORP,,"14332 Victory Boulevard,Van Nuys, CA 91401",(818) 989-1996,,,,,,"Armenian, English, Farsi, French, Russian",Last Updated: 11/26/2025 4:55:36 AM,True,False,True,False,False,False,True,False,False,False,False,False,False,False,False,False,False,False,False,False,,,,,,,,,,,,,,,,,,,,,,,,,,,,,34.1865807,-118.4451132
"PHOENIX HOUSES OF LOS ANGELES, INC.",Secondary Agency Name:,"503 Ocean Front Walk,Venice, CA 90291",(310) 392-3070,,,RS(3.1)Adult - M: 0RS(3.5)Adult - M: 0R-WMAdult - M: 0,,,Spanish,Last Updated: 11/26/2025 7:51:30 AM,True,False,True,False,True,False,False,True,False,True,False,False,False,False,False,False,False,False,False,False,,,,,,,,,,,,,,,,,,,,,,,,,,,,,33.9894844,-118.475924
NATIONAL COUNCIL ON ALCOHOLISM AND DRUG DEPENDENCE OF THE SAN FERNANDO VALLEY,,"6166 Vesper Avenue,Van Nuys, CA 91411",(818) 997-0414,,,,,,"English, Spanish",Last Updated: 11/26/2025 8:49:29 AM,True,False,True,False,False,False,False,False,False,False,False,False,False,False,False,False,False,False,False,False,,,,,,,,,,,,,,,,,,,,,,,,,,,,,34.1822804,-118.450796
AM/PM CULVER CITY BUDGET/ESCUELA LATINA AND ALCOHOL ASSESSMENTS 2,,"6315 Van Nuys Boulevard, Suite A-3,Van Nuys, CA 91401",(818) 787-7878,,,,,,"English, Farsi, Spanish",Last Updated: 5/17/2023 8:43:36 AM,False,False,True,False,False,False,False,False,False,False,False,False,False,False,False,False,False,False,False,False,,,,,,,,,,,,,,,,,,,,,,,,,,,,,34.1852555,-118.4490686
"THE TEEN PROJECT, INC., D.B.A. FREEHAB",Secondary Agency Name:,"14530 Sylvan Street,Van Nuys, CA 91411",(800) 685-7460,,,RS(3.1)Adult - F: 0RS(3.3)Adult - F: 0RS(3.5)Adult - F: 0R-WMAdult - F: 0,,,"Armenian, Russian, Spanish",Last Updated: 11/17/2025 11:39:43 AM,True,False,True,False,True,False,False,False,True,True,False,False,False,False,False,False,False,False,False,False,,,,,,,,,,,,,,,,,,,,,,,,,,,,,34.1845717,-118.4496333
TWIN TOWN CORPORATION,Secondary Agency Name:,"3828 Carson Street, Suite 100,Torrance, CA 90503",(310) 787-1335,,,,,,"English, Spanish",Last Updated: 11/26/2025 8:21:06 AM,False,True,True,False,False,False,False,False,False,False,False,False,False,False,False,False,False,False,False,False,,,,,,,,,,,,,,,,,,,,,,,,,,,,,33.8314967,-118.35352
"HELPLINE YOUTH COUNSELING, INC.",Secondary Agency Name:,"14181 Telegraph Road,Whittier, CA 90604",(562) 273-0722,,,,,,"English, Spanish",Last Updated: 11/26/2025 8:23:22 AM,False,True,True,False,False,False,False,False,False,False,False,False,False,False,False,False,False,False,False,False,,,,,,,,,,,,,,,,,,,,,,,,,,,,,33.9288012,-118.0294023
"DIVINE HEALTHCARE SERVICES, INC.",,,(310) 672-3820,,,RBHAdult - M: 2,,,Spanish,Last Updated: 11/26/2025 9:15:26 AM,True,False,True,False,False,False,False,True,False,True,False,False,False,False,False,False,False,False,False,False,,,,,,,,,,,,,,,,,,,,,,,,,,,,,33.9617489,-118.36187
LOS ANGELES CENTERS FOR ALCOHOL AND DRUG ABUSE,,,(562) 982-4018,,,RBHAdult - M: 2Adult - F: 0,,,English,Last Updated: 11/26/2025 9:07:12 AM,True,False,True,False,False,False,False,True,True,True,False,False,False,False,False,False,False,False,False,False,,,,,,,,,,,,,,,,,,,,,,,,,,,,,34.0451634,-118.2432327
"DIVINE HEALTHCARE SERVICES, INC.",Secondary Agency Name:,,(310) 672-3820,,,RBHAdult - M: 0,,,Spanish,Last Updated: 11/26/2025 9:15:26 AM,True,False,True,False,False,False,False,True,False,True,False,False,False,False,False,False,False,False,False,False,,,,,,,,,,,,,,,,,,,,,,,,,,,,,33.9617489,-118.36187
"EGGLESTON YOUTH CENTERS, INC., D. B. A. EGGLESTON SUBSTANCE ABUSE AND EDUCATION PROGRAM",Secondary Agency Name:,"13001 Ramona Boulevard, Suites E & J,Irwindale, CA 91706",(626) 472-6000,,,,,,"English, Spanish",Last Updated: 11/26/2025 8:51:58 AM,False,True,True,False,False,False,False,False,False,False,False,False,False,False,False,False,False,False,False,False,,,,,,,,,,,,,,,,,,,,,,,,,,,,,34.1069927,-117.934214
CAMBODIAN ASSOCIATION OF AMERICA,,"2501 Atlantic Avenue,Long Beach, CA 90806",(562) 424-6105,,,,,,"Cambodian, English, Spanish",Last Updated: 11/26/2025 8:19:38 AM,False,True,True,False,False,False,False,False,False,False,False,False,False,False,False,False,False,False,False,False,,,,,,,,,,,,,,,,,,,,,,,,,,,,,33.802475,-118.185112
"FRED KENNEDY ASSOCIATES, INC.",,"1424 4th Street, Suite 205,Santa Monica, CA 90401",(310) 451-5881,,,,,,Spanish,Last Updated: 3/26/2024 12:16:07 PM,False,False,True,False,False,False,False,False,False,False,False,False,False,False,False,False,False,False,False,False,,,,,,,,,,,,,,,,,,,,,,,,,,,,,34.0159684,-118.494795
AMERICAN HEALTH SERVICES LLC,,"6265 Sepulveda Boulevard, Suite 9,Van Nuys, CA 91411",(818) 779-0555,,,,,,English,Last Updated: 11/24/2025 8:03:37 AM,True,False,True,False,False,False,True,False,False,False,False,False,False,False,False,False,False,False,False,False,,,,,,,,,,,,,,,,,,,,,,,,,,,,,34.1842388,-118.466277
AMERICAN INDIAN CHANGING SPIRITS,,"2120 West Williams Street, Buildings 1, 2, and 3,Long Beach, CA 90810",(562) 388-8118,,,RS(3.1)Adult - M: 0Adult - F: 0RS(3.5)Adult - M: 0Adult - F: 0,,,Spanish,Last Updated: 11/26/2025 10:06:31 AM,True,False,True,False,False,False,False,True,True,True,False,False,False,False,False,False,False,False,False,False,,,,,,,,,,,,,,,,,,,,,,,,,,,,,33.7690164,-118.191604
"TARZANA TREATMENT CENTERS, INC.",,"2101 Magnolia Avenue,Long Beach, CA 90806",(800) 996-1051,,,RS(3.1)Adult - M: 0Adult - F: 0RS(3.3)Adult - M: 0Adult - F: 0RS(3.5)Adult - M: 1Adult - F: 1R-WMAdult - M: 0Adult - F: 0,,,"Armenian, English, Spanish",Last Updated: 11/26/2025 8:57:57 AM,True,False,True,False,True,False,False,True,True,True,False,False,False,False,False,False,False,False,False,False,,,,,,,,,,,,,,,,,,,,,,,,,,,,,33.795573,-118.1984023
LOS ANGELES CENTERS FOR ALCOHOL AND DRUG ABUSE,,,(562) 676-4259,,,RBHAdult - M: 3,,,English,Last Updated: 11/26/2025 9:07:12 AM,True,False,True,False,False,False,False,True,False,True,False,False,False,False,False,False,False,False,False,False,,,,,,,,,,,,,,,,,,,,,,,,,,,,,34.0451634,-118.2432327
"DIVINE HEALTHCARE SERVICES, INC.",Secondary Agency Name:,,(310) 672-3820,,,RBHAdult - M: 3,,,"English, Spanish",Last Updated: 11/26/2025 9:15:26 AM,True,False,True,False,False,False,False,True,False,True,False,False,False,False,False,False,False,False,False,False,,,,,,,,,,,,,,,,,,,,,,,,,,,,,33.9617489,-118.36187
"BEHAVIORAL HEALTH SERVICES, INC.",Secondary Agency Name:,"1318 North Avalon Boulevard, Suite A,Wilmington, CA 90744",(310) 549-2710,,,,,,"English, Spanish",Last Updated: 11/26/2025 6:59:42 AM,False,True,True,False,False,False,False,False,False,False,False,False,False,False,False,False,False,False,False,False,,,,,,,,,,,,,,,,,,,,,,,,,,,,,33.7893789,-118.2630683
"BIENESTAR HUMAN SERVICES, INC",,"8134 Van Nuys Boulevard, Suite 200,Panorama City, CA 91402",(818) 908-3820,,,,,,"English, Spanish",Last Updated: 7/30/2024 2:11:29 PM,False,True,True,False,False,False,False,False,False,False,False,False,False,False,False,False,False,False,False,False,,,,,,,,,,,,,,,,,,,,,,,,,,,,,34.218616,-118.4486703
"DIVINE HEALTHCARE SERVICES, INC.",Secondary Agency Name:,,(310) 672-3820,,,RBHAdult - M: 1,,,"English, Spanish",Last Updated: 11/26/2025 9:15:26 AM,True,False,True,False,False,False,False,True,False,True,False,False,False,False,False,False,False,False,False,False,,,,,,,,,,,,,,,,,,,,,,,,,,,,,33.9617489,-118.36187
"BEHAVIORAL HEALTH SERVICES, INC.",,"514 West Pacific Coast Highway,Long Beach, CA 90806",(562) 432-0713,,,,,,"English, Spanish",Last Updated: 11/24/2025 7:57:00 AM,False,True,True,False,False,False,False,False,False,False,False,False,False,False,False,False,False,False,False,False,,,,,,,,,,,,,,,,,,,,,,,,,,,,,33.7690164,-118.191604
"BEHAVIORAL HEALTH SERVICES, INC.",Secondary Agency Name:,"1775 Chestnut Avenue,Long Beach, CA 90813",(562) 599-8444,,,RS(3.1)Adult - M: 0Adult - F: 0RS(3.5)Adult - M: 0Adult - F: 0R-WMAdult - M: 0Adult - F: 0I-WMAdult - M: 0Adult - F: 0,,,English,Last Updated: 11/26/2025 5:07:44 AM,True,False,True,False,True,True,False,True,True,True,False,False,False,False,False,False,False,False,False,False,,,,,,,,,,,,,,,,,,,,,,,,,,,,,33.7893484,-118.1964545
"AEGIS TREATMENT CENTERS, LLC",,"14240 Imperial Highway,La Mirada, CA 90638",(562) 946-1587,,,,,,"English, Spanish",Last Updated: 11/26/2025 8:50:40 AM,True,False,True,False,False,False,True,False,False,False,False,False,False,False,False,False,False,False,False,False,,,,,,,,,,,,,,,,,,,,,,,,,,,,,33.9169524,-118.0281356
"PHOENIX HOUSES OF LOS ANGELES, INC.",Secondary Agency Name:,"11600 Eldridge Avenue,Lake View Terrace, CA 91342",(818) 686-3100,,,,,,Spanish,Last Updated: 11/26/2025 8:27:14 AM,False,True,True,False,False,False,False,False,False,False,False,False,False,False,False,False,False,False,False,False,,,,,,,,,,,,,,,,,,,,,,,,,,,,,34.2763908,-118.3611912
"TARZANA TREATMENT CENTERS, INC.",,,(800) 996-1051,,,RBHAdult - F: 2,,,English,Last Updated: 11/26/2025 9:03:07 AM,True,False,True,False,False,False,False,False,True,True,False,False,False,False,False,False,False,False,False,False,,,,,,,,,,,,,,,,,,,,,,,,,,,,,33.9220616,-118.2392221
"DIVINE HEALTHCARE SERVICES, INC.",Secondary Agency Name:,,(310) 672-3820,,,RBHAdult - F: 0,,,Spanish,Last Updated: 11/26/2025 9:15:26 AM,True,False,True,False,False,False,False,False,True,True,False,False,False,False,False,False,False,False,False,False,,,,,,,,,,,,,,,,,,,,,,,,,,,,,33.9617489,-118.36187
"AEGIS TREATMENT CENTERS, LLC",,"909 North Avalon Boulevard,Wilmington, CA 90744",(310) 513-0626,,,,,,English,Last Updated: 9/18/2024 7:39:08 AM,True,False,True,False,False,False,True,False,False,False,False,False,False,False,False,False,False,False,False,False,,,,,,,,,,,,,,,,,,,,,,,,,,,,,33.7814522,-118.2626421
"BEHAVIORAL HEALTH SERVICES, INC.",Secondary Agency Name:,,(562) 599-8444,,,RBHAdult - M: 0Adult - F: 0,,,English,Last Updated: 11/26/2025 5:07:44 AM,True,False,True,False,False,False,False,True,True,True,False,False,False,False,False,False,False,False,False,False,,,,,,,,,,,,,,,,,,,,,,,,,,,,,34.0188584,-118.2042581
"DIVINE HEALTHCARE SERVICES, INC.",Secondary Agency Name:,,(310) 672-3820,,,RBHAdult - M: 0,,,Spanish,Last Updated: 11/26/2025 9:15:26 AM,True,False,True,False,False,False,False,True,False,True,False,False,False,False,False,False,False,False,False,False,,,,,,,,,,,,,,,,,,,,,,,,,,,,,33.9617489,-118.36187
DIDI HIRSCH PSYCHIATRIC SERVICE,Secondary Agency Name:,,(818) 897-2609,,,RS(3.1)Adult - F: 1RS(3.3)Adult - F: 2RS(3.5)Adult - F: 2R-WMAdult - F: 2,,,Spanish,Last Updated: 11/26/2025 6:43:38 AM,True,False,True,False,True,False,False,False,True,True,False,False,False,False,False,False,False,False,False,False,,,,,,,,,,,,,,,,,,,,,,,,,,,,,34.1426882,-118.2303832
EL PROYECTO DEL BARRIO,,"9140 Van Nuys Boulevard, #211,Panorama City, CA 91402",(818) 895-2206,,,,,,"English, Spanish",Last Updated: 11/26/2025 8:24:52 AM,False,True,True,False,False,False,False,False,False,False,False,False,False,False,False,False,False,False,False,False,,,,,,,,,,,,,,,,,,,,,,,,,,,,,34.236216,-118.45015
"HARBOR AREA HIGH GAIN PROGRAM, INC.",,"315-A East 11th Street,Long Beach, CA 90813",(562) 436-9801,,,,,,"English, Spanish",Last Updated: 6/30/2017 8:47:13 AM,False,False,True,False,False,False,False,False,False,False,False,False,False,False,False,False,False,False,False,False,,,,,,,,,,,,,,,,,,,,,,,,,,,,,33.780838,-118.1826007
AMERICAN HEALTH SERVICES LLC,,"21505 Norwalk Boulevard,Hawaiian Gardens, CA 90716",(562) 916-7581,,,,,,"English, Spanish",Last Updated: 11/24/2025 8:03:37 AM,True,False,True,False,False,False,True,False,False,False,False,False,False,False,False,False,False,False,False,False,,,,,,,,,,,,,,,,,,,,,,,,,,,,,33.8340369,-118.0720888
ABC TRAFFIC SAFETY PROGRAM,,"12100 Carson Street, E,Hawaiian Gardens, CA 90716",(562) 421-4949,,,,,,"English, Spanish",Last Updated: 6/30/2017 8:24:08 AM,False,False,True,False,False,False,False,False,False,False,False,False,False,False,False,False,False,False,False,False,,,,,,,,,,,,,,,,,,,,,,,,,,,,,33.8284787,-118.074313
"HELPLINE YOUTH COUNSELING, INC.",,"920 Atlantic Avenue, Suites 101 & 102,Long Beach, CA 90813",(562) 380-0261,,,,,,"English, Spanish",Last Updated: 11/26/2025 8:23:22 AM,False,True,True,False,False,False,False,False,False,False,False,False,False,False,False,False,False,False,False,False,,,,,,,,,,,,,,,,,,,,,,,,,,,,,33.7690164,-118.191604
WESTERN PACIFIC MED-CORP,,"9462 Van Nuys Boulevard,Panorama City, CA 91402",(818) 891-8555,,,,,,"English, Spanish, Tagalog",Last Updated: 11/26/2025 4:55:52 AM,True,False,True,False,False,False,True,False,False,False,False,False,False,False,False,False,False,False,False,False,,,,,,,,,,,,,,,,,,,,,,,,,,,,,34.2123254,-118.4488534
"TRANSCULTURAL HEALTH DEVELOPMENT, INC.",Secondary Agency Name:,"117 East Harry Bridges Boulevard,Wilmington, CA 90744",(310) 549-8383,,,,,,"English, Spanish",Last Updated: 10/24/2025 10:09:27 AM,True,False,True,False,False,False,True,False,False,False,False,False,False,False,False,False,False,False,False,False,,,,,,,,,,,,,,,,,,,,,,,,,,,,,33.771373,-118.2614436
"BEHAVIORAL HEALTH SERVICES, INC.",,"615 Elm Avenue,Long Beach, CA 90802",(562) 435-7350,,,RS(3.1)Adult - F: 0RS(3.5)Adult - F: 4,,,English,Last Updated: 11/26/2025 10:48:00 AM,True,False,True,False,False,False,False,False,True,True,False,False,False,False,False,False,False,False,False,False,,,,,,,,,,,,,,,,,,,,,,,,,,,,,33.7744559,-118.1877684
"BEHAVIORAL HEALTH SERVICES, INC.",Secondary Agency Name:,"341 and 351 East 6th Street,Long Beach, CA 90802",(562) 435-7350,,,RS(3.1)Adult - F: 0RS(3.5)Adult - F: 0,,,English,Last Updated: 11/26/2025 10:48:00 AM,True,False,True,False,False,False,False,False,True,True,False,False,False,False,False,False,False,False,False,False,,,,,,,,,,,,,,,,,,,,,,,,,,,,,33.7707411,-118.18947
ALCOHOL EDUCATION AND RECOVERY CENTER,,"1355 South Redondo Avenue, 2,Long Beach, CA 90804",(562) 986-5046,,,,,,"English, Spanish",Last Updated: 6/30/2017 8:57:44 AM,False,False,True,False,False,False,False,False,False,False,False,False,False,False,False,False,False,False,False,False,,,,,,,,,,,,,,,,,,,,,,,,,,,,,33.7690164,-118.191604
SAFE REFUGE,,"728 1/2 Freeman Avenue,Long Beach, CA 90804",(562) 987-5722,,,RS(3.1)Adult - M: 0RS(3.5)Adult - M: 0,,,English,Last Updated: 11/26/2025 7:11:13 AM,True,False,True,False,False,False,False,True,False,True,False,False,False,False,False,False,False,False,False,False,,,,,,,,,,,,,,,,,,,,,,,,,,,,,33.7789771,-118.1556867
PENNY LANE CENTERS,,"15305 Rayen Street,North Hills, CA 91343",(818) 430-4445,,,,,,"English, Spanish",Last Updated: 11/21/2025 8:30:23 AM,False,True,True,False,False,False,False,False,False,False,False,False,False,False,False,False,False,False,False,False,,,,,,,,,,,,,,,,,,,,,,,,,,,,,34.2319714,-118.4657866
SAFE REFUGE,,,(562) 987-5722,,,RBHAdult - F: 0,,,English,Last Updated: 11/26/2025 7:11:13 AM,True,False,True,False,False,False,False,False,True,True,False,False,False,False,False,False,False,False,False,False,,,,,,,,,,,,,,,,,,,,,,,,,,,,,33.7789771,-118.1556867
SAFE REFUGE,,,(562) 987-5722,,,RBHAdult - M: 0Adult - F: 0,,,English,Last Updated: 11/26/2025 7:11:13 AM,True,False,True,False,False,False,False,True,True,True,False,False,False,False,False,False,False,False,False,False,,,,,,,,,,,,,,,,,,,,,,,,,,,,,33.7789771,-118.1556867
SAFE REFUGE,,,(562) 987-5722,,,RBHAdult - M: 0Adult - F: 0,,,English,Last Updated: 11/26/2025 7:11:13 AM,True,False,True,False,False,False,False,True,True,True,False,False,False,False,False,False,False,False,False,False,,,,,,,,,,,,,,,,,,,,,,,,,,,,,33.7789771,-118.1556867
"DIVINE HEALTHCARE SERVICES, INC.",Secondary Agency Name:,,(310) 672-3820,,,RBHAdult - M: 0,,,Spanish,Last Updated: 11/26/2025 9:15:26 AM,True,False,True,False,False,False,False,True,False,True,False,False,False,False,False,False,False,False,False,False,,,,,,,,,,,,,,,,,,,,,,,,,,,,,33.9617489,-118.36187
LOS ANGELES CENTERS FOR ALCOHOL AND DRUG ABUSE,,,(562) 665-7488,,,RBHAdult - M: 0,,,English,Last Updated: 11/26/2025 9:07:12 AM,True,False,True,False,False,False,False,True,False,True,False,False,False,False,False,False,False,False,False,False,,,,,,,,,,,,,,,,,,,,,,,,,,,,,34.0451634,-118.2432327
SAFE REFUGE,,,(562) 987-5722,,,RBHAdult - M: 0,,,English,Last Updated: 11/26/2025 7:11:13 AM,True,False,True,False,False,False,False,True,False,True,False,False,False,False,False,False,False,False,False,False,,,,,,,,,,,,,,,,,,,,,,,,,,,,,33.7789771,-118.1556867
SAFE REFUGE,,,(562) 987-5722,,,RBHAdult - M: 0,,,English,Last Updated: 11/26/2025 7:11:13 AM,True,False,True,False,False,False,False,True,False,True,False,False,False,False,False,False,False,False,False,False,,,,,,,,,,,,,,,,,,,,,,,,,,,,,33.7789771,-118.1556867
SAFE REFUGE,,,(562) 987-5722,,,RBHAdult - M: 0,,,English,Last Updated: 11/26/2025 7:11:13 AM,True,False,True,False,False,False,False,True,False,True,False,False,False,False,False,False,False,False,False,False,,,,,,,,,,,,,,,,,,,,,,,,,,,,,33.7789771,-118.1556867
SAFE REFUGE,Secondary Agency Name:,,(562) 987-5722,,,RBHAdult - M: 0,,,"English, Spanish",Last Updated: 11/26/2025 7:11:13 AM,True,False,True,False,False,False,False,True,False,True,False,False,False,False,False,False,False,False,False,False,,,,,,,,,,,,,,,,,,,,,,,,,,,,,33.7789771,-118.1556867
SAFE REFUGE,,"1046 Redondo Avenue,Long Beach, CA 90804",(562) 987-5722,,,,,,English,Last Updated: 11/26/2025 7:11:13 AM,False,True,True,False,False,False,False,False,False,False,False,False,False,False,False,False,False,False,False,False,,,,,,,,,,,,,,,,,,,,,,,,,,,,,33.7798258,-118.1523116
SAFE REFUGE,,"3125 East 7th Street,Long Beach, CA 90804",(562) 987-5722,,,RS(3.1)Adult - M: 0RS(3.5)Adult - M: 0,,,English,Last Updated: 11/26/2025 7:11:13 AM,False,True,True,False,False,False,False,True,False,True,False,False,False,False,False,False,False,False,False,False,,,,,,,,,,,,,,,,,,,,,,,,,,,,,33.7754197,-118.1553255
SAFE REFUGE,,"728-A Freeman Avenue,Long Beach, CA 90804",(562) 987-5722,,,RS(3.1)Adult - M: 0Adult - F: 0RS(3.5)Adult - M: 0Adult - F: 0,,,English,Last Updated: 11/26/2025 7:11:13 AM,True,False,True,False,False,False,False,True,True,True,False,False,False,False,False,False,False,False,False,False,,,,,,,,,,,,,,,,,,,,,,,,,,,,,33.7789771,-118.1556867
SAFE REFUGE,,"728 Freeman Avenue,Long Beach, CA 90804",(562) 987-5722,,,RS(3.1)Adult - M: 0RS(3.5)Adult - M: 0,,,English,Last Updated: 11/26/2025 7:11:13 AM,True,False,True,False,False,False,False,True,False,True,False,False,False,False,False,False,False,False,False,False,,,,,,,,,,,,,,,,,,,,,,,,,,,,,33.7759064,-118.1555661
SAFE REFUGE,,"718 Freeman Avenue,Long Beach, CA 90804",(562) 987-5722,,,RS(3.1)Adult - M: 0RS(3.5)Adult - M: 0,,,"English, Spanish",Last Updated: 11/26/2025 7:11:13 AM,True,False,True,False,False,False,False,True,False,True,False,False,False,False,False,False,False,False,False,False,,,,,,,,,,,,,,,,,,,,,,,,,,,,,33.7757466,-118.1555664
SAFE REFUGE,,"727 Obispo Avenue,Long Beach, CA 90804",(562) 987-5722,,,RS(3.1)Adult - F: 0RS(3.5)Adult - F: 0,,,English,Last Updated: 11/26/2025 7:11:13 AM,True,False,True,False,False,False,False,False,True,True,False,False,False,False,False,False,False,False,False,False,,,,,,,,,,,,,,,,,,,,,,,,,,,,,33.7758781,-118.1546812
SAFE REFUGE,,"729 Obispo Avenue,Long Beach, CA 90804",(562) 987-5722,,,RS(3.1)Adult - F: 0RS(3.5)Adult - F: 0,,,English,Last Updated: 11/26/2025 7:11:13 AM,True,False,True,False,False,False,False,False,True,True,False,False,False,False,False,False,False,False,False,False,,,,,,,,,,,,,,,,,,,,,,,,,,,,,33.77591,-118.1546811
SAFE REFUGE,,"3111 East Seventh Street,Long Beach, CA 90804",(562) 987-5722,,,RS(3.1)Adult - M: 0RS(3.5)Adult - M: 0,,,"English, Spanish",Last Updated: 11/26/2025 7:11:13 AM,True,False,True,False,False,False,False,True,False,True,False,False,False,False,False,False,False,False,False,False,,,,,,,,,,,,,,,,,,,,,,,,,,,,,33.7690164,-118.191604
SAFE REFUGE,,"719 Obispo Avenue, Apts. 1-10,Long Beach, CA 90804",(562) 987-5722,,,RS(3.1)Adult - M: 0Adult - F: 0RS(3.5)Adult - M: 0Adult - F: 0,,,English,Last Updated: 11/26/2025 7:11:13 AM,True,False,True,False,False,False,False,True,True,True,False,False,False,False,False,False,False,False,False,False,,,,,,,,,,,,,,,,,,,,,,,,,,,,,33.7690164,-118.191604
SAFE REFUGE,,"3115 East Seventh Street,Long Beach, CA 90804",(562) 987-5722,,,RS(3.1)Adult - M: 0RS(3.5)Adult - M: 0,,,English,Last Updated: 11/26/2025 7:11:13 AM,True,False,True,False,False,False,False,True,False,True,False,False,False,False,False,False,False,False,False,False,,,,,,,,,,,,,,,,,,,,,,,,,,,,,33.7690164,-118.191604
SAFE REFUGE,,"3113 East Seventh Street,Long Beach, CA 90804",(562) 987-5722,,,RS(3.1)Adult - M: 0RS(3.5)Adult - M: 0,,,"American Sign Language, English",Last Updated: 11/26/2025 7:11:13 AM,True,False,True,False,False,False,False,True,False,True,False,False,False,False,False,False,False,False,False,False,,,,,,,,,,,,,,,,,,,,,,,,,,,,,33.7690164,-118.191604
SAFE REFUGE,,"3131 East 7th Street, Apt.1, 3, 4, 5, 6,Long Beach, CA 90804",(562) 987-5722,,,RS(3.1)Adult - M: 0RS(3.5)Adult - M: 0,,,English,Last Updated: 11/26/2025 7:11:13 AM,True,False,True,False,False,False,False,True,False,True,False,False,False,False,False,False,False,False,False,False,,,,,,,,,,,,,,,,,,,,,,,,,,,,,33.7754199,-118.1552774
SAFE REFUGE,,"3137-3139 East 7th Street,Long Beach, CA 90804",(562) 987-5722,,,,,,"English, Spanish",Last Updated: 11/26/2025 7:11:13 AM,False,True,True,False,False,False,False,False,False,False,False,False,False,False,False,False,False,False,False,False,,,,,,,,,,,,,,,,,,,,,,,,,,,,,33.7754201,-118.1552293
SAFE REFUGE,,"3119 East Seventh Street,Long Beach, CA 90804",(562) 987-5722,,,RS(3.1)Adult - M: 0Adult - F: 0RS(3.5)Adult - M: 0Adult - F: 0,,,English,Last Updated: 11/26/2025 7:11:13 AM,True,False,True,False,False,False,False,True,True,True,False,False,False,False,False,False,False,False,False,False,,,,,,,,,,,,,,,,,,,,,,,,,,,,,33.7690164,-118.191604
"ADDICTION RESEARCH AND TREATMENT, INC.",,"15229 East Amar Road,La Puente, CA 91744",(626) 855-5090,,,,,,"Cantonese, English, Russian, Spanish, Tagalog",Last Updated: 11/20/2019 9:09:32 AM,True,False,True,False,False,False,True,False,False,False,False,False,False,False,False,False,False,False,False,False,,,,,,,,,,,,,,,,,,,,,,,,,,,,,34.0280619,-117.953097
"BAART BEHAVIORAL HEALTH SERVICES, INC.",,"15229 East Amar Road,La Puente, CA 91744",(626) 855-5090,,,,,,"English, Spanish",Last Updated: 11/20/2022 11:09:48 PM,True,False,True,False,False,False,True,False,False,False,False,False,False,False,False,False,False,False,False,False,,,,,,,,,,,,,,,,,,,,,,,,,,,,,34.0280619,-117.953097
"SAN FERNANDO VALLEY COMMUNITY MENTAL HEALTH CENTER, INC.",,"16650 Sherman Way, Suite 102,Van Nuys, CA 91406",(818) 901-4836,,,,,,"English, Spanish",Last Updated: 4/5/2022 5:00:02 PM,True,False,True,False,False,False,False,False,False,False,False,False,False,False,False,False,False,False,False,False,,,,,,,,,,,,,,,,,,,,,,,,,,,,,34.2012485,-118.4734847
"FRED KENNEDY ASSOCIATES, INC.",,"1931 North Gaffey Street, Suite D,San Pedro, CA 90731",(310) 521-1263,,,,,,"English, Spanish",Last Updated: 6/29/2017 10:32:30 AM,False,False,True,False,False,False,False,False,False,False,False,False,False,False,False,False,False,False,False,False,,,,,,,,,,,,,,,,,,,,,,,,,,,,,33.7478521,-118.2930001
"TARZANA TREATMENT CENTERS, INC.",Secondary Agency Name:,,(800) 996-1051,,,RBHAdult - M: 2,,,English,Last Updated: 11/26/2025 9:03:07 AM,True,False,True,False,False,False,False,True,False,True,False,False,False,False,False,False,False,False,False,False,,,,,,,,,,,,,,,,,,,,,,,,,,,,,33.9220616,-118.2392221
SAN FERNANDO RECOVERY CENTER,,"762, 734, 732 Griswold Avenue,San Fernando, CA 91340",(747) 500-9405,,,RS(3.1)Adult - M: 0RS(3.5)Adult - M: 0,,,Spanish,Last Updated: 11/26/2025 6:32:14 AM,True,False,True,False,False,False,False,True,False,True,False,False,False,False,False,False,False,False,False,False,,,,,,,,,,,,,,,,,,,,,,,,,,,,,34.2881838,-118.4278361
"SAFETY EDUCATION CENTER, INC.",,"1515 West Cameron Avenue, Building C, Suite 300,West Covina, CA 91790",(626) 960-3977,,,,,,"English, Spanish",Last Updated: 6/29/2017 10:07:23 AM,False,False,True,False,False,False,False,False,False,False,False,False,False,False,False,False,False,False,False,False,,,,,,,,,,,,,,,,,,,,,,,,,,,,,34.068385,-117.9417456
NORTHEAST VALLEY HEALTH CORPORATION,,"1036 North Maclay Avenue,San Fernando, CA 91340",(818) 365-2571,,,,,,"English, Spanish",Last Updated: 6/29/2017 10:35:58 AM,False,False,True,False,False,False,False,False,False,False,False,False,False,False,False,False,False,False,False,False,,,,,,,,,,,,,,,,,,,,,,,,,,,,,34.294457,-118.425836
TWIN TOWN CORPORATION,Secondary Agency Name:,"4281 Katella Avenue, Suite 117,Los Alamitos, CA 90720",(562) 596-0050,,,,,,"English, Spanish",Last Updated: 11/26/2025 8:21:06 AM,False,True,True,False,False,False,False,False,False,False,False,False,False,False,False,False,False,False,False,False,,,,,,,,,,,,,,,,,,,,,,,,,,,,,33.8032222,-118.0576488
"DRIVER SAFETY AWARENESS PROGRAM, INC.",,"16909 Parthenia Street, #104B,Northridge, CA 91343",(818) 830-8870,,,,,,Spanish,Last Updated: 3/26/2024 12:15:33 PM,False,False,True,False,False,False,False,False,False,False,False,False,False,False,False,False,False,False,False,False,,,,,,,,,,,,,,,,,,,,,,,,,,,,,34.2345615,-118.5369316
TWIN PALMS RECOVERY CENTER,,"130 South 1st Street,City Of Industry, CA 91744",(626) 968-8875,,,,,,"English, Spanish",Last Updated: 5/17/2023 7:58:23 AM,False,False,True,False,False,False,False,False,False,False,False,False,False,False,False,False,False,False,False,False,,,,,,,,,,,,,,,,,,,,,,,,,,,,,34.0102602,-117.9167735
"BEHAVIORAL HEALTH SERVICES, INC.",Secondary Agency Name:,,(562) 435-7350,,,RBHAdult - F: 0,,,English,Last Updated: 11/26/2025 10:48:00 AM,True,False,True,False,False,False,False,False,True,True,False,False,False,False,False,False,False,False,False,False,,,,,,,,,,,,,,,,,,,,,,,,,,,,,34.0188584,-118.2042581
LOS ANGELES CENTERS FOR ALCOHOL AND DRUG ABUSE,,,(562) 863-0987,,,RBHAdult - F: 0,,,English,Last Updated: 11/26/2025 9:07:12 AM,True,False,True,False,False,False,False,False,True,True,False,False,False,False,False,False,False,False,False,False,,,,,,,,,,,,,,,,,,,,,,,,,,,,,34.0451634,-118.2432327
"HOUSE OF HOPE FOUNDATION, INC.",,,(310) 831-9411,,,RBHAdult - F: 0,,,English,Last Updated: 11/26/2025 9:45:49 AM,True,False,True,False,False,False,False,False,True,True,False,False,False,False,False,False,False,False,False,False,,,,,,,,,,,,,,,,,,,,,,,,,,,,,33.7359312,-118.2815917
"BEHAVIORAL HEALTH SERVICES, INC.",Secondary Agency Name:,"590 West 8th Street,San Pedro, CA 90731",(310) 831-2358,,,,,,"English, Spanish",Last Updated: 11/26/2025 6:59:42 AM,False,True,True,False,False,False,False,False,False,False,False,False,False,False,False,False,False,False,False,False,,,,,,,,,,,,,,,,,,,,,,,,,,,,,33.7370315,-118.289825
"HOUSE OF HOPE FOUNDATION, INC.",,"205 West 9th Street,San Pedro, CA 90731",(310) 521-9209,,,,,,English,Last Updated: 11/26/2025 9:45:49 AM,False,True,True,False,False,False,False,False,False,False,False,False,False,False,False,False,False,False,False,False,,,,,,,,,,,,,,,,,,,,,,,,,,,,,33.7359312,-118.2815917
"HOUSE OF HOPE FOUNDATION, INC.",,"221, 223, 225, 227, 229, 235 West 9th Street,San Pedro, CA 90731",(877) 403-8016,,,RS(3.1)Adult - F: 0RS(3.5)Adult - F: 0,,,English,Last Updated: 11/26/2025 9:45:49 AM,True,False,True,False,False,False,False,False,True,True,False,False,False,False,False,False,False,False,False,False,,,,,,,,,,,,,,,,,,,,,,,,,,,,,33.7359322,-118.2818983
BEACON HOUSE ASSOCIATION OF SAN PEDRO (THE),,"132 West 10th Street,San Pedro, CA 90731",(310) 514-4940,,,RS(3.1)Adult - M: 0,,,English,Last Updated: 11/25/2025 8:40:41 AM,True,False,True,False,False,False,False,True,False,True,False,False,False,False,False,False,False,False,False,False,,,,,,,,,,,,,,,,,,,,,,,,,,,,,33.735186,-118.2808014
BEACON HOUSE ASSOCIATION OF SAN PEDRO (THE),,"103 West 11th Street,San Pedro, CA 90731",(310) 514-4940,,,,,,English,Last Updated: 11/25/2025 8:40:41 AM,False,True,True,False,False,False,False,False,False,False,False,False,False,False,False,False,False,False,False,False,,,,,,,,,,,,,,,,,,,,,,,,,,,,,33.7341131,-118.2806168
"TARZANA TREATMENT CENTERS, INC.",,"18646 Oxnard Street,Tarzana, CA 91356",(800) 996-1051,,,RS(3.1)Adult - M: 0Adult - F: 0RS(3.3)Adult - M: 0Adult - F: 0RS(3.5)Adult - M: 0Adult - F: 0R-WMAdult - M: 0Adult - F: 0I-WMAdult - M: 0Adult - F: 0,,,"Armenian, English, Russian, Spanish, Tagalog",Last Updated: 11/26/2025 8:57:57 AM,False,True,True,True,True,True,True,True,True,True,False,False,False,False,False,False,False,False,False,False,,,,,,,,,,,,,,,,,,,,,,,,,,,,,34.1794458,-118.5398562
"FRED BROWN'S RECOVERY SERVICES, INC.",,"270, 276, and 278 West 14th Street,San Pedro, CA 90731",(310) 519-8723,,,RS(3.1)Adult - M: 0RS(3.5)Adult - M: 0,,,English,Last Updated: 11/26/2025 8:15:42 AM,True,False,True,False,False,False,False,True,False,True,False,False,False,False,False,False,False,False,False,False,,,,,,,,,,,,,,,,,,,,,,,,,,,,,33.7315656,-118.2830317
"TARZANA TREATMENT CENTERS, INC.",,"6005 Yolanda Avenue,Tarzana, CA 91356",(800) 996-1051,,,,,,Spanish,Last Updated: 11/26/2025 8:52:40 AM,False,True,True,True,False,False,False,False,False,False,False,False,False,False,False,False,False,False,False,False,,,,,,,,,,,,,,,,,,,,,,,,,,,,,34.1787051,-118.5408292
"TARZANA TREATMENT CENTERS, INC.",,"18700 Oxnard Street,Tarzana, CA 91356",(800) 996-1051,,,,,,"English, Spanish",Last Updated: 11/26/2025 8:57:57 AM,False,True,True,True,False,False,False,False,False,False,False,False,False,False,False,False,False,False,False,False,,,,,,,,,,,,,,,,,,,,,,,,,,,,,34.180112,-118.540882
"FRED BROWN'S RECOVERY SERVICES, INC.",,,(310) 519-8723,,,RBHAdult - M: 0,,,English,Last Updated: 11/26/2025 8:15:42 AM,True,False,True,False,False,False,False,True,False,True,False,False,False,False,False,False,False,False,False,False,,,,,,,,,,,,,,,,,,,,,,,,,,,,,33.7315656,-118.2830317
WESTERN PACIFIC MED-CORP,,"7232 Canby Avenue, Suites 4,5,6,Reseda, CA 91335",(818) 705-5561,,,,,,"English, Thai",Last Updated: 11/26/2025 4:55:36 AM,True,False,True,False,False,False,True,False,False,False,False,False,False,False,False,False,False,False,False,False,,,,,,,,,,,,,,,,,,,,,,,,,,,,,34.200768,-118.5356869
"TARZANA TREATMENT CENTERS, INC.",,,(800) 996-1051,,,RBHAdult - M: 2,,,English,Last Updated: 11/26/2025 8:57:56 AM,True,False,True,False,False,False,False,True,False,True,False,False,False,False,False,False,False,False,False,False,,,,,,,,,,,,,,,,,,,,,,,,,,,,,33.9220616,-118.2392221
"FRED BROWN'S RECOVERY SERVICES, INC.",,"505 South Pacific Avenue, Unit 104, 105, 106, 205, 206,San Pedro, CA 90731",(310) 833-7400,,,,,,"English, Spanish",Last Updated: 11/26/2025 8:15:42 AM,False,True,True,False,False,False,False,False,False,False,False,False,False,False,False,False,False,False,False,False,,,,,,,,,,,,,,,,,,,,,,,,,,,,,33.7395131,-118.2879962
"FRED BROWN'S RECOVERY SERVICES, INC.",,,(310) 519-8723,,,RBHAdult - F: 0,,,English,Last Updated: 11/26/2025 8:15:42 AM,True,False,True,False,False,False,False,False,True,True,False,False,False,False,False,False,False,False,False,False,,,,,,,,,,,,,,,,,,,,,,,,,,,,,33.7315656,-118.2830317
"FRED BROWN'S RECOVERY SERVICES, INC.",,,(310) 519-8723,,,RBHAdult - F: 0,,,English,Last Updated: 11/26/2025 8:15:42 AM,True,False,True,False,False,False,False,False,True,True,False,False,False,False,False,False,False,False,False,False,,,,,,,,,,,,,,,,,,,,,,,,,,,,,33.7315656,-118.2830317
"FRED BROWN'S RECOVERY SERVICES, INC.",,,(310) 519-8723,,,RBHAdult - F: 0,,,English,Last Updated: 11/26/2025 8:15:42 AM,True,False,True,False,False,False,False,False,True,True,False,False,False,False,False,False,False,False,False,False,,,,,,,,,,,,,,,,,,,,,,,,,,,,,33.7315656,-118.2830317
"FRED BROWN'S RECOVERY SERVICES, INC.",,,(310) 519-8723,,,RBHAdult - F: 0,,,English,Last Updated: 11/26/2025 8:15:42 AM,True,False,True,False,False,False,False,False,True,True,False,False,False,False,False,False,False,False,False,False,,,,,,,,,,,,,,,,,,,,,,,,,,,,,33.7315656,-118.2830317
"HOUSE OF HOPE FOUNDATION, INC.",,,(310) 521-9209,,,RBHAdult - F: 0,,,English,Last Updated: 11/26/2025 9:45:49 AM,True,False,True,False,False,False,False,False,True,True,False,False,False,False,False,False,False,False,False,False,,,,,,,,,,,,,,,,,,,,,,,,,,,,,33.7359312,-118.2815917
"HOUSE OF HOPE FOUNDATION, INC.",,,(310) 521-9209,,,RBHAdult - F: 0,,,English,Last Updated: 11/26/2025 9:45:49 AM,True,False,True,False,False,False,False,False,True,True,False,False,False,False,False,False,False,False,False,False,,,,,,,,,,,,,,,,,,,,,,,,,,,,,33.7359312,-118.2815917
"HOUSE OF HOPE FOUNDATION, INC.",,,(310) 521-9209,,,RBHAdult - F: 0,,,English,Last Updated: 11/26/2025 9:45:49 AM,True,False,True,False,False,False,False,False,True,True,False,False,False,False,False,False,False,False,False,False,,,,,,,,,,,,,,,,,,,,,,,,,,,,,33.7359312,-118.2815917
"HOUSE OF HOPE FOUNDATION, INC.",,,(310) 831-9411,,,RBHAdult - F: 0,,,English,Last Updated: 11/26/2025 9:45:49 AM,True,False,True,False,False,False,False,False,True,True,False,False,False,False,False,False,False,False,False,False,,,,,,,,,,,,,,,,,,,,,,,,,,,,,33.7359312,-118.2815917
"HOUSE OF HOPE FOUNDATION, INC.",,,(310) 521-9209,,,RBHAdult - F: 0,,,English,Last Updated: 11/26/2025 9:45:49 AM,True,False,True,False,False,False,False,False,True,True,False,False,False,False,False,False,False,False,False,False,,,,,,,,,,,,,,,,,,,,,,,,,,,,,33.7359312,-118.2815917
"FRED BROWN'S RECOVERY SERVICES, INC.",Secondary Agency Name:,,(310) 519-8723,,,RBHAdult - M: 0Adult - F: 0,,,English,Last Updated: 11/26/2025 8:15:41 AM,True,False,True,False,False,False,False,True,True,True,False,False,False,False,False,False,False,False,False,False,,,,,,,,,,,,,,,,,,,,,,,,,,,,,33.7315656,-118.2830317
"FRED BROWN'S RECOVERY SERVICES, INC.",,,(310) 519-8723,,,RBHAdult - M: 0Adult - F: 0,,,English,Last Updated: 11/26/2025 8:15:42 AM,True,False,True,False,False,False,False,True,True,True,False,False,False,False,False,False,False,False,False,False,,,,,,,,,,,,,,,,,,,,,,,,,,,,,33.7315656,-118.2830317
"FRED BROWN'S RECOVERY SERVICES, INC.",Secondary Agency Name:,,(310) 519-8723,,,RBHAdult - M: 0,,,English,Last Updated: 11/26/2025 8:15:41 AM,True,False,True,False,False,False,False,True,False,True,False,False,False,False,False,False,False,False,False,False,,,,,,,,,,,,,,,,,,,,,,,,,,,,,33.7315656,-118.2830317
"FRED BROWN'S RECOVERY SERVICES, INC.",,,(310) 519-8723,,,RBHAdult - M: 0,,,English,Last Updated: 11/26/2025 8:15:41 AM,True,False,True,False,False,False,False,True,False,True,False,False,False,False,False,False,False,False,False,False,,,,,,,,,,,,,,,,,,,,,,,,,,,,,33.7315656,-118.2830317
"FRED BROWN'S RECOVERY SERVICES, INC.",,,(310) 519-8723,,,RBHAdult - M: 0,,,English,Last Updated: 11/26/2025 8:15:41 AM,True,False,True,False,False,False,False,True,False,True,False,False,False,False,False,False,False,False,False,False,,,,,,,,,,,,,,,,,,,,,,,,,,,,,33.7315656,-118.2830317
"FRED BROWN'S RECOVERY SERVICES, INC.",,,(310) 519-8723,,,RBHAdult - M: 0,,,English,Last Updated: 11/26/2025 8:15:42 AM,True,False,True,False,False,False,False,True,False,True,False,False,False,False,False,False,False,False,False,False,,,,,,,,,,,,,,,,,,,,,,,,,,,,,33.7315656,-118.2830317
"FRED BROWN'S RECOVERY SERVICES, INC.",,,(310) 519-8723,,,RBHAdult - M: 0,,,English,Last Updated: 11/26/2025 8:15:42 AM,True,False,True,False,False,False,False,True,False,True,False,False,False,False,False,False,False,False,False,False,,,,,,,,,,,,,,,,,,,,,,,,,,,,,33.7315656,-118.2830317
"FRED BROWN'S RECOVERY SERVICES, INC.",,,(310) 519-8723,,,RBHAdult - M: 0,,,English,Last Updated: 11/26/2025 8:15:42 AM,True,False,True,False,False,False,False,True,False,True,False,False,False,False,False,False,False,False,False,False,,,,,,,,,,,,,,,,,,,,,,,,,,,,,33.7315656,-118.2830317
"FRED BROWN'S RECOVERY SERVICES, INC.",,,(310) 519-8723,,,RBHAdult - M: 0,,,English,Last Updated: 11/26/2025 8:15:42 AM,True,False,True,False,False,False,False,True,False,True,False,False,False,False,False,False,False,False,False,False,,,,,,,,,,,,,,,,,,,,,,,,,,,,,33.7315656,-118.2830317
"FRED BROWN'S RECOVERY SERVICES, INC.",,,(310) 519-8723,,,RBHAdult - M: 0,,,English,Last Updated: 11/26/2025 8:15:42 AM,True,False,True,False,False,False,False,True,False,True,False,False,False,False,False,False,False,False,False,False,,,,,,,,,,,,,,,,,,,,,,,,,,,,,33.7315656,-118.2830317
"FRED BROWN'S RECOVERY SERVICES, INC.",,,(310) 519-8723,,,RBHAdult - M: 0,,,English,Last Updated: 11/26/2025 8:15:42 AM,True,False,True,False,False,False,False,True,False,True,False,False,False,False,False,False,False,False,False,False,,,,,,,,,,,,,,,,,,,,,,,,,,,,,33.7315656,-118.2830317
"FRED BROWN'S RECOVERY SERVICES, INC.",,,(310) 519-8723,,,RBHAdult - M: 0,,,English,Last Updated: 11/26/2025 8:15:42 AM,True,False,True,False,False,False,False,True,False,True,False,False,False,False,False,False,False,False,False,False,,,,,,,,,,,,,,,,,,,,,,,,,,,,,33.7315656,-118.2830317
"TARZANA TREATMENT CENTERS, INC.",,"7101 Baird Avenue,Reseda, CA 91335",(800) 996-1051,,,,,,"English, Spanish",Last Updated: 11/26/2025 8:52:40 AM,False,True,True,True,False,False,False,False,False,False,False,False,False,False,False,False,False,False,False,False,,,,,,,,,,,,,,,,,,,,,,,,,,,,,34.199418,-118.537433
"FRED BROWN'S RECOVERY SERVICES, INC.",,,(310) 519-8723,,,RBHAdult - F: 0,,,English,Last Updated: 11/26/2025 8:15:42 AM,True,False,True,False,False,False,False,False,True,True,False,False,False,False,False,False,False,False,False,False,,,,,,,,,,,,,,,,,,,,,,,,,,,,,33.7315656,-118.2830317
"TARZANA TREATMENT CENTERS, INC.",,,(800) 996-1051,,,RBHAdult - F: 2,,,Spanish,Last Updated: 11/26/2025 9:03:08 AM,True,False,True,False,False,False,False,False,True,True,False,False,False,False,False,False,False,False,False,False,,,,,,,,,,,,,,,,,,,,,,,,,,,,,33.9220616,-118.2392221
"TARZANA TREATMENT CENTERS, INC.",,,(800) 996-1051,,,RBHAdult - F: 2,,,English,Last Updated: 11/26/2025 8:57:56 AM,True,False,True,False,False,False,False,False,True,True,False,False,False,False,False,False,False,False,False,False,,,,,,,,,,,,,,,,,,,,,,,,,,,,,33.9220616,-118.2392221
"TARZANA TREATMENT CENTERS, INC.",,,(800) 996-1051,,,RBHAdult - F: 2,,,English,Last Updated: 11/26/2025 8:57:56 AM,True,False,True,False,False,False,False,False,True,True,False,False,False,False,False,False,False,False,False,False,,,,,,,,,,,,,,,,,,,,,,,,,,,,,33.9220616,-118.2392221
"TARZANA TREATMENT CENTERS, INC.",,,(800) 996-1051,,,RBHAdult - M: 2,,,English,Last Updated: 11/26/2025 9:03:08 AM,True,False,True,False,False,False,False,True,False,True,False,False,False,False,False,False,False,False,False,False,,,,,,,,,,,,,,,,,,,,,,,,,,,,,33.9220616,-118.2392221
"TARZANA TREATMENT CENTERS, INC.",,,(800) 996-1051,,,RBHAdult - M: 2,,,English,Last Updated: 11/26/2025 9:03:08 AM,True,False,True,False,False,False,False,True,False,True,False,False,False,False,False,False,False,False,False,False,,,,,,,,,,,,,,,,,,,,,,,,,,,,,33.9220616,-118.2392221
"TARZANA TREATMENT CENTERS, INC.",,,(800) 996-1051,,,RBHAdult - M: 2,,,English,Last Updated: 11/26/2025 8:57:56 AM,True,False,True,False,False,False,False,True,False,True,False,False,False,False,False,False,False,False,False,False,,,,,,,,,,,,,,,,,,,,,,,,,,,,,33.9220616,-118.2392221
"TARZANA TREATMENT CENTERS, INC.",,,(800) 996-1051,,,RBHAdult - M: 2,,,Spanish,Last Updated: 11/26/2025 9:39:48 AM,True,False,True,False,False,False,False,True,False,True,False,False,False,False,False,False,False,False,False,False,,,,,,,,,,,,,,,,,,,,,,,,,,,,,33.9220616,-118.2392221
"SAFETY EDUCATION CENTER, INC.",,"18700 Sherman Way, Suite 117,Reseda, CA 91335",(818) 708-1198,,,,,,Spanish,Last Updated: 5/21/2025 9:40:43 AM,False,False,True,False,False,False,False,False,False,False,False,False,False,False,False,False,False,False,False,False,,,,,,,,,,,,,,,,,,,,,,,,,,,,,34.200976,-118.540563
"TARZANA TREATMENT CENTERS, INC.",,"8330 Reseda Boulevard,Northridge, CA 91324",(800) 996-1051,,,,,,"English, Spanish",Last Updated: 11/26/2025 8:52:40 AM,False,True,True,True,False,False,False,False,False,False,False,False,False,False,False,False,False,False,False,False,,,,,,,,,,,,,,,,,,,,,,,,,,,,,34.2214008,-118.5359802
"AEGIS TREATMENT CENTERS, LLC",,"1825 East Thelborn Street,West Covina, CA 91790",(626) 915-3844,,,,,,"English, Spanish",Last Updated: 11/26/2025 8:50:40 AM,True,False,True,False,False,False,True,False,False,False,False,False,False,False,False,False,False,False,False,False,,,,,,,,,,,,,,,,,,,,,,,,,,,,,34.0773812,-117.9073915
"SOCIAL MODEL RECOVERY SYSTEMS, INC.",,,(877) 507-6242,,,RBHAdult - F: 0,,,English,Last Updated: 11/26/2025 8:23:35 AM,True,False,True,False,False,False,False,False,True,True,False,False,False,False,False,False,False,False,False,False,,,,,,,,,,,,,,,,,,,,,,,,,,,,,34.0613924,-118.2719932
"TARZANA TREATMENT CENTERS, INC.",,,(800) 996-1051,,,RBHAdult - M: 2,,,Spanish,Last Updated: 11/26/2025 9:39:48 AM,True,False,True,False,False,False,False,True,False,True,False,False,False,False,False,False,False,False,False,False,,,,,,,,,,,,,,,,,,,,,,,,,,,,,33.9220616,-118.2392221
"SOCIAL MODEL RECOVERY SYSTEMS, INC.",Secondary Agency Name:,"17719 East Cypress Street,Covina, CA 91722",(877) 507-6242,,,RS(3.1)Adult - F: 0RS(3.5)Adult - F: 0R-WMAdult - F: 1,,,Spanish,Last Updated: 11/26/2025 4:39:12 PM,True,False,True,False,True,False,False,False,True,True,False,False,False,False,False,False,False,False,False,False,,,,,,,,,,,,,,,,,,,,,,,,,,,,,34.0958062,-117.9034476
"SOCIAL MODEL RECOVERY SYSTEMS, INC.",Secondary Agency Name:,"17727 East Cypress Street,Covina, CA 91722",(877) 507-6242,,,RS(3.1)Adult - F: 4RS(3.5)Adult - F: 4R-WMAdult - F: 0,,,Spanish,Last Updated: 11/26/2025 4:39:12 PM,True,False,True,False,True,False,False,False,True,True,False,False,False,False,False,False,False,False,False,False,,,,,,,,,,,,,,,,,,,,,,,,,,,,,34.0958063,-117.9032835
ABC TRAFFIC SAFETY PROGRAM,,"453 East Arrow Highway, Suite I,Azusa, CA 91702",(626) 967-6363,,,,,,Spanish,Last Updated: 10/8/2024 10:36:18 AM,False,False,True,False,False,False,False,False,False,False,False,False,False,False,False,False,False,False,False,False,,,,,,,,,,,,,,,,,,,,,,,,,,,,,34.1067176,-117.8993896
"TARZANA TREATMENT CENTERS, INC.",,,(800) 996-1051,,,RBHAdult - F: 2,,,English,Last Updated: 11/26/2025 9:03:07 AM,True,False,True,False,False,False,False,False,True,True,False,False,False,False,False,False,False,False,False,False,,,,,,,,,,,,,,,,,,,,,,,,,,,,,33.9220616,-118.2392221
"SOCIAL MODEL RECOVERY SYSTEMS, INC.",Secondary Agency Name:,"510 South Second Avenue, Suites 6 & 7,Covina, CA 91723",(877) 507-6242,,,,,,Spanish,Last Updated: 11/25/2025 9:43:54 AM,True,False,True,False,False,False,False,False,False,False,False,False,False,False,False,False,False,False,False,False,,,,,,,,,,,,,,,,,,,,,,,,,,,,,34.0877926,-117.8891164
CENTER FOR INTEGRATED FAMILY AND HEALTH SERVICES,Secondary Agency Name:,"540 South Eremland Drive, Suites A-D,Covina, CA 91723",(626) 966-1577,,,,,,"English, Spanish",Last Updated: 11/12/2025 2:57:33 PM,False,True,True,False,False,False,False,False,False,False,False,False,False,False,False,False,False,False,False,False,,,,,,,,,,,,,,,,,,,,,,,,,,,,,34.0877926,-117.8891164
TAVARUA MEDICAL REHABILITATION SERVICES D.B.A. AZUSA MEDICAL AND MENTAL HEALTH SERVICES,,"474 South Citrus Avenue,Azusa, CA 91702",(626) 858-9500,,,,,,"English, Spanish",Last Updated: 11/24/2025 8:03:37 AM,True,False,True,False,False,False,True,False,False,False,False,False,False,False,False,False,False,False,False,False,,,,,,,,,,,,,,,,,,,,,,,,,,,,,34.1152147,-117.8900922
"TARZANA TREATMENT CENTERS, INC.",,,(800) 996-1051,,,RBHAdult - M: 2,,,English,Last Updated: 11/26/2025 9:03:07 AM,True,False,True,False,False,False,False,True,False,True,False,False,False,False,False,False,False,False,False,False,,,,,,,,,,,,,,,,,,,,,,,,,,,,,33.9220616,-118.2392221
"TARZANA TREATMENT CENTERS, INC.",Secondary Agency Name:,,(800) 996-1051,,,RBHAdult - M: 2,,,English,Last Updated: 11/26/2025 9:03:07 AM,True,False,True,False,False,False,False,True,False,True,False,False,False,False,False,False,False,False,False,False,,,,,,,,,,,,,,,,,,,,,,,,,,,,,33.9220616,-118.2392221
"TARZANA TREATMENT CENTERS, INC.",,"Winnetka, CA 91306",(800) 996-1051,,,RBHAdult - M: 2,,,Spanish,Last Updated: 11/26/2025 8:51:27 AM,True,False,True,False,False,False,False,True,False,True,False,False,False,False,False,False,False,False,False,False,,,,,,,,,,,,,,,,,,,,,,,,,,,,,34.2013207,-118.5711037
"TARZANA TREATMENT CENTERS, INC.",,,(800) 996-1051,,,RBHAdult - M: 2,,,English,Last Updated: 11/26/2025 8:57:57 AM,True,False,True,False,False,False,False,True,False,True,False,False,False,False,False,False,False,False,False,False,,,,,,,,,,,,,,,,,,,,,,,,,,,,,33.9220616,-118.2392221
"TARZANA TREATMENT CENTERS, INC.",,"6022 Variel Avenue,Woodland Hills, CA 91367",(800) 996-1051,,,,,,"American Sign Language, English, Farsi",Last Updated: 11/26/2025 9:39:48 AM,False,True,True,True,False,False,False,False,False,False,False,False,False,False,False,False,False,False,False,False,,,,,,,,,,,,,,,,,,,,,,,,,,,,,34.1797476,-118.592674
"NATIONAL COUNCIL ON ALCOHOLISM AND DRUG DEPENDENCE OF EAST SAN GABRIEL AND POMONA VALLEYS, INC.",,"4626 North Grand Avenue,Covina, CA 91724",(626) 331-5316,,,,,,"English, Spanish",Last Updated: 11/24/2025 9:16:01 AM,True,False,True,False,False,False,False,False,False,False,False,False,False,False,False,False,False,False,False,False,,,,,,,,,,,,,,,,,,,,,,,,,,,,,34.1049391,-117.8725475
"TARZANA TREATMENT CENTERS, INC.",,,(800) 996-1051,,,RBHAdult - M: 2,,,English,Last Updated: 11/26/2025 8:57:57 AM,True,False,True,False,False,False,False,True,False,True,False,False,False,False,False,False,False,False,False,False,,,,,,,,,,,,,,,,,,,,,,,,,,,,,33.9220616,-118.2392221
"TARZANA TREATMENT CENTERS, INC.",,,(800) 996-1051,,,RBHAdult - M: 2,,,Spanish,Last Updated: 11/26/2025 8:57:57 AM,True,False,True,False,False,False,False,True,False,True,False,False,False,False,False,False,False,False,False,False,,,,,,,,,,,,,,,,,,,,,,,,,,,,,33.9220616,-118.2392221
"CALIFORNIA DIVERSION PROGRAMS, INC.",,"21054 Sherman Way, Suite 205 ,Canoga Park, CA 91303",(818) 716-0188,,,,,,"English, Spanish",Last Updated: 6/30/2017 8:26:04 AM,False,False,True,False,False,False,False,False,False,False,False,False,False,False,False,False,False,False,False,False,,,,,,,,,,,,,,,,,,,,,,,,,,,,,34.2012374,-118.5918004
"TARZANA TREATMENT CENTERS, INC.",,,(800) 996-1051,,,RBHAdult - M: 2,,,English,Last Updated: 11/26/2025 8:51:27 AM,True,False,True,False,False,False,False,True,False,True,False,False,False,False,False,False,False,False,False,False,,,,,,,,,,,,,,,,,,,,,,,,,,,,,33.9220616,-118.2392221
"RANCHO SAN ANTONIO BOYS HOME, INC.",,"21000 Plummer Street,Chatsworth, CA 91311",(818) 882-6400,,,,,,"English, Spanish",Last Updated: 11/25/2025 11:34:27 AM,False,True,True,True,False,False,False,False,False,False,False,False,False,False,False,False,False,False,False,False,,,,,,,,,,,,,,,,,,,,,,,,,,,,,34.242636,-118.590315
"ALT RECOVERY GROUP 2, LLC",,"20946 Devonshire Street, 100,Chatsworth, CA 91311",(818) 626-8053,,,,,,English,Last Updated: 11/8/2022 6:13:47 AM,True,False,True,False,False,False,True,False,False,False,False,False,False,False,False,False,False,False,False,False,,,,,,,,,,,,,,,,,,,,,,,,,,,,,34.2571601,-118.5896007
"SOCIAL MODEL RECOVERY SYSTEMS, INC.",Secondary Agency Name:,,(877) 507-6242,,,RBHAdult - M: 0,,,English,Last Updated: 11/26/2025 8:23:35 AM,True,False,True,False,False,False,False,True,False,True,False,False,False,False,False,False,False,False,False,False,,,,,,,,,,,,,,,,,,,,,,,,,,,,,34.0613924,-118.2719932
"SAFETY CONSULTANT SERVICES, INC.",,"25044 Peachland Avenue, Suite 207,Newhall, CA 91321",(661) 255-7720,,,,,,English,Last Updated: 5/7/2024 2:02:10 PM,False,False,True,False,False,False,False,False,False,False,False,False,False,False,False,False,False,False,False,False,,,,,,,,,,,,,,,,,,,,,,,,,,,,,34.3798765,-118.5291917
CHILD & FAMILY CENTER,,"21545 Centre Pointe Parkway,Santa Clarita, CA 91350",(661) 481-2801,,,,,,"English, Spanish",Last Updated: 11/26/2025 8:40:46 AM,False,True,True,False,False,False,False,False,False,False,False,False,False,False,False,False,False,False,False,False,,,,,,,,,,,,,,,,,,,,,,,,,,,,,34.4135904,-118.5143449
"BEHAVIORAL HEALTH SERVICES, INC.",Secondary Agency Name:,"2180 West Valley Boulevard, Floors 100, 300 and 400,Pomona, CA 91768",(909) 865-2336,,,RS(3.1)Adult - M: 0Adult - F: 0RS(3.3)Adult - M: 0Adult - F: 0RS(3.5)Adult - M: 0Adult - F: 0R-WMAdult - M: 0Adult - F: 0,,,"English, Spanish",Last Updated: 11/26/2025 7:33:26 AM,True,False,True,False,True,False,False,True,True,True,False,False,False,False,False,False,False,False,False,False,,,,,,,,,,,,,,,,,,,,,,,,,,,,,34.0553813,-117.7517496
"BEHAVIORAL HEALTH SERVICES, INC.",Secondary Agency Name:,"2180 West Valley Boulevard, Outpatient Office, Meeting Room, Ground Floor,Pomona, CA 91768",(909) 865-2336,,,,,,"English, Spanish",Last Updated: 11/26/2025 7:33:26 AM,False,True,True,True,False,False,False,False,False,False,False,False,False,False,False,False,False,False,False,False,,,,,,,,,,,,,,,,,,,,,,,,,,,,,34.0553813,-117.7517496
"BEHAVIORAL HEALTH SERVICES, INC.",Secondary Agency Name:,"2180 West Valley Boulevard, Floor 200,Pomona, CA 91768",(909) 865-2336,,,RS(3.1)Adult - M: 0Adult - F: 0RS(3.3)Adult - M: 0Adult - F: 0RS(3.5)Adult - M: 0Adult - F: 0R-WMAdult - M: 0Adult - F: 0I-WMAdult - M: 0Adult - F: 0,,,"English, Spanish",Last Updated: 11/26/2025 7:33:26 AM,True,False,True,False,True,True,False,True,True,True,False,False,False,False,False,False,False,False,False,False,,,,,,,,,,,,,,,,,,,,,,,,,,,,,34.0553813,-117.7517496
NATIONAL COUNCIL ON ALCOHOLISM AND DRUG DEPENDENCE OF THE SAN FERNANDO VALLEY,,"24460 Lyons Avenue,Santa Clarita, CA 91321",(661) 253-9400,,,,,,English,Last Updated: 11/26/2025 8:40:43 AM,True,False,True,False,False,False,False,False,False,False,False,False,False,False,False,False,False,False,False,False,,,,,,,,,,,,,,,,,,,,,,,,,,,,,34.3781771,-118.5621926
REHABILITATION ALCOHOL PROGRAM,,"1025 Sentinel Drive, Suite 100,La Verne, CA 91750",(909) 596-5335,,,,,,Spanish,Last Updated: 4/30/2025 11:41:51 AM,False,False,True,False,False,False,False,False,False,False,False,False,False,False,False,False,False,False,False,False,,,,,,,,,,,,,,,,,,,,,,,,,,,,,34.1189689,-117.7853725
"ACTION FAMILY COUNSELING-SCV, INC.",Secondary Agency Name:,"22722 Soledad Canyon Road,Santa Clarita, CA 91350",(800) 367-8336,,,,,,English,Last Updated: 11/26/2025 9:12:22 AM,False,True,True,False,False,False,False,False,False,False,False,False,False,False,False,False,False,False,False,False,,,,,,,,,,,,,,,,,,,,,,,,,,,,,34.4213348,-118.5336815
"TARZANA TREATMENT CENTERS, INC.",,,(800) 996-1051,,,RBHAdult - M: 2Adult - F: 0,,,English,Last Updated: 11/26/2025 8:57:57 AM,True,False,True,False,False,False,False,True,True,True,False,False,False,False,False,False,False,False,False,False,,,,,,,,,,,,,,,,,,,,,,,,,,,,,33.9220616,-118.2392221
"SOCIAL MODEL RECOVERY SYSTEMS, INC.",Secondary Agency Name:,"23701 East Fork Road,Azusa, CA 91702",(877) 507-6242,,,RS(3.3)Adult - M: 0Adult - F: 0RS(3.5)Adult - M: 0Adult - F: 0,,,English,Last Updated: 11/26/2025 1:27:45 PM,True,False,True,False,False,False,False,True,True,True,False,False,False,False,False,False,False,False,False,False,,,,,,,,,,,,,,,,,,,,,,,,,,,,,34.1338751,-117.9056046
HEALTHRIGHT 360,Secondary Agency Name:,,(909) 621-9052,,,RBHAdult - F: 0,,,English,Last Updated: 11/25/2025 7:01:20 AM,True,False,True,False,False,False,False,False,True,True,False,False,False,False,False,False,False,False,False,False,,,,,,,,,,,,,,,,,,,,,,,,,,,,,33.9220616,-118.2392221
"NATIONAL COUNCIL ON ALCOHOLISM AND DRUG DEPENDENCE OF EAST SAN GABRIEL AND POMONA VALLEYS, INC.",,"656 North Park Avenue,Pomona, CA 91768",(909) 629-4084,,,,,,English,Last Updated: 11/19/2025 9:55:14 AM,True,False,True,False,False,False,False,False,False,False,False,False,False,False,False,False,False,False,False,False,,,,,,,,,,,,,,,,,,,,,,,,,,,,,34.0640018,-117.7546261
"PHOENIX HOUSES OF LOS ANGELES, INC.",Secondary Agency Name:,"1207 East Fruit Street,Santa Ana, CA 92701",(714) 953-9373,,,RS(3.1)Adult - M: 0Adult - F: 2RS(3.5)Adult - M: 0Adult - F: 2R-WMAdult - F: 2,,,"English, Farsi, Spanish",Last Updated: 11/26/2025 9:02:47 AM,True,False,True,False,True,False,False,True,True,True,False,False,False,False,False,False,False,False,False,False,,,,,,,,,,,,,,,,,,,,,,,,,,,,,33.7530323,-117.853489
"AEGIS TREATMENT CENTERS, LLC",,"1050 North Garey Avenue,Pomona, CA 91767",(909) 623-6391,,,,,,"English, Spanish",Last Updated: 11/26/2025 8:50:40 AM,True,False,True,False,False,False,True,False,False,False,False,False,False,False,False,False,False,False,False,False,,,,,,,,,,,,,,,,,,,,,,,,,,,,,34.0682287,-117.7519343
HEALTHRIGHT 360,,,(909) 624-1233,,,RBHAdult - F: 0,,,English,Last Updated: 11/25/2025 7:01:20 AM,True,False,True,False,False,False,False,False,True,True,False,False,False,False,False,False,False,False,False,False,,,,,,,,,,,,,,,,,,,,,,,,,,,,,33.9220616,-118.2392221
HEALTHRIGHT 360,,,(909) 624-1233,,,RBHAdult - F: 0,,,English,Last Updated: 11/25/2025 7:01:20 AM,True,False,True,False,False,False,False,False,True,True,False,False,False,False,False,False,False,False,False,False,,,,,,,,,,,,,,,,,,,,,,,,,,,,,33.9220616,-118.2392221
HEALTHRIGHT 360,,,(909) 624-1233,,,RBHAdult - F: 0Youth - F: 0,,,English,Last Updated: 11/25/2025 7:01:20 AM,True,False,True,False,False,False,False,False,True,True,False,True,False,False,False,False,False,False,False,False,,,,,,,,,,,,,,,,,,,,,,,,,,,,,33.9220616,-118.2392221
"BEHAVIORAL HEALTH SERVICES, INC.",Secondary Agency Name:,,(909) 865-1831,,,RBHAdult - M: 0Adult - F: 0,,,"English, Spanish",Last Updated: 11/26/2025 7:33:26 AM,True,False,True,False,False,False,False,True,True,True,False,False,False,False,False,False,False,False,False,False,,,,,,,,,,,,,,,,,,,,,,,,,,,,,34.0188584,-118.2042581
HEALTHRIGHT 360,Secondary Agency Name:,"831 East Arrow Highway,Pomona, CA 91767",(909) 634-2950,,,,,,"English, Spanish",Last Updated: 11/24/2025 9:59:13 AM,False,True,True,False,False,False,False,False,False,False,False,False,False,False,False,False,False,False,False,False,,,,,,,,,,,,,,,,,,,,,,,,,,,,,34.0553813,-117.7517496
HEALTHRIGHT 360,Secondary Agency Name:,"845 East Arrow Highway,Pomona, CA 91767",(909) 634-2950,,,RS(3.1)Adult - F: 0RS(3.3)Adult - F: 0RS(3.5)Adult - F: 0,,,"English, Spanish",Last Updated: 11/25/2025 7:01:23 AM,True,False,True,False,False,False,False,False,True,True,False,False,False,False,False,False,False,False,False,False,,,,,,,,,,,,,,,,,,,,,,,,,,,,,34.0553813,-117.7517496
"TARZANA TREATMENT CENTERS, INC.",,"320 East Palmdale Boulevard,Palmdale, CA 93550",(800) 996-1051,,,,,,"English, Spanish",Last Updated: 11/26/2025 8:56:00 AM,False,True,True,True,False,False,True,False,False,False,False,False,False,False,False,False,False,False,False,False,,,,,,,,,,,,,,,,,,,,,,,,,,,,,34.5797747,-118.1243362
"TARZANA TREATMENT CENTERS, INC.",,"1037 East Palmdale Boulevard,Palmdale, CA 93550",(800) 996-1051,,,,,,Spanish,Last Updated: 11/26/2025 8:57:57 AM,False,True,True,False,False,False,False,False,False,False,False,False,False,False,False,False,False,False,False,False,,,,,,,,,,,,,,,,,,,,,,,,,,,,,34.5796531,-118.1104214
AMERICAN HEALTH SERVICES LLC,,"2720 East Palmdale Boulevard, Suites 129, 130, 131,Palmdale, CA 93550",(661) 947-3333,,,,,,"English, Spanish",Last Updated: 11/24/2025 8:03:37 AM,True,False,True,False,False,False,True,False,False,False,False,False,False,False,False,False,False,False,False,False,,,,,,,,,,,,,,,,,,,,,,,,,,,,,34.5793131,-118.11711
INLAND VALLEY DRUG AND ALCOHOL RECOVERY SERVICES,,"934 North Mountain Avenue, Suites A, B, C, & D,Upland, CA 91786",(909) 949-4667,,,,,,"English, Spanish",Last Updated: 11/25/2025 10:48:52 AM,False,True,True,False,False,False,False,False,False,False,False,False,False,False,False,False,False,False,False,False,,,,,,,,,,,,,,,,,,,,,,,,,,,,,34.09751,-117.6483876
INLAND VALLEY DRUG AND ALCOHOL RECOVERY SERVICES,,"1260 East Arrow Highway, Building B & C,Upland, CA 91786",(909) 932-1069,,,RS(3.1)Adult - M: 0Adult - F: 0RS(3.5)Adult - M: 0Adult - F: 1R-WMAdult - M: 0Adult - F: 0,,,English,Last Updated: 11/26/2025 10:40:01 AM,True,False,True,False,True,False,False,True,True,True,False,False,False,False,False,False,False,False,False,False,,,,,,,,,,,,,,,,,,,,,,,,,,,,,34.09751,-117.6483876
PENNY LANE CENTERS,,"43520 Division Street,Lancaster, CA 93535",(818) 430-4445,,,,,,"English, Spanish",Last Updated: 11/21/2025 8:30:23 AM,False,True,True,False,False,False,False,False,False,False,False,False,False,False,False,False,False,False,False,False,,,,,,,,,,,,,,,,,,,,,,,,,,,,,34.6734842,-118.1296628
"TARZANA TREATMENT CENTERS, INC.",,,(800) 996-1051,,,RBHAdult - M: 2,,,English,Last Updated: 11/26/2025 8:59:00 AM,True,False,True,False,False,False,False,True,False,True,False,False,False,False,False,False,False,False,False,False,,,,,,,,,,,,,,,,,,,,,,,,,,,,,33.9220616,-118.2392221
"TARZANA TREATMENT CENTERS, INC.",Secondary Agency Name:,,(800) 996-1051,,,RBHAdult - M: 2Adult - F: 0,,,English,Last Updated: 11/26/2025 8:59:00 AM,True,False,True,False,False,False,False,True,True,True,False,False,False,False,False,False,False,False,False,False,,,,,,,,,,,,,,,,,,,,,,,,,,,,,33.9220616,-118.2392221
"NEW DIRECTIONS ALCOHOL AND DRUG SERVICES, INC.",,"1331 West Avenue J, Suite 206,Lancaster, CA 93534",(661) 802-7167,,,,,,English,Last Updated: 11/26/2025 9:07:14 AM,False,True,True,False,False,False,False,False,False,False,False,False,False,False,False,False,False,False,False,False,,,,,,,,,,,,,,,,,,,,,,,,,,,,,34.6895439,-118.154858
"TARZANA TREATMENT CENTERS, INC.",,"44421 10th Street, West,Lancaster, CA 93534",(800) 996-1051,,,,,,"English, Russian, Spanish",Last Updated: 11/26/2025 8:56:00 AM,False,True,True,True,False,False,False,False,False,False,False,False,False,False,False,False,False,False,False,False,,,,,,,,,,,,,,,,,,,,,,,,,,,,,34.690747,-118.1481227
"TARZANA TREATMENT CENTERS, INC.",,"44443 North 10th Street, West, Suite A,Lancaster, CA 93534",(800) 996-1051,,,,,,"English, Spanish",Last Updated: 11/26/2025 8:56:00 AM,False,True,True,True,False,False,False,False,False,False,False,False,False,False,False,False,False,False,False,False,,,,,,,,,,,,,,,,,,,,,,,,,,,,,34.6909267,-118.1481222
"TARZANA TREATMENT CENTERS, INC.",,"44447 North 10th Street, Building D,Lancaster, CA 93534",(800) 996-1051,,,,,,"English, Spanish",Last Updated: 11/19/2025 8:07:54 AM,False,True,True,False,False,False,False,False,False,False,False,False,False,False,False,False,False,False,False,False,,,,,,,,,,,,,,,,,,,,,,,,,,,,,34.6909593,-118.1481222
"TARZANA TREATMENT CENTERS, INC.",,"44447 North 10th Street, West, Building A,Lancaster, CA 93534",(800) 996-1051,,,,,,"English, Spanish",Last Updated: 11/26/2025 8:56:00 AM,False,True,True,True,False,False,False,False,False,False,False,False,False,False,False,False,False,False,False,False,,,,,,,,,,,,,,,,,,,,,,,,,,,,,34.6909593,-118.1481222
"TARZANA TREATMENT CENTERS, INC.",,"44447 North 10th Street, West, Building C,Lancaster, CA 93534",(800) 996-1051,,,RS(3.1)Youth - M: 5Youth - F: 5RS(3.5)Youth - M: 5Youth - F: 5,,,"English, Spanish",Last Updated: 11/26/2025 8:56:00 AM,True,False,True,False,False,False,False,False,False,False,False,True,False,False,False,False,False,False,False,False,,,,,,,,,,,,,,,,,,,,,,,,,,,,,34.6909593,-118.1481222
"TARZANA TREATMENT CENTERS, INC.",,"44447 North 10th Street, Building B,Lancaster, CA 93534",(800) 996-1051,,,RS(3.1)Adult - M: 0Adult - F: 0RS(3.3)Adult - M: 0Adult - F: 0RS(3.5)Adult - M: 1Adult - F: 1R-WMAdult - M: 0Adult - F: 0,,,"Armenian, English, Spanish",Last Updated: 11/26/2025 8:56:00 AM,True,False,True,False,True,False,False,True,True,True,False,False,False,False,False,False,False,False,False,False,,,,,,,,,,,,,,,,,,,,,,,,,,,,,34.6909593,-118.1481222
"TARZANA TREATMENT CENTERS, INC.",,"44459 North 10th Street, West,Lancaster, CA 93534",(800) 996-1051,,,,,,"English, Spanish",Last Updated: 11/26/2025 8:53:00 AM,False,True,True,True,False,False,False,False,False,False,False,False,False,False,False,False,False,False,False,False,,,,,,,,,,,,,,,,,,,,,,,,,,,,,34.6910573,-118.1481219
"TARZANA TREATMENT CENTERS, INC.",,,(800) 996-1051,,,RBHAdult - F: 2,,,English,Last Updated: 11/26/2025 8:51:27 AM,True,False,True,False,False,False,False,False,True,True,False,False,False,False,False,False,False,False,False,False,,,,,,,,,,,,,,,,,,,,,,,,,,,,,33.9220616,-118.2392221
"TARZANA TREATMENT CENTERS, INC.",,,(800) 996-1051,,,RBHAdult - F: 2,,,English,Last Updated: 11/26/2025 8:51:27 AM,True,False,True,False,False,False,False,False,True,True,False,False,False,False,False,False,False,False,False,False,,,,,,,,,,,,,,,,,,,,,,,,,,,,,33.9220616,-118.2392221
"TARZANA TREATMENT CENTERS, INC.",,,(800) 996-1051,,,RBHAdult - M: 2,,,English,Last Updated: 11/26/2025 8:51:27 AM,True,False,True,False,False,False,False,True,False,True,False,False,False,False,False,False,False,False,False,False,,,,,,,,,,,,,,,,,,,,,,,,,,,,,33.9220616,-118.2392221
"TARZANA TREATMENT CENTERS, INC.",,"907 West Lancaster Boulevard,Lancaster, CA 93534",(800) 996-1051,,,,,,"English, Spanish",Last Updated: 11/26/2025 8:52:40 AM,False,True,True,True,False,False,False,False,False,False,False,False,False,False,False,False,False,False,False,False,,,,,,,,,,,,,,,,,,,,,,,,,,,,,34.6975125,-118.1471564
ABC TRAFFIC SAFETY PROGRAM,,"44746 North Beech Avenue,Lancaster, CA 93534",(661) 945-8683,,,,,,"English, Spanish",Last Updated: 6/30/2017 7:57:09 AM,False,False,True,False,False,False,False,False,False,False,False,False,False,False,False,False,False,False,False,False,,,,,,,,,,,,,,,,,,,,,,,,,,,,,34.6981064,-118.1366153
"HIGH ROAD PROGRAM, THE",,"44823 Date Avenue,Lancaster, CA 93534",(661) 942-2241,,,,,,"English, Spanish",Last Updated: 6/30/2017 7:53:25 AM,False,False,True,False,False,False,False,False,False,False,False,False,False,False,False,False,False,False,False,False,,,,,,,,,,,,,,,,,,,,,,,,,,,,,34.6965935,-118.1406407
WESTERN PACIFIC MED-CORP,,"45335 Sierra Highway,Lancaster, CA 93534",(661) 949-8599,,,,,,"English, Spanish",Last Updated: 11/26/2025 4:55:52 AM,True,False,True,False,False,False,True,False,False,False,False,False,False,False,False,False,False,False,False,False,,,,,,,,,,,,,,,,,,,,,,,,,,,,,34.7067019,-118.1383784
"TARZANA TREATMENT CENTERS, INC.",,,(800) 996-1051,,,RBHAdult - M: 2,,,English,Last Updated: 11/26/2025 8:59:00 AM,True,False,True,False,False,False,False,True,False,True,False,False,False,False,False,False,False,False,False,False,,,,,,,,,,,,,,,,,,,,,,,,,,,,,33.9220616,-118.2392221
